time_bin,rssi_ap1,rssi_ap2,rssi_ap3,rssi_ap4,rssi_ap5,rssi_ap6,rssi_ap7,rssi_ap8,rssi_ap9,rssi_ap10,rssi_ap11,room_name
2017-04-10 13:33:14+00:00,-85.0,-79.0,-84.5,-88.0,-82.0,-87.66666666666667,-71.75,-69.0,-75.66666666666667,-78.0,-53.0,living_area_A
2017-04-10 13:33:15+00:00,-88.8,-84.33333333333333,-74.0,-84.75,-82.25,-83.0,-69.0,-68.0,-70.33333333333333,-85.0,-59.25,living_area_A
2017-04-10 13:33:16+00:00,-79.0,-84.0,-82.33333333333333,-85.5,-88.5,-79.5,-70.0,-69.0,-70.0,-82.33333333333333,-52.25,living_area_A
2017-04-10 13:33:17+00:00,-86.75,-85.5,-76.0,-82.2,-85.75,-82.0,-72.66666666666667,-66.75,-70.75,-82.33333333333333,-61.0,living_area_A
2017-04-10 13:33:18+00:00,-92.0,-76.66666666666667,-78.0,-82.5,-85.66666666666667,-83.33333333333333,-73.66666666666667,-66.2,-68.5,-86.5,-53.6,living_area_A
2017-04-10 13:33:19+00:00,-85.0,-82.66666666666667,-82.0,-81.75,-81.4,-83.0,-74.0,-68.0,-66.5,-83.4,-52.5,living_area_A
2017-04-10 13:33:20+00:00,-80.0,-80.8,-89.0,-84.33333333333333,-76.66666666666667,-82.75,-73.0,-65.66666666666667,-67.0,-84.0,-56.2,living_area_A
2017-04-10 13:33:21+00:00,-81.25,-78.25,-86.0,-82.33333333333333,-74.5,-81.0,-67.8,-67.0,-57.75,-80.33333333333333,-58.6,living_area_A
2017-04-10 13:33:22+00:00,-78.0,-81.0,-83.0,-91.5,-75.8,-77.8,-77.5,-73.25,-66.2,-84.6,-63.333333333333336,living_area_A
2017-04-10 13:33:23+00:00,-79.25,-81.0,-86.0,-89.0,-76.66666666666667,-79.5,-70.2,-76.0,-65.0,-85.5,-61.4,living_area_A
2017-04-10 13:33:24+00:00,-88.0,-84.25,-83.0,-78.66666666666667,-81.33333333333333,-73.33333333333333,-65.75,-69.75,-54.666666666666664,-81.66666666666667,-50.333333333333336,living_area_A
2017-04-10 13:33:25+00:00,-90.5,-83.0,-86.0,-88.2,-69.33333333333333,-84.33333333333333,-70.4,-81.0,-55.4,-78.25,-64.6,living_area_A
2017-04-10 13:33:26+00:00,-85.4,-81.5,-87.75,-85.0,-82.0,-75.5,-73.6,-73.33333333333333,-64.25,-89.33333333333333,-67.0,living_area_A
2017-04-10 13:33:27+00:00,-85.25,-80.0,-79.0,-88.0,-78.0,-85.6,-64.5,-72.0,-46.5,-86.8,-56.8,living_area_A
2017-04-10 13:33:28+00:00,-78.33333333333333,-73.5,-78.0,-94.0,-80.75,-80.4,-70.0,-72.2,-55.5,-83.75,-59.8,living_area_A
2017-04-10 13:33:29+00:00,-79.33333333333333,-76.33333333333333,-83.5,-90.0,-80.66666666666667,-75.25,-71.5,-68.0,-59.25,-81.5,-53.0,living_area_A
2017-04-10 13:33:30+00:00,-76.0,-79.25,-83.66666666666667,-83.66666666666667,-85.0,-75.25,-68.5,-66.5,-62.0,-77.66666666666667,-66.75,living_area_A
2017-04-10 13:33:31+00:00,-82.5,-76.33333333333333,-83.33333333333333,-85.33333333333333,-79.5,-79.75,-70.0,-68.33333333333333,-70.33333333333333,-83.33333333333333,-59.0,living_area_A
2017-04-10 13:33:32+00:00,-78.75,-83.2,-82.5,-86.66666666666667,-87.0,-80.33333333333333,-70.25,-72.0,-63.666666666666664,-93.5,-68.0,living_area_A
2017-04-10 13:33:33+00:00,-83.0,-81.0,-78.0,-94.0,-83.0,-71.0,-66.33333333333333,-69.2,-61.5,-82.25,-60.0,living_area_A
2017-04-10 13:33:34+00:00,-77.33333333333333,-81.5,-86.25,-85.0,-77.0,-80.0,-71.0,-70.4,-71.0,-86.0,-64.5,living_area_A
2017-04-10 13:33:35+00:00,-81.0,-70.0,-92.2,-96.0,-77.5,-84.25,-75.33333333333333,-70.8,-55.0,-89.0,-60.0,living_area_A
2017-04-10 13:33:36+00:00,-81.0,-83.33333333333333,-79.0,-85.5,-77.75,-84.75,-71.8,-66.66666666666667,-62.666666666666664,-120.0,-63.4,living_area_A
2017-04-10 13:33:37+00:00,-81.6,-77.33333333333333,-79.66666666666667,-88.4,-83.75,-74.0,-61.666666666666664,-69.4,-63.8,-82.0,-59.6,living_area_A
2017-04-10 13:33:38+00:00,-87.0,-86.8,-120.0,-120.0,-75.0,-120.0,-70.66666666666667,-70.6,-51.333333333333336,-82.66666666666667,-59.4,living_area_A
2017-04-10 13:33:39+00:00,-81.33333333333333,-84.4,-82.5,-89.5,-79.66666666666667,-79.33333333333333,-67.33333333333333,-66.25,-48.0,-88.66666666666667,-66.0,living_area_A
2017-04-10 13:33:40+00:00,-82.4,-79.0,-86.0,-90.75,-77.5,-77.25,-69.5,-68.6,-71.25,-81.5,-56.0,living_area_A
2017-04-10 13:33:41+00:00,-80.0,-84.5,-120.0,-84.0,-78.4,-79.6,-72.75,-71.0,-73.0,-87.0,-53.25,living_area_A
2017-04-10 13:33:42+00:00,-79.4,-79.5,-120.0,-95.0,-84.0,-75.5,-78.25,-69.0,-70.2,-85.0,-56.25,living_area_A
2017-04-10 13:33:43+00:00,-84.5,-88.0,-77.0,-94.0,-80.66666666666667,-73.8,-73.5,-68.0,-56.0,-87.75,-58.5,living_area_A
2017-04-10 13:33:44+00:00,-86.0,-77.66666666666667,-81.0,-87.5,-74.4,-78.5,-68.33333333333333,-70.75,-68.33333333333333,-84.25,-57.25,living_area_A
2017-04-10 13:33:45+00:00,-86.66666666666667,-76.5,-82.0,-88.5,-84.6,-79.4,-69.8,-72.8,-59.333333333333336,-83.4,-66.2,living_area_A
2017-04-10 13:33:46+00:00,-82.4,-79.4,-90.0,-78.0,-85.25,-77.0,-73.0,-75.0,-61.5,-80.33333333333333,-66.6,living_area_A
2017-04-10 13:33:47+00:00,-80.0,-79.0,-83.0,-83.0,-81.25,-75.0,-68.0,-76.0,-56.0,-81.0,-62.0,living_area_A
2017-04-10 13:33:48+00:00,-120.0,-83.75,-78.4,-81.0,-62.666666666666664,-71.25,-74.75,-85.75,-51.0,-86.5,-66.75,living_area_A
2017-04-10 13:33:49+00:00,-120.0,-81.0,-78.0,-71.5,-70.75,-67.66666666666667,-66.0,-83.25,-53.4,-71.5,-72.0,living_area_A
2017-04-10 13:33:50+00:00,-91.0,-80.33333333333333,-74.66666666666667,-69.0,-78.4,-68.0,-70.75,-82.66666666666667,-56.0,-86.2,-78.2,living_area_B
2017-04-10 13:33:51+00:00,-81.0,-82.5,-70.75,-76.66666666666667,-78.5,-74.75,-87.66666666666667,-79.5,-66.4,-80.25,-73.6,living_area_B
2017-04-10 13:33:52+00:00,-120.0,-85.33333333333333,-72.6,-77.0,-80.33333333333333,-68.6,-84.0,-85.25,-67.0,-93.5,-75.25,living_area_B
2017-04-10 13:33:53+00:00,-77.33333333333333,-78.25,-76.0,-78.75,-73.33333333333333,-87.0,-77.2,-83.0,-70.6,-80.0,-78.75,living_area_B
2017-04-10 13:33:54+00:00,-86.5,-76.25,-67.5,-80.33333333333333,-74.0,-70.25,-78.33333333333333,-80.4,-74.0,-77.5,-77.0,living_area_B
2017-04-10 13:33:55+00:00,-86.4,-81.5,-76.25,-76.75,-73.6,-66.0,-76.66666666666667,-77.33333333333333,-71.5,-89.0,-59.666666666666664,living_area_B
2017-04-10 13:33:56+00:00,-84.33333333333333,-83.75,-74.8,-87.5,-83.0,-67.5,-72.6,-78.0,-56.75,-82.5,-56.2,living_area_A
2017-04-10 13:33:57+00:00,-92.75,-81.5,-67.8,-83.0,-77.66666666666667,-77.2,-68.25,-74.75,-53.666666666666664,-82.0,-54.0,living_area_A
2017-04-10 13:33:58+00:00,-87.0,-75.8,-76.0,-80.5,-69.0,-76.25,-73.0,-78.66666666666667,-60.6,-79.66666666666667,-53.333333333333336,living_area_A
2017-04-10 13:34:29+00:00,-82.75,-67.0,-76.8,-71.66666666666667,-76.0,-67.4,-65.66666666666667,-76.33333333333333,-61.5,-73.0,-62.6,living_area_B
2017-04-10 13:34:30+00:00,-85.6,-66.25,-75.33333333333333,-81.4,-77.2,-61.2,-69.0,-76.75,-76.6,-74.6,-67.0,living_area_A
2017-04-10 13:34:31+00:00,-85.8,-77.2,-86.5,-79.0,-79.25,-74.0,-77.5,-67.5,-65.5,-75.33333333333333,-68.25,living_area_A
2017-04-10 13:34:32+00:00,-68.0,-77.4,-79.0,-82.66666666666667,-72.66666666666667,-74.0,-67.75,-65.25,-64.75,-78.33333333333333,-66.33333333333333,living_area_A
2017-04-10 13:34:33+00:00,-73.5,-74.4,-82.2,-84.5,-85.75,-74.5,-77.25,-70.75,-72.75,-75.0,-70.8,living_area_A
2017-04-10 13:34:34+00:00,-82.33333333333333,-86.8,-85.75,-91.0,-83.0,-70.5,-64.25,-77.2,-64.25,-88.0,-68.66666666666667,living_area_A
2017-04-10 13:34:35+00:00,-74.0,-82.2,-88.66666666666667,-89.33333333333333,-78.75,-81.0,-73.33333333333333,-77.66666666666667,-60.25,-73.0,-70.0,living_area_A
2017-04-10 13:34:36+00:00,-80.0,-62.25,-95.0,-76.66666666666667,-79.0,-64.0,-72.66666666666667,-70.66666666666667,-62.5,-69.25,-71.0,living_area_A
2017-04-10 13:34:37+00:00,-85.0,-73.0,-80.5,-81.75,-74.33333333333333,-68.5,-69.5,-77.2,-71.33333333333333,-71.75,-71.5,living_area_A
2017-04-10 13:34:38+00:00,-68.0,-94.0,-96.0,-89.5,-74.5,-77.0,-78.33333333333333,-73.0,-64.33333333333333,-78.6,-79.5,kitchen
2017-04-10 13:34:39+00:00,-66.0,-97.0,-98.0,-120.0,-89.0,-88.0,-86.5,-62.0,-78.66666666666667,-90.0,-86.6,kitchen
2017-04-10 13:34:40+00:00,-72.25,-90.0,-92.5,-120.0,-80.66666666666667,-81.0,-86.66666666666667,-41.2,-75.0,-93.0,-84.4,kitchen
2017-04-10 13:34:41+00:00,-69.5,-87.0,-89.33333333333333,-120.0,-83.66666666666667,-84.5,-94.33333333333333,-45.666666666666664,-67.0,-92.0,-75.0,kitchen
2017-04-10 13:34:42+00:00,-73.0,-101.0,-120.0,-90.5,-84.25,-81.5,-82.0,-53.6,-74.8,-88.6,-80.25,kitchen
2017-04-10 13:34:43+00:00,-78.5,-86.0,-86.5,-95.0,-82.0,-80.0,-87.0,-50.6,-67.0,-80.0,-76.25,kitchen
2017-04-10 13:34:44+00:00,-79.0,-86.0,-100.0,-120.0,-75.75,-83.0,-86.33333333333333,-54.0,-71.5,-79.2,-69.66666666666667,kitchen
2017-04-10 13:34:45+00:00,-74.0,-120.0,-100.0,-89.0,-73.33333333333333,-81.5,-89.33333333333333,-51.5,-61.333333333333336,-86.66666666666667,-83.4,kitchen
2017-04-10 13:34:46+00:00,-83.0,-87.2,-93.0,-86.66666666666667,-75.6,-72.4,-87.75,-52.5,-66.25,-82.2,-77.33333333333333,kitchen
2017-04-10 13:34:47+00:00,-71.0,-87.5,-84.66666666666667,-84.0,-66.25,-71.5,-77.5,-67.25,-71.0,-85.33333333333333,-82.0,living_area_A
2017-04-10 13:34:48+00:00,-70.8,-95.0,-77.75,-82.5,-68.66666666666667,-73.75,-75.2,-71.0,-52.8,-80.33333333333333,-80.2,living_area_A
2017-04-10 13:34:50+00:00,-81.75,-94.66666666666667,-120.0,-120.0,-78.0,-82.0,-86.25,-52.25,-75.75,-89.0,-84.5,kitchen
2017-04-10 13:34:51+00:00,-75.4,-120.0,-120.0,-120.0,-84.5,-81.0,-82.0,-60.75,-84.5,-95.0,-88.0,kitchen
2017-04-10 13:34:53+00:00,-64.33333333333333,-89.0,-82.0,-84.0,-84.25,-82.75,-120.0,-65.66666666666667,-81.0,-83.33333333333333,-81.33333333333333,kitchen
2017-04-10 13:34:54+00:00,-64.5,-93.0,-87.75,-80.0,-82.0,-88.0,-76.5,-58.25,-75.66666666666667,-88.6,-77.33333333333333,kitchen
2017-04-10 13:34:55+00:00,-66.33333333333333,-89.66666666666667,-80.0,-84.0,-80.25,-81.5,-82.5,-61.25,-62.25,-89.33333333333333,-79.0,kitchen
2017-04-10 13:34:56+00:00,-75.33333333333333,-95.5,-91.5,-82.0,-82.66666666666667,-93.0,-86.0,-67.66666666666667,-73.5,-90.0,-78.4,kitchen
2017-04-10 13:34:57+00:00,-70.0,-83.0,-120.0,-93.0,-82.75,-84.0,-120.0,-57.666666666666664,-75.33333333333333,-86.75,-87.4,kitchen
2017-04-10 13:35:02+00:00,-77.25,-95.0,-120.0,-120.0,-83.5,-85.8,-98.0,-68.5,-82.0,-89.5,-89.0,kitchen
2017-04-10 13:35:03+00:00,-82.0,-120.0,-120.0,-120.0,-84.0,-85.0,-120.0,-67.5,-84.66666666666667,-120.0,-90.0,kitchen
2017-04-10 13:35:04+00:00,-74.25,-120.0,-84.0,-120.0,-90.0,-84.5,-92.0,-68.0,-85.0,-87.0,-93.33333333333333,kitchen
2017-04-10 13:35:05+00:00,-78.5,-89.25,-120.0,-90.0,-90.0,-86.0,-84.33333333333333,-52.6,-77.25,-86.66666666666667,-72.0,kitchen
2017-04-10 13:35:06+00:00,-71.0,-120.0,-89.0,-120.0,-81.75,-76.66666666666667,-91.5,-46.75,-77.5,-90.0,-82.6,kitchen
2017-04-10 13:35:07+00:00,-67.66666666666667,-97.0,-93.0,-120.0,-82.0,-84.0,-86.5,-57.6,-83.66666666666667,-83.0,-69.33333333333333,kitchen
2017-04-10 13:35:08+00:00,-70.4,-97.0,-90.0,-120.0,-91.4,-74.0,-91.5,-50.25,-79.0,-91.0,-68.25,kitchen
2017-04-10 13:35:09+00:00,-64.0,-120.0,-120.0,-120.0,-86.33333333333333,-83.0,-90.66666666666667,-42.75,-73.75,-89.0,-77.0,kitchen
2017-04-10 13:35:10+00:00,-66.0,-82.33333333333333,-98.5,-96.0,-86.0,-72.0,-83.5,-60.333333333333336,-69.25,-75.33333333333333,-75.4,kitchen
2017-04-10 13:35:14+00:00,-76.4,-91.5,-96.0,-120.0,-88.5,-76.66666666666667,-87.0,-54.666666666666664,-75.66666666666667,-85.0,-80.8,kitchen
2017-04-10 13:35:15+00:00,-81.0,-84.0,-85.33333333333333,-83.5,-86.33333333333333,-75.0,-84.33333333333333,-53.75,-76.75,-80.0,-73.5,living_area_A
2017-04-10 13:35:16+00:00,-82.0,-83.66666666666667,-75.5,-74.66666666666667,-72.25,-73.4,-73.6,-66.4,-54.666666666666664,-80.25,-67.6,living_area_A
2017-04-10 13:35:17+00:00,-84.0,-77.8,-76.75,-84.6,-69.25,-76.5,-66.0,-80.0,-63.4,-75.33333333333333,-56.333333333333336,living_area_A
2017-04-10 13:35:18+00:00,-84.5,-80.66666666666667,-79.5,-76.8,-81.5,-74.25,-70.33333333333333,-76.0,-55.8,-78.66666666666667,-61.0,living_area_A
2017-04-10 13:35:19+00:00,-87.0,-79.25,-81.0,-82.66666666666667,-79.66666666666667,-77.33333333333333,-63.8,-78.75,-49.25,-86.5,-62.5,living_area_A
2017-04-10 13:35:20+00:00,-120.0,-80.5,-70.5,-82.75,-66.25,-71.8,-53.0,-87.75,-59.8,-65.5,-83.33333333333333,living_area_A
2017-04-10 13:35:21+00:00,-78.0,-70.75,-81.0,-83.33333333333333,-71.33333333333333,-70.0,-68.4,-83.0,-68.25,-66.25,-77.33333333333333,living_area_A
2017-04-10 13:35:22+00:00,-77.0,-76.5,-77.5,-79.4,-74.75,-73.75,-73.5,-74.6,-56.5,-75.0,-70.6,living_area_A
2017-04-10 13:35:23+00:00,-78.5,-85.0,-86.5,-91.5,-75.8,-80.25,-80.5,-72.33333333333333,-74.5,-79.0,-69.25,living_area_A
2017-04-10 13:35:24+00:00,-70.6,-89.0,-91.0,-84.0,-89.25,-86.0,-80.66666666666667,-53.0,-73.25,-79.33333333333333,-73.66666666666667,kitchen
2017-04-10 13:35:26+00:00,-64.5,-94.0,-120.0,-120.0,-92.66666666666667,-86.0,-78.0,-55.0,-77.25,-85.0,-82.75,kitchen
2017-04-10 13:35:27+00:00,-69.6,-84.0,-87.0,-120.0,-86.8,-78.5,-80.0,-54.75,-76.5,-83.5,-81.0,kitchen
2017-04-10 13:35:28+00:00,-70.0,-88.0,-120.0,-120.0,-86.66666666666667,-84.0,-91.5,-59.333333333333336,-80.0,-90.0,-71.33333333333333,kitchen
2017-04-10 13:35:35+00:00,-66.4,-91.33333333333333,-98.0,-120.0,-97.5,-97.0,-81.5,-55.75,-74.33333333333333,-82.0,-82.33333333333333,kitchen
2017-04-10 13:35:36+00:00,-76.0,-83.0,-96.0,-120.0,-83.0,-88.33333333333333,-95.0,-61.75,-80.5,-92.25,-72.2,kitchen
2017-04-10 13:35:37+00:00,-73.33333333333333,-89.66666666666667,-87.0,-120.0,-87.25,-82.0,-85.0,-56.0,-79.0,-120.0,-79.5,kitchen
2017-04-10 13:35:38+00:00,-63.5,-120.0,-120.0,-120.0,-82.5,-80.0,-87.0,-57.2,-120.0,-86.0,-74.0,kitchen
2017-04-10 13:35:39+00:00,-70.2,-120.0,-120.0,-120.0,-82.33333333333333,-83.75,-89.0,-53.333333333333336,-69.0,-87.66666666666667,-76.33333333333333,kitchen
2017-04-10 13:35:40+00:00,-66.25,-90.5,-85.0,-120.0,-81.2,-90.0,-89.5,-53.5,-77.33333333333333,-91.66666666666667,-76.0,kitchen
2017-04-10 13:35:41+00:00,-70.6,-120.0,-86.0,-120.0,-93.5,-91.0,-90.5,-53.8,-69.0,-91.66666666666667,-81.0,kitchen
2017-04-10 13:35:42+00:00,-61.75,-96.0,-120.0,-120.0,-82.33333333333333,-79.33333333333333,-82.5,-51.0,-64.0,-89.33333333333333,-81.0,kitchen
2017-04-10 13:35:43+00:00,-69.2,-87.0,-120.0,-120.0,-85.66666666666667,-78.33333333333333,-87.5,-58.0,-75.66666666666667,-88.0,-78.0,kitchen
2017-04-10 13:35:44+00:00,-74.25,-92.66666666666667,-120.0,-120.0,-85.0,-85.4,-95.0,-46.2,-76.0,-84.75,-83.66666666666667,kitchen
2017-04-10 13:35:45+00:00,-79.0,-88.75,-90.0,-120.0,-91.0,-88.5,-83.0,-54.0,-73.0,-90.75,-77.66666666666667,kitchen
2017-04-10 13:35:46+00:00,-68.75,-90.0,-120.0,-120.0,-84.33333333333333,-81.8,-92.0,-64.66666666666667,-94.0,-97.0,-86.66666666666667,kitchen
2017-04-10 13:35:49+00:00,-69.0,-89.5,-120.0,-120.0,-89.5,-88.5,-90.0,-64.25,-80.5,-88.0,-80.5,kitchen
2017-04-10 13:35:53+00:00,-73.6,-79.33333333333333,-87.0,-85.5,-69.0,-73.0,-76.66666666666667,-54.75,-73.33333333333333,-84.33333333333333,-71.75,kitchen
2017-04-10 13:35:54+00:00,-78.33333333333333,-84.66666666666667,-80.25,-83.33333333333333,-70.75,-79.0,-120.0,-59.5,-70.0,-76.0,-77.8,kitchen
2017-04-10 13:35:59+00:00,-65.0,-87.66666666666667,-90.0,-85.0,-81.0,-88.5,-83.2,-67.66666666666667,-75.6,-82.0,-79.5,kitchen
2017-04-10 13:36:00+00:00,-67.2,-82.66666666666667,-81.66666666666667,-80.0,-82.33333333333333,-84.5,-83.5,-63.4,-66.0,-83.75,-77.75,kitchen
2017-04-10 13:36:01+00:00,-68.25,-88.0,-120.0,-120.0,-84.0,-90.0,-92.66666666666667,-66.5,-72.0,-98.0,-81.33333333333333,kitchen
2017-04-10 13:36:02+00:00,-71.5,-86.0,-84.0,-120.0,-80.66666666666667,-89.0,-88.5,-54.2,-67.0,-88.0,-83.8,kitchen
2017-04-10 13:36:03+00:00,-69.5,-87.5,-87.66666666666667,-86.0,-73.5,-77.0,-74.0,-52.25,-65.0,-78.66666666666667,-68.5,kitchen
2017-04-10 13:36:09+00:00,-71.5,-86.5,-89.5,-91.5,-78.33333333333333,-74.8,-85.0,-59.0,-71.0,-81.8,-78.5,kitchen
2017-04-10 13:36:10+00:00,-78.5,-88.5,-92.0,-120.0,-93.75,-90.0,-88.33333333333333,-49.6,-77.5,-93.0,-67.25,kitchen
2017-04-10 13:36:11+00:00,-72.5,-91.0,-92.0,-83.0,-80.0,-88.0,-84.25,-58.0,-66.5,-82.66666666666667,-78.66666666666667,kitchen
2017-04-10 13:36:12+00:00,-75.25,-100.0,-91.75,-120.0,-85.5,-81.0,-94.5,-58.666666666666664,-76.5,-81.0,-75.8,kitchen
2017-04-10 13:36:13+00:00,-76.5,-85.0,-91.5,-120.0,-97.33333333333333,-80.75,-96.0,-54.666666666666664,-84.0,-86.6,-73.5,kitchen
2017-04-10 13:36:14+00:00,-76.33333333333333,-120.0,-94.0,-120.0,-79.66666666666667,-82.66666666666667,-88.0,-54.0,-78.5,-89.0,-79.33333333333333,kitchen
2017-04-10 13:36:15+00:00,-77.75,-88.5,-91.5,-83.0,-84.25,-78.0,-91.33333333333333,-55.6,-75.0,-85.0,-80.8,kitchen
2017-04-10 13:36:16+00:00,-75.33333333333333,-85.0,-89.33333333333333,-120.0,-83.25,-80.25,-88.5,-62.0,-72.0,-91.0,-77.33333333333333,kitchen
2017-04-10 13:36:17+00:00,-68.8,-85.0,-85.66666666666667,-89.0,-90.25,-73.75,-81.5,-54.333333333333336,-73.66666666666667,-92.0,-75.25,kitchen
2017-04-10 13:36:18+00:00,-64.25,-120.0,-88.0,-120.0,-82.0,-77.66666666666667,-79.0,-46.0,-69.0,-92.0,-73.0,kitchen
2017-04-10 13:36:20+00:00,-68.66666666666667,-120.0,-120.0,-120.0,-87.0,-80.5,-88.0,-63.0,-89.0,-100.0,-82.0,kitchen
2017-04-10 13:36:21+00:00,-71.66666666666667,-93.25,-120.0,-120.0,-87.0,-91.5,-93.66666666666667,-60.0,-77.33333333333333,-87.5,-77.5,kitchen
2017-04-10 13:36:22+00:00,-75.4,-99.5,-88.0,-120.0,-84.33333333333333,-92.0,-90.66666666666667,-56.5,-77.75,-90.5,-80.0,kitchen
2017-04-10 13:36:25+00:00,-66.5,-88.33333333333333,-120.0,-120.0,-83.66666666666667,-94.0,-88.0,-54.333333333333336,-74.25,-88.0,-81.25,kitchen
2017-04-10 13:36:44+00:00,-63.666666666666664,-89.33333333333333,-120.0,-120.0,-83.6,-90.0,-120.0,-56.8,-77.33333333333333,-94.0,-84.5,kitchen
2017-04-10 13:36:46+00:00,-62.0,-85.0,-82.0,-120.0,-92.0,-80.33333333333333,-83.0,-55.0,-86.0,-87.33333333333333,-78.25,kitchen
2017-04-10 13:36:50+00:00,-65.0,-88.0,-120.0,-120.0,-89.0,-82.0,-120.0,-57.75,-79.8,-99.0,-84.25,kitchen
2017-04-10 13:36:52+00:00,-72.25,-88.0,-96.0,-120.0,-92.5,-89.0,-92.5,-57.0,-77.5,-87.33333333333333,-81.6,kitchen
2017-04-10 13:36:53+00:00,-77.2,-103.0,-89.5,-120.0,-80.33333333333333,-90.33333333333333,-98.0,-52.5,-83.0,-83.0,-85.2,kitchen
2017-04-10 13:36:54+00:00,-64.25,-120.0,-85.0,-120.0,-89.66666666666667,-78.75,-87.0,-57.0,-80.0,-96.66666666666667,-77.66666666666667,kitchen
2017-04-10 13:36:55+00:00,-74.75,-93.0,-100.0,-120.0,-92.66666666666667,-90.0,-120.0,-49.6,-74.33333333333333,-120.0,-76.33333333333333,kitchen
2017-04-10 13:36:56+00:00,-67.6,-88.66666666666667,-89.0,-120.0,-89.33333333333333,-81.33333333333333,-83.0,-46.0,-80.0,-81.66666666666667,-76.5,kitchen
2017-04-10 13:36:57+00:00,-68.5,-86.66666666666667,-120.0,-120.0,-82.75,-79.25,-88.33333333333333,-40.0,-75.0,-86.0,-71.2,kitchen
2017-04-10 13:37:00+00:00,-76.25,-92.0,-120.0,-120.0,-90.66666666666667,-89.33333333333333,-85.0,-42.5,-81.0,-120.0,-73.0,kitchen
2017-04-10 13:37:01+00:00,-76.33333333333333,-90.33333333333333,-93.66666666666667,-86.5,-83.5,-87.0,-87.0,-44.8,-68.25,-87.25,-78.2,kitchen
2017-04-10 13:37:02+00:00,-71.25,-85.5,-89.0,-94.0,-83.66666666666667,-83.75,-80.0,-43.0,-77.0,-86.2,-75.0,kitchen
2017-04-10 13:37:06+00:00,-67.66666666666667,-87.0,-85.33333333333333,-120.0,-88.0,-84.33333333333333,-89.5,-50.0,-74.33333333333333,-81.6,-75.4,kitchen
2017-04-10 13:37:07+00:00,-66.25,-79.0,-120.0,-82.0,-82.66666666666667,-79.33333333333333,-89.0,-40.0,-77.75,-81.0,-73.6,kitchen
2017-04-10 13:37:08+00:00,-72.5,-92.5,-84.0,-87.33333333333333,-89.0,-73.0,-79.33333333333333,-39.333333333333336,-83.5,-88.0,-66.0,kitchen
2017-04-10 13:37:09+00:00,-68.0,-94.5,-89.0,-83.0,-89.5,-86.5,-88.66666666666667,-58.0,-81.66666666666667,-83.33333333333333,-69.5,kitchen
2017-04-10 13:37:10+00:00,-72.33333333333333,-99.0,-85.0,-120.0,-91.0,-85.0,-87.0,-41.666666666666664,-67.0,-92.5,-67.75,kitchen
2017-04-10 13:37:11+00:00,-76.0,-84.66666666666667,-90.0,-120.0,-120.0,-82.66666666666667,-91.75,-46.333333333333336,-74.33333333333333,-87.5,-69.75,kitchen
2017-04-10 13:37:12+00:00,-67.5,-92.5,-92.66666666666667,-80.0,-83.75,-83.75,-120.0,-49.0,-81.66666666666667,-86.33333333333333,-66.25,kitchen
2017-04-10 13:37:25+00:00,-76.0,-94.0,-120.0,-120.0,-86.25,-81.0,-85.0,-47.25,-81.5,-120.0,-81.0,kitchen
2017-04-10 13:37:26+00:00,-74.33333333333333,-91.5,-120.0,-83.0,-85.25,-85.5,-99.0,-53.75,-71.0,-120.0,-67.75,kitchen
2017-04-10 13:37:27+00:00,-69.33333333333333,-90.0,-120.0,-120.0,-92.33333333333333,-89.5,-86.25,-52.75,-93.0,-90.0,-74.0,kitchen
2017-04-10 13:37:28+00:00,-74.2,-92.0,-88.0,-120.0,-76.0,-87.5,-120.0,-55.2,-86.5,-87.5,-79.6,kitchen
2017-04-10 13:37:29+00:00,-69.2,-88.5,-120.0,-120.0,-79.0,-79.0,-120.0,-49.5,-84.5,-88.0,-80.5,kitchen
2017-04-10 13:37:30+00:00,-68.4,-88.5,-86.0,-120.0,-87.5,-82.0,-120.0,-53.0,-75.0,-87.0,-82.33333333333333,kitchen
2017-04-10 13:37:31+00:00,-72.5,-83.5,-120.0,-97.0,-83.33333333333333,-90.0,-91.5,-50.2,-87.0,-79.0,-75.25,kitchen
2017-04-10 13:37:32+00:00,-71.25,-92.0,-100.0,-83.5,-84.5,-90.0,-91.5,-48.8,-78.0,-80.5,-79.6,kitchen
2017-04-10 13:37:33+00:00,-64.6,-87.0,-87.0,-120.0,-82.66666666666667,-80.25,-87.0,-54.6,-76.0,-84.0,-82.0,kitchen
2017-04-10 13:37:34+00:00,-76.8,-120.0,-120.0,-120.0,-84.66666666666667,-86.33333333333333,-91.0,-39.0,-70.5,-120.0,-78.5,kitchen
2017-04-10 13:37:37+00:00,-73.5,-99.0,-120.0,-120.0,-82.66666666666667,-89.66666666666667,-120.0,-50.666666666666664,-74.5,-89.5,-78.75,kitchen
2017-04-10 13:37:40+00:00,-70.25,-88.0,-87.0,-83.0,-83.25,-79.6,-89.33333333333333,-54.5,-68.2,-80.5,-74.66666666666667,kitchen
2017-04-10 13:37:41+00:00,-70.5,-87.33333333333333,-120.0,-120.0,-82.0,-120.0,-84.0,-58.0,-77.0,-87.66666666666667,-75.33333333333333,kitchen
2017-04-10 13:37:49+00:00,-60.25,-90.0,-86.33333333333333,-120.0,-85.75,-86.5,-91.5,-52.5,-120.0,-87.5,-76.2,kitchen
2017-04-10 13:37:50+00:00,-68.25,-85.0,-86.0,-120.0,-90.5,-84.0,-99.0,-57.0,-79.0,-93.0,-87.0,kitchen
2017-04-10 13:37:54+00:00,-68.6,-89.5,-87.0,-120.0,-93.0,-80.5,-87.0,-50.75,-75.75,-92.33333333333333,-75.4,kitchen
2017-04-10 13:37:55+00:00,-68.2,-120.0,-99.0,-120.0,-84.0,-84.0,-97.0,-49.0,-76.5,-97.0,-74.8,kitchen
2017-04-10 13:37:59+00:00,-68.25,-88.0,-95.0,-120.0,-92.0,-75.0,-80.0,-52.2,-74.0,-92.66666666666667,-77.6,kitchen
2017-04-10 13:38:07+00:00,-72.2,-120.0,-120.0,-120.0,-89.0,-88.5,-120.0,-59.0,-77.25,-87.0,-83.25,kitchen
2017-04-10 13:38:10+00:00,-77.4,-120.0,-120.0,-120.0,-78.5,-88.5,-120.0,-50.25,-87.0,-94.0,-81.33333333333333,kitchen
2017-04-10 13:38:14+00:00,-80.0,-87.0,-120.0,-120.0,-84.33333333333333,-85.0,-82.0,-48.25,-64.5,-89.0,-79.5,kitchen
2017-04-10 13:38:16+00:00,-75.0,-91.0,-88.0,-120.0,-84.0,-120.0,-120.0,-54.25,-82.0,-89.0,-76.75,kitchen
2017-04-10 13:38:19+00:00,-72.75,-120.0,-83.0,-120.0,-86.5,-83.25,-95.5,-56.25,-77.66666666666667,-91.0,-68.5,kitchen
2017-04-10 13:38:20+00:00,-77.0,-93.0,-92.5,-85.0,-82.66666666666667,-80.8,-120.0,-50.0,-83.0,-120.0,-80.25,kitchen
2017-04-10 13:38:23+00:00,-60.0,-95.0,-87.0,-120.0,-81.75,-81.8,-85.0,-52.0,-77.0,-93.0,-69.5,kitchen
2017-04-10 13:38:24+00:00,-71.0,-91.0,-120.0,-120.0,-84.0,-81.0,-90.0,-62.0,-75.0,-120.0,-88.25,kitchen
2017-04-10 13:38:30+00:00,-75.2,-120.0,-88.0,-120.0,-79.5,-86.0,-89.0,-47.5,-73.0,-87.66666666666667,-79.25,kitchen
2017-04-10 13:38:31+00:00,-65.4,-99.0,-120.0,-120.0,-90.75,-90.66666666666667,-92.66666666666667,-53.0,-74.0,-96.0,-76.2,kitchen
2017-04-10 13:38:32+00:00,-71.25,-92.5,-120.0,-120.0,-87.66666666666667,-85.8,-89.5,-55.25,-73.5,-88.25,-77.66666666666667,kitchen
2017-04-10 13:38:33+00:00,-66.25,-120.0,-120.0,-120.0,-87.0,-88.33333333333333,-93.66666666666667,-57.333333333333336,-75.0,-87.0,-88.33333333333333,kitchen
2017-04-10 13:38:39+00:00,-70.25,-91.33333333333333,-97.0,-120.0,-85.0,-82.0,-87.5,-45.75,-80.5,-82.33333333333333,-70.5,kitchen
2017-04-10 13:38:41+00:00,-70.0,-94.0,-120.0,-120.0,-80.5,-80.33333333333333,-93.5,-50.75,-73.25,-88.66666666666667,-78.2,kitchen
2017-04-10 13:39:03+00:00,-63.4,-88.0,-85.0,-120.0,-80.0,-77.66666666666667,-93.0,-55.2,-76.0,-89.75,-70.6,kitchen
2017-04-10 13:39:04+00:00,-75.66666666666667,-82.0,-87.0,-120.0,-89.5,-93.5,-89.0,-53.0,-79.5,-86.5,-78.0,kitchen
2017-04-10 13:39:22+00:00,-67.25,-84.0,-85.0,-85.0,-88.2,-83.0,-96.0,-47.75,-71.33333333333333,-90.0,-77.75,kitchen
2017-04-10 13:39:23+00:00,-73.6,-120.0,-87.0,-120.0,-93.0,-85.5,-95.0,-51.8,-78.75,-83.66666666666667,-75.75,kitchen
2017-04-10 13:39:30+00:00,-70.0,-120.0,-85.0,-120.0,-86.5,-86.0,-120.0,-59.2,-76.33333333333333,-83.0,-77.6,kitchen
2017-04-10 13:39:31+00:00,-80.0,-88.33333333333333,-120.0,-120.0,-89.75,-84.33333333333333,-120.0,-55.5,-77.5,-79.0,-80.66666666666667,kitchen
2017-04-10 13:39:37+00:00,-70.6,-94.0,-89.0,-120.0,-78.0,-120.0,-81.0,-53.0,-80.0,-81.0,-86.0,kitchen
2017-04-10 13:39:42+00:00,-70.2,-89.33333333333333,-92.5,-120.0,-83.33333333333333,-80.66666666666667,-93.0,-55.0,-80.0,-88.5,-73.75,kitchen
2017-04-10 13:39:54+00:00,-61.0,-91.5,-120.0,-120.0,-81.4,-81.66666666666667,-120.0,-55.25,-75.66666666666667,-86.33333333333333,-80.2,kitchen
2017-04-10 13:40:09+00:00,-71.6,-120.0,-120.0,-120.0,-85.66666666666667,-92.0,-97.0,-51.333333333333336,-85.0,-87.5,-82.0,kitchen
2017-04-10 13:40:10+00:00,-79.33333333333333,-96.0,-97.0,-120.0,-82.66666666666667,-87.75,-86.0,-43.25,-79.0,-79.0,-73.0,kitchen
2017-04-10 13:40:21+00:00,-71.6,-87.0,-120.0,-120.0,-88.75,-89.25,-86.0,-56.6,-76.5,-88.0,-80.0,kitchen
2017-04-10 13:40:30+00:00,-81.5,-91.33333333333333,-94.0,-120.0,-82.0,-90.0,-91.5,-57.5,-86.5,-80.5,-78.4,kitchen
2017-04-10 13:40:32+00:00,-75.0,-91.0,-97.0,-100.0,-93.0,-83.5,-120.0,-53.666666666666664,-120.0,-82.0,-83.66666666666667,kitchen
2017-04-10 13:40:33+00:00,-71.0,-93.33333333333333,-83.0,-120.0,-84.0,-85.0,-85.0,-56.6,-75.5,-82.0,-76.5,kitchen
2017-04-10 13:40:41+00:00,-79.6,-81.66666666666667,-120.0,-84.0,-90.0,-80.66666666666667,-86.0,-59.25,-77.66666666666667,-84.0,-72.0,kitchen
2017-04-10 13:40:42+00:00,-68.0,-89.0,-89.0,-120.0,-82.66666666666667,-87.0,-86.0,-52.0,-84.5,-94.33333333333333,-77.0,kitchen
2017-04-10 13:40:51+00:00,-77.0,-83.0,-98.0,-120.0,-89.25,-91.0,-85.0,-48.25,-78.33333333333333,-86.0,-84.75,kitchen
2017-04-10 13:40:57+00:00,-72.5,-87.0,-100.0,-120.0,-85.0,-84.0,-120.0,-49.75,-75.0,-92.0,-80.5,kitchen
2017-04-10 13:41:04+00:00,-69.66666666666667,-120.0,-97.0,-120.0,-83.66666666666667,-83.25,-79.0,-46.8,-84.0,-93.0,-73.5,kitchen
2017-04-10 13:41:05+00:00,-77.5,-89.0,-120.0,-120.0,-93.0,-91.0,-79.0,-54.75,-84.0,-87.0,-72.0,kitchen
2017-04-10 13:41:12+00:00,-72.0,-99.0,-120.0,-120.0,-99.0,-75.0,-92.5,-55.0,-120.0,-97.0,-74.33333333333333,kitchen
2017-04-10 13:41:13+00:00,-75.0,-90.5,-101.0,-120.0,-90.33333333333333,-86.0,-95.5,-53.0,-81.66666666666667,-83.0,-81.6,kitchen
2017-04-10 13:41:16+00:00,-71.0,-88.5,-88.5,-120.0,-92.33333333333333,-83.66666666666667,-96.5,-53.4,-82.5,-85.66666666666667,-79.0,kitchen
2017-04-10 13:41:18+00:00,-71.0,-87.0,-120.0,-120.0,-87.0,-81.0,-120.0,-47.6,-70.5,-82.5,-70.25,kitchen
2017-04-10 13:41:31+00:00,-74.0,-86.0,-87.0,-102.0,-80.0,-85.25,-84.0,-55.2,-79.0,-84.0,-77.25,kitchen
2017-04-10 13:43:04+00:00,-72.25,-120.0,-86.0,-120.0,-86.33333333333333,-89.75,-83.5,-56.2,-74.0,-94.0,-72.25,kitchen
2017-04-10 13:43:05+00:00,-66.0,-92.66666666666667,-120.0,-120.0,-85.5,-83.0,-120.0,-58.0,-120.0,-85.0,-85.75,kitchen
2017-04-10 13:43:09+00:00,-73.5,-92.0,-120.0,-120.0,-89.75,-86.0,-85.0,-55.0,-77.0,-79.66666666666667,-79.75,kitchen
2017-04-10 13:43:10+00:00,-82.25,-120.0,-95.5,-120.0,-81.66666666666667,-89.66666666666667,-89.0,-55.2,-76.0,-83.0,-80.8,kitchen
2017-04-10 13:43:23+00:00,-74.0,-88.0,-85.5,-120.0,-92.5,-84.2,-120.0,-51.0,-78.0,-120.0,-80.75,kitchen
2017-04-10 13:43:24+00:00,-74.0,-90.0,-85.0,-120.0,-86.8,-70.0,-93.5,-57.75,-79.5,-85.33333333333333,-83.8,kitchen
2017-04-10 13:43:25+00:00,-68.0,-86.8,-91.0,-120.0,-86.5,-83.0,-120.0,-57.5,-76.0,-120.0,-81.0,kitchen
2017-04-10 13:43:26+00:00,-70.25,-98.0,-120.0,-120.0,-89.66666666666667,-83.25,-120.0,-52.5,-76.0,-89.0,-80.0,kitchen
2017-04-10 13:43:27+00:00,-67.5,-83.0,-88.0,-120.0,-87.0,-81.25,-120.0,-44.8,-72.0,-120.0,-86.5,kitchen
2017-04-10 13:43:28+00:00,-82.0,-82.5,-91.0,-120.0,-76.5,-88.0,-90.5,-43.0,-73.0,-88.0,-79.6,kitchen
2017-04-10 13:43:29+00:00,-68.25,-82.0,-83.66666666666667,-83.33333333333333,-64.0,-69.25,-86.0,-66.33333333333333,-63.2,-76.0,-72.0,living_area_A
2017-04-10 13:43:30+00:00,-65.0,-87.66666666666667,-80.5,-81.5,-69.0,-71.5,-72.0,-60.0,-57.75,-75.66666666666667,-74.0,living_area_A
2017-04-10 13:43:31+00:00,-70.75,-81.4,-80.66666666666667,-90.5,-67.0,-70.25,-83.5,-67.25,-71.0,-79.75,-76.0,kitchen
2017-04-10 13:43:32+00:00,-65.33333333333333,-98.0,-92.0,-86.0,-76.0,-70.33333333333333,-72.0,-66.6,-70.0,-81.5,-75.33333333333333,kitchen
2017-04-10 13:43:33+00:00,-73.5,-84.66666666666667,-87.33333333333333,-92.0,-89.0,-86.75,-84.0,-63.5,-64.0,-86.5,-84.5,kitchen
2017-04-10 13:43:34+00:00,-72.0,-81.75,-88.0,-81.0,-74.2,-75.2,-82.5,-76.75,-62.75,-90.0,-78.5,kitchen
2017-04-10 13:43:35+00:00,-69.8,-85.66666666666667,-84.0,-98.0,-82.25,-80.2,-83.33333333333333,-38.25,-68.33333333333333,-81.66666666666667,-75.6,kitchen
2017-04-10 13:43:36+00:00,-77.2,-86.66666666666667,-83.0,-87.33333333333333,-84.25,-83.66666666666667,-87.33333333333333,-46.25,-75.25,-81.0,-77.75,kitchen
2017-04-10 13:43:41+00:00,-81.0,-92.0,-86.5,-84.0,-65.33333333333333,-78.0,-85.75,-61.0,-55.333333333333336,-80.5,-81.33333333333333,kitchen
2017-04-10 13:43:42+00:00,-79.5,-73.66666666666667,-80.5,-91.5,-67.0,-63.0,-69.0,-71.6,-60.0,-89.5,-77.0,kitchen
2017-04-10 13:43:43+00:00,-82.66666666666667,-86.0,-82.75,-84.0,-64.8,-69.0,-80.0,-63.4,-57.0,-87.33333333333333,-88.25,kitchen
2017-04-10 13:43:44+00:00,-73.5,-81.5,-85.33333333333333,-88.66666666666667,-72.75,-73.0,-74.75,-62.8,-62.0,-86.33333333333333,-78.0,kitchen
2017-04-10 13:43:45+00:00,-73.66666666666667,-97.0,-79.0,-85.8,-77.4,-78.33333333333333,-82.25,-69.8,-67.25,-87.0,-85.0,kitchen
2017-04-10 13:43:46+00:00,-76.5,-88.25,-95.0,-82.0,-74.0,-79.75,-81.0,-70.6,-62.333333333333336,-83.0,-81.66666666666667,kitchen
2017-04-10 13:43:47+00:00,-75.33333333333333,-82.75,-79.0,-84.0,-62.25,-67.8,-83.0,-73.4,-69.33333333333333,-79.75,-81.25,kitchen
2017-04-10 13:43:48+00:00,-78.4,-77.66666666666667,-81.0,-81.0,-83.25,-81.25,-83.66666666666667,-63.0,-66.25,-78.2,-86.0,kitchen
2017-04-10 13:43:49+00:00,-75.25,-91.5,-80.0,-88.5,-68.75,-71.33333333333333,-91.0,-52.333333333333336,-63.0,-80.8,-67.0,kitchen
2017-04-10 13:43:50+00:00,-73.66666666666667,-88.0,-120.0,-88.0,-74.66666666666667,-79.0,-93.0,-56.5,-71.0,-85.0,-81.66666666666667,kitchen
2017-04-10 13:43:51+00:00,-63.6,-95.33333333333333,-81.5,-120.0,-80.0,-80.66666666666667,-86.33333333333333,-59.333333333333336,-70.0,-88.0,-83.5,kitchen
2017-04-10 13:43:52+00:00,-78.25,-120.0,-120.0,-120.0,-80.33333333333333,-83.5,-98.0,-66.66666666666667,-77.33333333333333,-97.0,-82.33333333333333,kitchen
2017-04-10 13:43:53+00:00,-66.75,-89.66666666666667,-88.0,-97.5,-78.75,-80.75,-87.0,-63.0,-69.66666666666667,-86.0,-71.0,kitchen
2017-04-10 13:43:54+00:00,-68.0,-120.0,-97.0,-120.0,-78.33333333333333,-83.75,-94.5,-61.5,-67.0,-87.0,-76.0,kitchen
2017-04-10 13:43:55+00:00,-63.75,-89.0,-120.0,-120.0,-85.33333333333333,-82.8,-81.0,-61.2,-79.66666666666667,-86.0,-88.5,kitchen
2017-04-10 13:43:56+00:00,-80.0,-97.0,-96.0,-120.0,-83.66666666666667,-85.0,-83.0,-62.0,-74.5,-92.0,-88.2,kitchen
2017-04-10 13:43:57+00:00,-80.66666666666667,-120.0,-120.0,-120.0,-88.25,-86.0,-120.0,-74.25,-82.0,-120.0,-120.0,kitchen
2017-04-10 13:43:58+00:00,-82.75,-85.0,-91.0,-120.0,-87.75,-84.33333333333333,-93.33333333333333,-69.66666666666667,-72.5,-88.0,-84.75,kitchen
2017-04-10 13:43:59+00:00,-85.33333333333333,-98.0,-93.0,-120.0,-91.5,-80.5,-120.0,-65.5,-86.0,-97.0,-88.0,kitchen
2017-04-10 13:44:00+00:00,-82.5,-89.33333333333333,-120.0,-88.0,-81.5,-79.0,-88.33333333333333,-65.66666666666667,-72.66666666666667,-120.0,-89.0,kitchen
2017-04-10 13:44:01+00:00,-75.0,-87.0,-86.0,-86.0,-81.5,-75.66666666666667,-80.5,-56.5,-70.0,-82.5,-73.0,kitchen
2017-04-10 13:44:02+00:00,-74.33333333333333,-100.0,-94.0,-101.0,-78.33333333333333,-83.75,-89.0,-63.4,-64.75,-76.0,-85.33333333333333,kitchen
2017-04-10 13:44:03+00:00,-77.33333333333333,-120.0,-98.0,-120.0,-84.75,-88.33333333333333,-100.0,-68.8,-82.0,-87.0,-88.0,kitchen
2017-04-10 13:44:04+00:00,-78.6,-90.5,-98.0,-97.5,-80.75,-86.25,-120.0,-54.2,-71.0,-87.66666666666667,-83.66666666666667,kitchen
2017-04-10 13:44:05+00:00,-68.6,-84.66666666666667,-97.5,-97.0,-76.0,-79.75,-86.5,-59.25,-76.0,-78.0,-82.25,kitchen
2017-04-10 13:44:06+00:00,-74.75,-95.0,-80.0,-79.5,-87.0,-85.0,-87.33333333333333,-49.0,-82.0,-81.5,-75.75,kitchen
2017-04-10 13:44:07+00:00,-70.0,-120.0,-93.0,-120.0,-85.6,-84.0,-89.25,-46.6,-66.0,-86.66666666666667,-79.4,kitchen
2017-04-10 13:44:08+00:00,-73.4,-92.33333333333333,-93.0,-120.0,-81.0,-87.66666666666667,-86.0,-40.6,-69.0,-84.5,-72.0,kitchen
2017-04-10 13:44:09+00:00,-72.0,-93.0,-120.0,-94.0,-96.5,-84.0,-120.0,-37.5,-73.66666666666667,-82.0,-72.25,kitchen
2017-04-10 13:44:10+00:00,-65.0,-83.0,-120.0,-85.0,-87.75,-80.25,-92.0,-57.333333333333336,-77.0,-91.0,-77.5,kitchen
2017-04-10 13:44:11+00:00,-70.5,-120.0,-120.0,-87.0,-89.0,-88.25,-91.5,-52.6,-84.75,-93.0,-82.0,kitchen
2017-04-10 13:44:12+00:00,-71.33333333333333,-84.0,-91.0,-96.0,-83.25,-72.0,-84.0,-46.5,-64.0,-88.0,-74.66666666666667,kitchen
2017-04-10 13:44:13+00:00,-71.0,-88.0,-93.5,-85.0,-82.0,-77.6,-120.0,-50.5,-84.5,-85.5,-72.25,kitchen
2017-04-10 13:44:14+00:00,-71.0,-88.5,-86.66666666666667,-99.0,-84.0,-82.75,-93.33333333333333,-52.666666666666664,-71.0,-81.25,-77.6,kitchen
2017-04-10 13:44:15+00:00,-66.5,-88.33333333333333,-83.25,-82.0,-84.0,-120.0,-91.0,-46.333333333333336,-85.0,-81.66666666666667,-78.5,kitchen
2017-04-10 13:44:16+00:00,-68.75,-120.0,-81.0,-120.0,-87.33333333333333,-86.5,-85.5,-49.6,-77.0,-81.5,-74.75,kitchen
2017-04-10 13:44:17+00:00,-71.6,-85.25,-96.0,-120.0,-78.5,-82.75,-120.0,-46.8,-72.0,-83.66666666666667,-75.5,kitchen
2017-04-10 13:44:18+00:00,-72.75,-92.66666666666667,-91.5,-120.0,-84.0,-87.5,-120.0,-47.75,-68.75,-87.33333333333333,-74.2,kitchen
2017-04-10 13:44:19+00:00,-66.2,-87.5,-101.0,-87.0,-78.5,-87.0,-89.0,-61.0,-77.66666666666667,-83.5,-82.33333333333333,kitchen
2017-04-10 13:44:20+00:00,-60.25,-92.5,-120.0,-120.0,-80.8,-87.5,-94.0,-53.0,-78.0,-86.33333333333333,-79.5,kitchen
2017-04-10 13:44:21+00:00,-72.6,-85.0,-87.0,-120.0,-81.33333333333333,-83.25,-99.0,-53.2,-74.33333333333333,-91.0,-74.0,kitchen
2017-04-10 13:44:22+00:00,-71.4,-88.0,-94.0,-91.5,-70.2,-83.0,-82.0,-50.25,-63.666666666666664,-83.75,-80.4,kitchen
2017-04-10 13:44:23+00:00,-73.33333333333333,-74.75,-90.0,-87.66666666666667,-69.5,-73.4,-81.5,-56.6,-66.4,-80.66666666666667,-86.75,kitchen
2017-04-10 13:44:24+00:00,-73.5,-88.0,-82.2,-78.0,-76.6,-69.0,-74.4,-52.0,-62.0,-85.33333333333333,-77.5,living_area_A
2017-04-10 13:44:25+00:00,-63.25,-88.5,-89.0,-120.0,-81.6,-81.0,-85.5,-60.6,-73.33333333333333,-120.0,-78.25,kitchen
2017-04-10 13:44:26+00:00,-65.0,-87.5,-84.0,-120.0,-81.6,-83.33333333333333,-89.0,-54.75,-68.0,-87.5,-82.8,kitchen
2017-04-10 13:44:28+00:00,-65.33333333333333,-88.0,-95.0,-120.0,-78.8,-81.0,-77.0,-52.8,-77.33333333333333,-120.0,-84.25,kitchen
2017-04-10 13:44:29+00:00,-67.75,-87.0,-85.33333333333333,-120.0,-88.33333333333333,-83.5,-97.33333333333333,-55.666666666666664,-72.5,-88.33333333333333,-82.0,kitchen
2017-04-10 13:44:33+00:00,-70.0,-89.5,-86.0,-120.0,-85.0,-86.0,-83.5,-42.0,-66.0,-87.66666666666667,-80.33333333333333,living_area_A
2017-04-10 13:44:34+00:00,-69.25,-91.5,-86.0,-120.0,-83.2,-87.6,-85.66666666666667,-45.0,-72.0,-81.5,-75.25,living_area_A
2017-04-10 13:44:36+00:00,-73.0,-95.0,-120.0,-120.0,-74.0,-78.5,-90.5,-43.0,-78.0,-94.5,-74.6,living_area_A
2017-04-10 13:44:37+00:00,-76.25,-86.66666666666667,-86.0,-81.5,-60.0,-77.5,-84.0,-48.5,-73.66666666666667,-87.5,-81.0,kitchen
2017-04-10 13:44:38+00:00,-71.75,-91.0,-86.66666666666667,-88.66666666666667,-74.66666666666667,-79.0,-77.66666666666667,-67.75,-66.0,-87.75,-79.6,kitchen
2017-04-10 13:44:39+00:00,-72.8,-97.0,-94.0,-76.0,-76.2,-74.0,-88.2,-61.666666666666664,-65.25,-83.0,-80.0,kitchen
2017-04-10 13:44:40+00:00,-67.8,-86.33333333333333,-84.5,-84.0,-76.66666666666667,-80.75,-120.0,-42.666666666666664,-73.25,-87.0,-76.25,kitchen
2017-04-10 13:44:41+00:00,-76.0,-85.0,-83.66666666666667,-85.66666666666667,-77.75,-77.0,-89.0,-55.75,-71.2,-80.5,-81.5,kitchen
2017-04-10 13:44:42+00:00,-68.2,-88.0,-92.5,-120.0,-76.6,-72.0,-90.66666666666667,-58.5,-63.333333333333336,-81.0,-78.2,kitchen
2017-04-10 13:44:43+00:00,-75.5,-80.5,-79.0,-82.5,-72.2,-76.75,-91.0,-61.25,-71.25,-74.66666666666667,-75.0,kitchen
2017-04-10 13:44:44+00:00,-63.333333333333336,-83.33333333333333,-84.75,-83.0,-68.4,-76.2,-90.66666666666667,-62.0,-69.33333333333333,-84.0,-75.2,kitchen
2017-04-10 13:44:45+00:00,-71.25,-83.0,-83.66666666666667,-85.0,-79.4,-71.66666666666667,-84.5,-68.0,-74.33333333333333,-76.6,-77.66666666666667,kitchen
2017-04-10 13:44:46+00:00,-80.66666666666667,-88.25,-85.5,-83.25,-68.75,-72.33333333333333,-83.0,-71.5,-64.0,-70.75,-78.0,kitchen
2017-04-10 13:44:47+00:00,-73.75,-91.5,-89.5,-86.75,-77.4,-77.25,-75.0,-67.75,-70.66666666666667,-90.33333333333333,-85.0,kitchen
2017-04-10 13:44:48+00:00,-78.75,-93.0,-120.0,-83.0,-75.5,-79.5,-80.0,-62.2,-75.0,-84.25,-82.5,kitchen
2017-04-10 13:44:49+00:00,-74.66666666666667,-120.0,-120.0,-91.5,-76.6,-79.33333333333333,-84.0,-67.0,-74.75,-84.66666666666667,-80.75,kitchen
2017-04-10 13:44:50+00:00,-77.6,-82.0,-92.0,-90.0,-84.5,-83.5,-88.33333333333333,-63.666666666666664,-69.66666666666667,-85.6,-86.66666666666667,kitchen
2017-04-10 13:44:51+00:00,-75.2,-83.75,-85.25,-83.2,-80.33333333333333,-74.4,-82.4,-51.333333333333336,-71.75,-81.2,-80.0,kitchen
2017-04-10 13:44:52+00:00,-72.75,-84.6,-89.33333333333333,-94.0,-73.75,-73.4,-89.0,-57.333333333333336,-81.25,-78.5,-77.66666666666667,kitchen
2017-04-10 13:44:53+00:00,-72.75,-92.5,-81.5,-86.5,-77.5,-84.0,-120.0,-49.75,-82.33333333333333,-87.5,-71.0,kitchen
2017-04-10 13:44:54+00:00,-71.2,-87.0,-87.0,-120.0,-86.0,-85.0,-120.0,-59.0,-64.5,-87.0,-76.4,kitchen
2017-04-10 13:44:55+00:00,-66.2,-81.0,-90.0,-94.0,-87.0,-84.33333333333333,-120.0,-48.4,-95.0,-90.0,-71.5,kitchen
2017-04-10 13:44:56+00:00,-78.0,-83.66666666666667,-94.0,-96.0,-84.0,-78.75,-77.66666666666667,-41.666666666666664,-69.0,-78.5,-64.0,kitchen
2017-04-10 13:45:01+00:00,-79.4,-86.5,-93.0,-83.5,-86.0,-80.25,-98.0,-55.25,-81.0,-88.75,-79.75,kitchen
2017-04-10 13:45:02+00:00,-75.25,-84.75,-77.0,-90.0,-80.0,-69.0,-85.0,-56.333333333333336,-74.33333333333333,-81.66666666666667,-81.8,kitchen
2017-04-10 13:45:03+00:00,-87.0,-90.0,-96.0,-95.0,-77.33333333333333,-87.0,-88.0,-64.0,-77.33333333333333,-120.0,-87.0,kitchen
2017-04-10 13:45:04+00:00,-76.66666666666667,-91.66666666666667,-120.0,-120.0,-81.25,-94.5,-90.5,-69.25,-77.0,-96.0,-89.6,kitchen
2017-04-10 13:45:05+00:00,-71.0,-76.0,-84.0,-93.0,-82.33333333333333,-85.75,-87.66666666666667,-50.5,-80.0,-86.33333333333333,-68.25,kitchen
2017-04-10 13:45:06+00:00,-69.5,-82.0,-94.0,-83.5,-89.5,-87.5,-88.5,-57.2,-80.5,-85.0,-76.6,kitchen
2017-04-10 13:45:08+00:00,-74.5,-88.66666666666667,-85.5,-83.0,-69.5,-74.33333333333333,-79.33333333333333,-63.8,-63.0,-73.5,-76.5,kitchen
2017-04-10 13:45:10+00:00,-68.25,-96.5,-95.5,-120.0,-82.0,-81.33333333333333,-77.0,-57.0,-78.5,-88.66666666666667,-85.0,kitchen
2017-04-10 13:45:11+00:00,-67.66666666666667,-88.66666666666667,-120.0,-120.0,-77.66666666666667,-82.0,-80.0,-57.4,-70.5,-94.0,-84.0,kitchen
2017-04-10 13:45:12+00:00,-74.8,-120.0,-80.0,-120.0,-82.25,-84.75,-92.66666666666667,-54.25,-76.25,-83.0,-84.4,kitchen
2017-04-10 13:45:13+00:00,-69.5,-90.0,-92.0,-85.33333333333333,-78.0,-86.75,-87.5,-54.75,-77.0,-84.33333333333333,-80.6,kitchen
2017-04-10 13:45:14+00:00,-76.2,-89.0,-97.0,-120.0,-77.0,-86.0,-94.0,-62.333333333333336,-79.0,-90.0,-83.25,kitchen
2017-04-10 13:45:15+00:00,-73.2,-89.0,-87.0,-88.5,-83.0,-87.5,-99.0,-55.8,-73.0,-88.0,-82.25,kitchen
2017-04-10 13:45:16+00:00,-68.8,-83.0,-120.0,-94.0,-72.66666666666667,-85.0,-83.66666666666667,-54.25,-72.75,-87.25,-79.8,kitchen
2017-04-10 13:45:17+00:00,-85.66666666666667,-86.0,-120.0,-87.33333333333333,-74.33333333333333,-83.75,-120.0,-63.2,-86.5,-85.5,-73.0,kitchen
2017-04-10 13:45:18+00:00,-71.33333333333333,-90.0,-95.0,-120.0,-77.75,-94.5,-120.0,-56.8,-73.33333333333333,-84.2,-75.6,kitchen
2017-04-10 13:45:19+00:00,-68.75,-91.5,-99.0,-120.0,-79.6,-96.5,-86.0,-61.25,-81.5,-89.0,-76.8,kitchen
2017-04-10 13:45:21+00:00,-66.75,-91.0,-90.5,-120.0,-78.4,-120.0,-120.0,-57.6,-66.0,-91.0,-76.33333333333333,kitchen
2017-04-10 13:45:22+00:00,-68.0,-120.0,-87.25,-120.0,-80.66666666666667,-88.33333333333333,-85.0,-50.0,-62.5,-85.0,-77.4,kitchen
2017-04-10 13:45:23+00:00,-68.6,-87.5,-89.66666666666667,-88.0,-72.8,-71.25,-86.33333333333333,-55.5,-62.0,-84.5,-79.0,kitchen
2017-04-10 13:45:24+00:00,-75.6,-86.0,-88.33333333333333,-84.5,-73.5,-69.33333333333333,-76.5,-58.6,-55.5,-80.8,-79.4,kitchen
2017-04-10 13:45:26+00:00,-69.6,-93.66666666666667,-90.5,-78.0,-71.4,-79.0,-85.5,-66.4,-70.75,-89.25,-86.0,kitchen
2017-04-10 13:45:27+00:00,-70.2,-90.25,-83.66666666666667,-76.66666666666667,-82.0,-75.8,-72.0,-61.6,-68.25,-90.0,-82.66666666666667,kitchen
2017-04-10 13:45:28+00:00,-74.2,-88.4,-90.25,-83.25,-73.75,-76.0,-83.0,-68.0,-68.33333333333333,-87.75,-77.5,kitchen
2017-04-10 13:45:29+00:00,-63.666666666666664,-81.5,-85.75,-80.75,-75.5,-81.0,-85.0,-62.0,-67.0,-90.0,-87.66666666666667,kitchen
2017-04-10 13:45:30+00:00,-72.33333333333333,-87.25,-84.0,-82.0,-75.0,-74.0,-84.0,-67.5,-70.66666666666667,-77.5,-77.5,kitchen
2017-04-10 13:45:31+00:00,-67.75,-84.4,-84.5,-77.2,-70.0,-75.5,-78.0,-66.0,-62.5,-82.66666666666667,-83.5,kitchen
2017-04-10 13:45:32+00:00,-72.25,-93.66666666666667,-88.0,-88.5,-80.25,-84.4,-81.5,-63.0,-72.75,-85.5,-80.2,kitchen
2017-04-10 13:45:33+00:00,-69.2,-120.0,-84.0,-120.0,-84.66666666666667,-89.5,-120.0,-68.0,-73.5,-88.25,-82.75,kitchen
2017-04-10 13:45:34+00:00,-75.4,-120.0,-120.0,-120.0,-81.0,-87.0,-83.5,-56.75,-78.0,-96.5,-89.0,kitchen
2017-04-10 13:45:35+00:00,-78.75,-87.5,-79.0,-83.66666666666667,-81.6,-79.0,-81.5,-63.0,-71.75,-77.5,-80.0,kitchen
2017-04-10 13:45:36+00:00,-73.75,-84.0,-87.5,-80.5,-76.75,-75.0,-84.4,-60.0,-69.66666666666667,-75.66666666666667,-81.2,kitchen
2017-04-10 13:45:44+00:00,-88.5,-84.0,-95.0,-120.0,-76.0,-82.33333333333333,-120.0,-68.5,-65.0,-84.0,-81.0,kitchen
2017-04-10 13:45:45+00:00,-74.66666666666667,-120.0,-120.0,-120.0,-76.75,-89.33333333333333,-120.0,-71.2,-76.33333333333333,-88.33333333333333,-84.66666666666667,kitchen
2017-04-10 13:45:46+00:00,-82.5,-87.0,-86.0,-120.0,-86.0,-80.33333333333333,-120.0,-63.5,-95.0,-91.5,-88.5,kitchen
2017-04-10 13:45:48+00:00,-85.25,-120.0,-120.0,-120.0,-86.33333333333333,-77.66666666666667,-97.0,-70.25,-76.0,-86.75,-95.25,kitchen
2017-04-10 13:45:49+00:00,-87.25,-89.0,-120.0,-120.0,-86.0,-98.0,-89.5,-66.6,-79.0,-91.0,-83.75,kitchen
2017-04-10 13:45:50+00:00,-73.75,-85.0,-85.5,-83.0,-75.0,-77.33333333333333,-83.5,-55.2,-73.8,-86.33333333333333,-79.75,kitchen
2017-04-10 13:45:51+00:00,-76.0,-88.33333333333333,-85.5,-86.0,-79.2,-82.25,-88.0,-62.666666666666664,-70.2,-88.66666666666667,-78.0,kitchen
2017-04-10 13:45:52+00:00,-86.25,-120.0,-120.0,-120.0,-87.6,-88.0,-85.0,-65.33333333333333,-83.5,-92.0,-88.5,kitchen
2017-04-10 13:45:53+00:00,-78.75,-95.25,-120.0,-86.0,-84.0,-83.0,-120.0,-60.8,-77.33333333333333,-87.0,-72.66666666666667,kitchen
2017-04-10 13:45:54+00:00,-78.25,-84.5,-89.66666666666667,-88.0,-87.0,-82.5,-95.0,-50.0,-65.33333333333333,-87.33333333333333,-74.66666666666667,kitchen
2017-04-10 13:45:55+00:00,-75.25,-91.5,-91.0,-82.0,-75.0,-78.75,-82.0,-51.8,-75.66666666666667,-81.25,-72.0,kitchen
2017-04-10 13:45:56+00:00,-72.0,-85.33333333333333,-92.0,-83.0,-87.0,-84.66666666666667,-85.33333333333333,-45.0,-75.33333333333333,-90.33333333333333,-77.5,kitchen
2017-04-10 13:45:57+00:00,-74.8,-85.25,-86.6,-85.0,-81.2,-77.0,-76.66666666666667,-56.0,-69.2,-89.5,-76.0,kitchen
2017-04-10 13:46:11+00:00,-71.5,-93.0,-83.25,-88.0,-76.2,-81.5,-78.5,-58.75,-66.33333333333333,-84.33333333333333,-82.4,living_area_A
2017-04-10 13:46:12+00:00,-77.0,-79.25,-81.4,-120.0,-71.66666666666667,-75.75,-72.6,-63.5,-63.6,-81.0,-65.6,living_area_A
2017-04-10 13:46:13+00:00,-77.0,-79.33333333333333,-83.25,-83.66666666666667,-63.25,-76.5,-65.75,-81.0,-55.8,-74.33333333333333,-67.0,living_area_A
2017-04-10 13:46:14+00:00,-95.0,-75.0,-73.8,-82.66666666666667,-69.5,-71.4,-57.0,-79.0,-52.4,-77.0,-61.4,living_area_A
2017-04-10 13:46:15+00:00,-73.5,-78.33333333333333,-72.0,-86.0,-66.0,-70.0,-63.2,-85.25,-54.5,-75.25,-65.8,living_area_A
2017-04-10 13:46:16+00:00,-88.0,-83.0,-79.5,-75.0,-72.0,-79.5,-69.4,-75.25,-59.0,-83.66666666666667,-67.2,living_area_A
2017-04-10 13:46:17+00:00,-72.0,-80.66666666666667,-87.8,-82.0,-63.2,-77.2,-74.0,-72.25,-68.5,-85.66666666666667,-66.66666666666667,living_area_A
2017-04-10 13:46:18+00:00,-80.6,-80.0,-83.0,-77.66666666666667,-66.0,-77.0,-63.0,-64.33333333333333,-62.666666666666664,-75.66666666666667,-64.5,living_area_A
2017-04-10 13:46:19+00:00,-86.33333333333333,-79.8,-79.0,-84.0,-73.25,-75.66666666666667,-80.0,-70.0,-67.6,-83.0,-60.75,living_area_A
2017-04-10 13:46:20+00:00,-87.33333333333333,-81.0,-80.6,-82.0,-87.0,-67.6,-63.25,-76.75,-48.75,-78.0,-64.66666666666667,living_area_A
2017-04-10 13:46:21+00:00,-87.25,-78.5,-70.0,-79.5,-81.25,-71.5,-60.2,-75.0,-63.0,-78.4,-56.0,living_area_A
2017-04-10 13:46:22+00:00,-83.0,-80.0,-82.6,-84.66666666666667,-84.6,-71.8,-69.33333333333333,-75.4,-67.0,-79.5,-58.333333333333336,living_area_A
2017-04-10 13:46:23+00:00,-85.33333333333333,-86.0,-79.8,-85.5,-77.0,-74.6,-70.33333333333333,-73.0,-61.4,-86.75,-59.333333333333336,living_area_A
2017-04-10 13:46:24+00:00,-78.0,-79.6,-83.0,-90.0,-78.75,-75.33333333333333,-65.2,-68.5,-62.25,-80.33333333333333,-53.4,living_area_A
2017-04-10 13:46:25+00:00,-77.0,-83.0,-75.0,-85.6,-86.75,-78.75,-68.5,-71.0,-65.5,-88.75,-62.4,living_area_A
2017-04-10 13:46:26+00:00,-81.0,-87.25,-85.0,-82.0,-90.0,-76.66666666666667,-73.25,-68.66666666666667,-57.75,-87.5,-55.666666666666664,living_area_A
2017-04-10 13:46:27+00:00,-81.25,-85.0,-84.75,-86.5,-83.0,-74.5,-70.75,-66.5,-60.8,-82.0,-59.2,living_area_A
2017-04-10 13:46:28+00:00,-77.4,-79.0,-81.75,-83.25,-88.5,-76.75,-75.0,-66.8,-60.25,-80.75,-55.25,living_area_A
2017-04-10 13:46:29+00:00,-85.0,-86.0,-79.0,-89.5,-98.5,-74.2,-66.0,-62.0,-57.4,-86.5,-58.0,living_area_A
2017-04-10 13:46:30+00:00,-81.66666666666667,-83.5,-81.4,-86.0,-86.0,-75.2,-63.0,-74.2,-50.0,-85.0,-56.0,living_area_A
2017-04-10 13:46:31+00:00,-84.2,-81.5,-86.66666666666667,-89.75,-74.66666666666667,-78.6,-77.2,-72.8,-58.666666666666664,-88.0,-55.6,living_area_A
2017-04-10 13:46:32+00:00,-89.0,-87.5,-84.66666666666667,-88.25,-83.8,-81.0,-63.75,-74.4,-60.6,-79.33333333333333,-56.5,living_area_A
2017-04-10 13:46:33+00:00,-99.0,-88.75,-68.0,-77.0,-86.0,-77.5,-60.75,-75.0,-68.0,-79.25,-56.2,living_area_A
2017-04-10 13:46:34+00:00,-86.0,-82.0,-73.25,-83.75,-86.0,-72.75,-55.5,-80.5,-56.0,-80.5,-63.0,living_area_A
2017-04-10 13:46:38+00:00,-92.33333333333333,-77.75,-71.6,-81.0,-83.0,-69.25,-62.0,-80.4,-56.5,-75.4,-72.0,living_area_A
2017-04-10 13:46:39+00:00,-86.66666666666667,-87.0,-72.4,-85.4,-82.5,-73.0,-64.5,-84.0,-46.0,-78.25,-62.25,living_area_A
2017-04-10 13:46:43+00:00,-120.0,-81.5,-70.33333333333333,-79.5,-79.5,-70.66666666666667,-55.75,-77.33333333333333,-52.0,-78.66666666666667,-56.0,living_area_A
2017-04-10 13:46:44+00:00,-97.0,-85.5,-69.5,-74.6,-83.6,-72.25,-64.4,-80.6,-58.666666666666664,-78.33333333333333,-65.0,living_area_A
2017-04-10 13:46:45+00:00,-98.5,-86.25,-66.2,-76.2,-73.66666666666667,-71.6,-59.0,-85.66666666666667,-48.8,-83.5,-69.4,living_area_A
2017-04-10 13:46:46+00:00,-86.5,-88.5,-84.0,-92.66666666666667,-80.5,-76.8,-63.666666666666664,-77.66666666666667,-60.0,-82.2,-58.0,living_area_A
2017-04-10 13:46:49+00:00,-120.0,-83.5,-74.5,-78.0,-79.2,-75.0,-81.0,-76.33333333333333,-56.0,-85.25,-64.6,living_area_A
2017-04-10 13:46:50+00:00,-86.5,-84.0,-60.0,-87.66666666666667,-81.33333333333333,-72.0,-66.33333333333333,-68.33333333333333,-60.5,-88.0,-68.0,living_area_A
2017-04-10 13:46:51+00:00,-81.0,-83.66666666666667,-81.2,-77.5,-87.5,-74.0,-66.0,-75.0,-58.0,-82.33333333333333,-71.33333333333333,living_area_A
2017-04-10 13:46:52+00:00,-95.0,-74.75,-69.0,-65.5,-84.0,-74.0,-120.0,-79.0,-58.5,-84.5,-72.33333333333333,living_area_A
2017-04-10 13:46:53+00:00,-95.0,-79.4,-74.5,-70.0,-71.0,-56.333333333333336,-76.0,-82.5,-69.6,-82.25,-81.5,living_area_B
2017-04-10 13:46:54+00:00,-91.0,-80.5,-74.25,-58.8,-65.25,-64.5,-76.0,-86.2,-72.0,-84.6,-77.66666666666667,living_area_B
2017-04-10 13:46:56+00:00,-83.5,-76.5,-76.4,-73.6,-51.5,-68.8,-84.0,-83.75,-76.0,-84.5,-78.2,living_area_B
2017-04-10 13:46:57+00:00,-84.0,-82.66666666666667,-59.4,-79.5,-53.5,-65.6,-74.2,-75.75,-74.0,-72.8,-71.6,living_area_B
2017-04-10 13:46:58+00:00,-88.5,-78.25,-72.33333333333333,-71.5,-63.0,-64.0,-79.0,-71.0,-76.0,-73.75,-74.66666666666667,living_area_B
2017-04-10 13:46:59+00:00,-79.5,-70.2,-67.66666666666667,-81.6,-60.0,-64.0,-74.0,-76.8,-80.33333333333333,-84.25,-67.6,living_area_A
2017-04-10 13:47:00+00:00,-83.25,-73.2,-78.25,-80.0,-68.25,-61.333333333333336,-87.0,-78.0,-67.25,-77.0,-83.5,living_area_A
2017-04-10 13:47:01+00:00,-79.5,-76.25,-77.0,-83.0,-75.8,-72.75,-74.25,-70.0,-65.6,-76.75,-67.25,living_area_A
2017-04-10 13:47:02+00:00,-90.33333333333333,-85.5,-78.0,-76.33333333333333,-74.66666666666667,-77.4,-69.8,-70.2,-60.0,-78.0,-57.4,living_area_A
2017-04-10 13:47:03+00:00,-120.0,-83.33333333333333,-76.75,-79.5,-79.8,-69.33333333333333,-58.75,-75.33333333333333,-53.333333333333336,-82.5,-60.8,living_area_A
2017-04-10 13:47:04+00:00,-81.2,-82.8,-84.0,-89.0,-83.2,-81.0,-83.0,-70.6,-61.333333333333336,-90.0,-57.25,living_area_A
2017-04-10 13:47:05+00:00,-78.33333333333333,-83.0,-90.0,-88.0,-83.33333333333333,-75.25,-70.0,-71.25,-61.333333333333336,-80.25,-65.33333333333333,living_area_A
2017-04-10 13:47:06+00:00,-85.66666666666667,-87.8,-81.0,-85.0,-83.75,-82.25,-71.2,-70.4,-59.333333333333336,-82.25,-59.2,living_area_A
2017-04-10 13:47:07+00:00,-83.5,-80.25,-81.25,-93.5,-79.66666666666667,-81.66666666666667,-75.75,-74.5,-65.66666666666667,-81.75,-58.0,living_area_A
2017-04-10 13:47:08+00:00,-73.0,-65.0,-81.0,-81.0,-85.5,-72.66666666666667,-77.5,-70.0,-72.5,-67.75,-72.33333333333333,living_area_A
2017-04-10 13:47:09+00:00,-85.0,-82.25,-73.66666666666667,-76.33333333333333,-78.0,-75.0,-77.0,-75.25,-67.33333333333333,-75.0,-74.33333333333333,living_area_A
2017-04-10 13:47:10+00:00,-68.4,-92.5,-98.0,-76.0,-84.5,-73.0,-80.0,-63.8,-65.4,-80.4,-66.0,kitchen
2017-04-10 13:47:11+00:00,-66.25,-96.0,-83.0,-83.0,-80.5,-90.5,-82.0,-59.6,-81.0,-85.0,-78.5,kitchen
2017-04-10 13:47:12+00:00,-69.0,-120.0,-89.0,-82.0,-81.33333333333333,-87.66666666666667,-87.5,-57.4,-81.33333333333333,-95.0,-85.66666666666667,kitchen
2017-04-10 13:47:15+00:00,-120.0,-91.33333333333333,-82.33333333333333,-84.0,-80.66666666666667,-78.5,-80.33333333333333,-57.0,-68.75,-120.0,-82.2,kitchen
2017-04-10 13:47:16+00:00,-72.25,-120.0,-89.0,-120.0,-86.2,-83.25,-88.0,-63.0,-68.0,-88.66666666666667,-87.66666666666667,kitchen
2017-04-10 13:47:17+00:00,-82.75,-94.0,-120.0,-120.0,-87.75,-85.33333333333333,-92.0,-67.2,-80.0,-120.0,-87.0,kitchen
2017-04-10 13:47:18+00:00,-79.75,-90.0,-120.0,-89.0,-87.5,-90.33333333333333,-87.0,-65.0,-71.0,-87.75,-82.0,kitchen
2017-04-10 13:47:19+00:00,-74.25,-120.0,-87.33333333333333,-91.5,-81.25,-75.4,-85.33333333333333,-52.0,-69.6,-82.5,-75.5,kitchen
2017-04-10 13:47:20+00:00,-68.2,-90.33333333333333,-87.5,-81.2,-76.2,-80.66666666666667,-91.33333333333333,-52.75,-74.5,-76.0,-76.25,kitchen
2017-04-10 13:47:21+00:00,-81.5,-79.0,-93.0,-82.5,-87.33333333333333,-68.75,-82.0,-55.666666666666664,-73.66666666666667,-79.25,-73.66666666666667,kitchen
2017-04-10 13:47:22+00:00,-82.6,-76.25,-84.0,-81.0,-77.75,-73.0,-64.0,-76.75,-53.2,-76.5,-56.5,living_area_A
2017-04-10 13:47:23+00:00,-85.33333333333333,-82.5,-82.75,-86.66666666666667,-72.66666666666667,-77.25,-73.2,-76.5,-66.0,-94.0,-52.8,living_area_A
2017-04-10 13:47:24+00:00,-81.33333333333333,-80.0,-88.0,-83.0,-79.0,-83.66666666666667,-75.0,-69.75,-67.0,-83.25,-57.0,living_area_A
2017-04-10 13:47:25+00:00,-82.5,-74.0,-78.75,-87.0,-80.8,-74.5,-71.5,-70.5,-72.66666666666667,-80.33333333333333,-48.25,living_area_A
2017-04-10 13:47:26+00:00,-120.0,-76.6,-70.5,-87.25,-82.5,-73.8,-74.5,-72.5,-69.66666666666667,-88.33333333333333,-41.25,living_area_A
2017-04-10 13:47:27+00:00,-80.0,-69.0,-75.66666666666667,-82.0,-75.75,-72.66666666666667,-68.6,-79.0,-65.4,-89.33333333333333,-50.2,living_area_A
2017-04-10 13:47:28+00:00,-88.66666666666667,-67.6,-75.33333333333333,-76.0,-80.25,-74.25,-70.0,-84.0,-67.6,-74.33333333333333,-63.0,living_area_A
2017-04-10 13:47:29+00:00,-90.33333333333333,-59.0,-79.33333333333333,-83.0,-67.0,-65.75,-72.0,-85.75,-49.25,-77.8,-71.8,living_area_A
2017-04-10 13:47:30+00:00,-86.33333333333333,-71.33333333333333,-79.0,-82.5,-65.33333333333333,-71.4,-71.75,-82.2,-60.75,-77.8,-65.0,living_area_A
2017-04-10 13:47:31+00:00,-85.5,-71.25,-76.8,-79.0,-63.5,-63.0,-66.0,-77.66666666666667,-58.0,-71.66666666666667,-81.0,living_area_A
2017-04-10 13:47:32+00:00,-84.33333333333333,-76.4,-85.0,-78.5,-61.25,-74.33333333333333,-84.5,-80.2,-68.66666666666667,-76.0,-71.2,living_area_A
2017-04-10 13:47:37+00:00,-89.75,-75.0,-81.0,-78.25,-60.2,-63.0,-69.0,-76.2,-60.75,-76.25,-71.6,living_area_A
2017-04-10 13:47:38+00:00,-83.0,-80.0,-75.75,-76.0,-69.6,-70.0,-81.66666666666667,-87.0,-76.33333333333333,-73.2,-69.25,living_area_A
2017-04-10 13:47:48+00:00,-85.0,-76.0,-79.0,-84.33333333333333,-74.5,-70.0,-77.75,-71.25,-65.0,-80.75,-71.0,living_area_A
2017-04-10 13:47:49+00:00,-81.5,-74.0,-78.6,-80.75,-73.75,-69.0,-75.5,-74.2,-76.5,-85.75,-71.5,living_area_A
2017-04-10 13:47:50+00:00,-77.25,-78.2,-78.0,-79.6,-71.0,-65.66666666666667,-80.0,-74.8,-120.0,-70.66666666666667,-75.6,living_area_A
2017-04-10 13:47:58+00:00,-82.0,-76.66666666666667,-89.0,-85.0,-77.75,-81.33333333333333,-75.5,-79.6,-59.5,-87.0,-73.75,living_area_A
2017-04-10 13:48:16+00:00,-82.66666666666667,-82.25,-82.66666666666667,-88.33333333333333,-74.0,-73.0,-76.5,-74.25,-65.0,-79.75,-78.0,living_area_A
2017-04-10 13:48:17+00:00,-89.0,-89.66666666666667,-80.25,-80.0,-78.25,-79.25,-70.33333333333333,-74.0,-66.0,-88.5,-74.5,living_area_A
2017-04-10 13:48:18+00:00,-80.0,-87.0,-82.33333333333333,-92.5,-82.33333333333333,-81.5,-87.0,-69.8,-65.5,-81.0,-74.5,living_area_A
2017-04-10 13:48:22+00:00,-88.0,-78.0,-86.75,-96.0,-82.0,-85.33333333333333,-79.33333333333333,-84.0,-77.5,-89.33333333333333,-65.66666666666667,living_area_A
2017-04-10 13:48:25+00:00,-86.33333333333333,-82.75,-78.6,-78.0,-73.5,-77.8,-83.25,-80.0,-69.0,-85.0,-74.25,living_area_A
2017-04-10 13:48:27+00:00,-80.5,-82.8,-87.25,-89.5,-75.5,-85.0,-86.5,-72.33333333333333,-70.75,-81.0,-73.75,living_area_A
2017-04-10 13:48:28+00:00,-84.0,-94.0,-80.0,-83.0,-73.33333333333333,-85.75,-82.0,-70.0,-81.75,-90.0,-76.2,living_area_A
2017-04-10 13:48:29+00:00,-87.0,-80.8,-86.33333333333333,-87.0,-75.0,-83.8,-78.2,-74.0,-64.25,-85.25,-76.25,living_area_A
2017-04-10 13:48:30+00:00,-85.66666666666667,-80.33333333333333,-88.0,-95.33333333333333,-85.25,-85.75,-91.66666666666667,-73.2,-69.33333333333333,-87.75,-81.5,living_area_A
2017-04-10 13:48:31+00:00,-73.0,-77.5,-82.6,-120.0,-72.33333333333333,-87.75,-77.5,-72.5,-74.25,-120.0,-69.0,living_area_A
2017-04-10 13:48:32+00:00,-83.0,-83.75,-85.5,-88.0,-78.75,-83.5,-79.66666666666667,-77.25,-69.5,-81.25,-77.0,living_area_A
2017-04-10 13:48:33+00:00,-81.66666666666667,-86.4,-80.75,-78.5,-82.75,-82.25,-80.33333333333333,-78.0,-72.5,-78.0,-72.0,living_area_A
2017-04-10 13:48:34+00:00,-80.5,-84.0,-85.75,-92.0,-80.5,-87.0,-84.25,-77.0,-70.8,-81.6,-77.6,living_area_A
2017-04-10 13:48:35+00:00,-83.4,-83.0,-85.25,-84.33333333333333,-88.0,-80.0,-78.0,-73.0,-61.75,-79.5,-78.6,living_area_A
2017-04-10 13:48:36+00:00,-81.75,-83.0,-85.5,-86.0,-74.75,-87.0,-84.0,-73.25,-75.0,-86.0,-67.5,living_area_A
2017-04-10 13:48:38+00:00,-81.33333333333333,-87.25,-77.0,-82.5,-76.5,-85.0,-83.4,-78.66666666666667,-75.5,-85.66666666666667,-71.8,living_area_A
2017-04-10 13:48:39+00:00,-84.5,-76.66666666666667,-80.8,-85.0,-77.33333333333333,-79.6,-71.0,-67.33333333333333,-66.66666666666667,-81.25,-70.5,living_area_A
2017-04-10 13:48:40+00:00,-77.4,-84.0,-83.5,-89.0,-73.66666666666667,-84.33333333333333,-79.33333333333333,-82.6,-72.0,-79.8,-74.5,living_area_A
2017-04-10 13:48:41+00:00,-78.4,-86.66666666666667,-83.5,-84.0,-74.75,-85.66666666666667,-72.66666666666667,-68.0,-81.0,-89.6,-81.33333333333333,living_area_A
2017-04-10 13:48:46+00:00,-79.75,-80.8,-85.6,-89.33333333333333,-78.66666666666667,-76.2,-79.25,-71.25,-71.33333333333333,-77.33333333333333,-72.33333333333333,living_area_A
2017-04-10 13:48:47+00:00,-83.5,-80.6,-81.66666666666667,-91.0,-63.333333333333336,-70.75,-80.5,-72.75,-67.66666666666667,-75.0,-72.25,living_area_A
2017-04-10 13:48:48+00:00,-68.8,-88.0,-80.0,-81.5,-76.8,-92.0,-78.5,-58.0,-66.75,-83.8,-75.8,kitchen
2017-04-10 13:48:49+00:00,-70.5,-94.5,-87.0,-120.0,-85.0,-79.25,-90.0,-47.75,-81.33333333333333,-89.5,-78.75,kitchen
2017-04-10 13:48:51+00:00,-65.8,-86.5,-98.0,-120.0,-84.33333333333333,-83.25,-87.0,-59.8,-78.5,-81.0,-78.6,kitchen
2017-04-10 13:48:52+00:00,-67.0,-86.5,-92.5,-120.0,-85.25,-86.0,-93.0,-56.75,-72.2,-88.0,-84.66666666666667,kitchen
2017-04-10 13:48:53+00:00,-73.6,-120.0,-120.0,-120.0,-83.0,-86.0,-88.0,-59.8,-84.0,-89.25,-84.25,kitchen
2017-04-10 13:48:54+00:00,-71.25,-120.0,-120.0,-120.0,-88.75,-78.66666666666667,-88.0,-62.4,-80.5,-120.0,-87.0,kitchen
2017-04-10 13:48:55+00:00,-75.0,-120.0,-120.0,-100.0,-92.0,-87.5,-120.0,-67.75,-75.0,-120.0,-80.5,kitchen
2017-04-10 13:48:56+00:00,-80.75,-120.0,-120.0,-120.0,-89.5,-80.0,-100.0,-63.5,-77.0,-120.0,-84.0,kitchen
2017-04-10 13:48:57+00:00,-77.5,-86.0,-83.0,-84.5,-86.0,-88.66666666666667,-94.5,-57.0,-83.33333333333333,-93.33333333333333,-74.6,kitchen
2017-04-10 13:48:58+00:00,-73.4,-82.66666666666667,-88.33333333333333,-93.5,-80.33333333333333,-82.66666666666667,-83.5,-54.4,-69.5,-83.33333333333333,-71.0,kitchen
2017-04-10 13:48:59+00:00,-65.8,-85.0,-120.0,-80.0,-83.75,-81.5,-91.0,-59.75,-69.0,-93.5,-80.5,kitchen
2017-04-10 13:49:00+00:00,-62.0,-89.0,-120.0,-120.0,-78.75,-83.66666666666667,-93.0,-58.5,-75.5,-120.0,-76.0,kitchen
2017-04-10 13:49:01+00:00,-66.0,-120.0,-83.66666666666667,-120.0,-74.5,-85.5,-93.0,-58.5,-83.66666666666667,-100.0,-88.5,kitchen
2017-04-10 13:49:02+00:00,-70.75,-120.0,-96.0,-86.0,-79.0,-84.66666666666667,-93.66666666666667,-54.8,-75.25,-91.5,-79.5,kitchen
2017-04-10 13:49:03+00:00,-73.0,-120.0,-89.0,-120.0,-74.33333333333333,-80.2,-89.66666666666667,-64.2,-76.8,-85.0,-82.6,kitchen
2017-04-10 13:49:04+00:00,-65.5,-120.0,-97.0,-120.0,-74.66666666666667,-79.33333333333333,-96.0,-61.0,-88.0,-93.0,-87.0,kitchen
2017-04-10 13:49:05+00:00,-69.8,-120.0,-93.0,-120.0,-79.75,-80.75,-91.0,-65.6,-86.66666666666667,-89.0,-90.66666666666667,kitchen
2017-04-10 13:49:06+00:00,-68.5,-120.0,-86.0,-120.0,-78.6,-82.0,-78.0,-65.5,-120.0,-79.0,-80.4,kitchen
2017-04-10 13:49:07+00:00,-72.2,-120.0,-120.0,-120.0,-79.0,-76.5,-89.5,-62.5,-79.0,-84.33333333333333,-85.8,kitchen
2017-04-10 13:49:08+00:00,-72.4,-120.0,-102.0,-120.0,-76.5,-85.75,-89.25,-76.0,-76.66666666666667,-85.33333333333333,-89.33333333333333,kitchen
2017-04-10 13:49:09+00:00,-73.0,-120.0,-86.0,-120.0,-78.5,-83.66666666666667,-95.0,-58.4,-67.0,-85.66666666666667,-78.0,kitchen
2017-04-10 13:49:10+00:00,-63.6,-93.33333333333333,-89.5,-99.0,-80.0,-80.75,-83.0,-65.75,-81.66666666666667,-88.5,-84.4,kitchen
2017-04-10 13:49:11+00:00,-70.8,-91.0,-98.5,-120.0,-82.25,-85.66666666666667,-98.0,-45.333333333333336,-72.5,-85.75,-79.75,kitchen
2017-04-10 13:49:12+00:00,-59.5,-88.5,-120.0,-120.0,-81.5,-79.0,-87.25,-55.6,-76.75,-84.6,-74.75,kitchen
2017-04-10 13:49:13+00:00,-71.0,-91.0,-89.33333333333333,-120.0,-86.33333333333333,-75.0,-88.5,-68.0,-72.0,-76.0,-83.0,kitchen
2017-04-10 13:49:15+00:00,-69.5,-88.5,-120.0,-120.0,-88.0,-88.33333333333333,-91.33333333333333,-61.666666666666664,-71.66666666666667,-85.33333333333333,-79.0,kitchen
2017-04-10 13:49:16+00:00,-72.6,-120.0,-88.0,-88.0,-82.0,-83.33333333333333,-90.33333333333333,-52.5,-73.66666666666667,-88.0,-78.0,kitchen
2017-04-10 13:49:17+00:00,-73.8,-120.0,-88.0,-120.0,-80.66666666666667,-92.0,-84.0,-54.75,-82.66666666666667,-91.5,-86.0,kitchen
2017-04-10 13:49:19+00:00,-74.8,-89.0,-85.66666666666667,-120.0,-78.0,-91.25,-120.0,-62.0,-85.66666666666667,-82.0,-86.25,kitchen
2017-04-10 13:49:20+00:00,-85.33333333333333,-120.0,-120.0,-120.0,-78.0,-88.5,-97.0,-52.25,-73.5,-82.5,-85.25,kitchen
2017-04-10 13:49:21+00:00,-120.0,-120.0,-87.0,-120.0,-78.0,-99.0,-120.0,-59.0,-68.0,-120.0,-78.0,kitchen
2017-04-10 13:49:22+00:00,-71.75,-89.0,-85.0,-120.0,-80.5,-85.66666666666667,-82.5,-57.5,-69.0,-90.75,-78.75,kitchen
2017-04-10 13:49:23+00:00,-71.0,-86.0,-81.0,-82.0,-75.75,-86.0,-85.4,-57.4,-64.25,-91.0,-86.0,kitchen
2017-04-10 13:49:24+00:00,-75.2,-90.33333333333333,-84.66666666666667,-120.0,-83.0,-81.33333333333333,-89.33333333333333,-63.333333333333336,-64.75,-78.5,-75.5,kitchen
2017-04-10 13:49:25+00:00,-77.8,-120.0,-120.0,-120.0,-82.8,-86.0,-84.0,-64.25,-78.5,-90.33333333333333,-80.5,kitchen
2017-04-10 13:49:26+00:00,-73.8,-88.66666666666667,-101.0,-120.0,-82.6,-82.66666666666667,-94.0,-46.5,-72.0,-83.66666666666667,-76.33333333333333,kitchen
2017-04-10 13:49:27+00:00,-70.0,-85.8,-81.25,-89.0,-70.75,-73.66666666666667,-78.0,-63.75,-58.666666666666664,-81.33333333333333,-76.75,kitchen
2017-04-10 13:49:28+00:00,-64.0,-85.0,-98.0,-94.0,-75.75,-80.5,-78.0,-65.75,-65.33333333333333,-96.0,-81.0,kitchen
2017-04-10 13:49:42+00:00,-72.4,-82.66666666666667,-76.75,-85.6,-70.0,-65.4,-71.75,-56.666666666666664,-66.0,-77.0,-84.33333333333333,living_area_A
2017-04-10 13:49:43+00:00,-78.5,-84.5,-78.0,-83.0,-69.6,-72.5,-79.5,-59.0,-50.666666666666664,-85.5,-72.2,living_area_A
2017-04-10 13:49:44+00:00,-79.25,-84.5,-84.66666666666667,-91.5,-80.33333333333333,-77.75,-75.75,-70.25,-50.0,-79.4,-77.4,living_area_A
2017-04-10 13:49:45+00:00,-74.0,-89.25,-83.0,-84.0,-77.25,-79.0,-74.0,-73.4,-59.666666666666664,-73.25,-61.4,living_area_A
2017-04-10 13:49:46+00:00,-85.0,-76.4,-73.5,-83.66666666666667,-72.0,-72.5,-74.0,-80.2,-61.0,-76.8,-59.6,living_area_A
2017-04-10 13:49:47+00:00,-81.75,-77.75,-76.75,-85.0,-71.25,-82.25,-69.5,-76.8,-53.75,-76.75,-56.75,living_area_A
2017-04-10 13:49:48+00:00,-92.0,-82.5,-83.0,-77.66666666666667,-81.0,-70.0,-56.0,-77.5,-43.5,-74.0,-61.333333333333336,living_area_A
2017-04-10 13:49:49+00:00,-97.0,-78.8,-70.0,-79.0,-79.75,-72.0,-55.333333333333336,-80.25,-51.5,-75.4,-67.25,living_area_A
2017-04-10 13:49:50+00:00,-88.5,-81.2,-78.66666666666667,-79.8,-74.0,-66.8,-57.0,-77.0,-51.2,-71.0,-68.66666666666667,living_area_A
2017-04-10 13:49:51+00:00,-84.0,-87.75,-84.4,-89.0,-77.4,-72.4,-72.6,-79.2,-49.4,-77.0,-58.0,living_area_A
2017-04-10 13:49:52+00:00,-84.5,-90.66666666666667,-80.0,-86.75,-78.2,-74.66666666666667,-72.6,-70.33333333333333,-59.0,-82.0,-55.0,living_area_A
2017-04-10 13:49:53+00:00,-81.75,-85.0,-80.25,-82.4,-72.0,-72.8,-65.0,-75.6,-47.333333333333336,-80.0,-60.8,living_area_A
2017-04-10 13:49:54+00:00,-80.6,-83.0,-83.0,-87.33333333333333,-77.5,-71.4,-63.8,-79.25,-61.333333333333336,-75.25,-57.4,living_area_A
2017-04-10 13:49:55+00:00,-85.75,-86.8,-83.0,-83.5,-78.33333333333333,-68.5,-64.0,-80.66666666666667,-50.25,-76.75,-52.25,living_area_A
2017-04-10 13:49:56+00:00,-84.25,-90.0,-82.8,-90.75,-73.0,-70.8,-70.2,-78.0,-56.75,-79.25,-54.0,living_area_A
2017-04-10 13:49:57+00:00,-85.0,-83.75,-78.33333333333333,-86.0,-74.8,-75.6,-61.75,-81.6,-54.8,-79.33333333333333,-64.0,living_area_A
2017-04-10 13:49:58+00:00,-83.25,-87.75,-94.0,-80.0,-73.75,-70.75,-67.66666666666667,-74.66666666666667,-49.0,-82.0,-56.75,living_area_A
2017-04-10 13:49:59+00:00,-82.75,-90.0,-87.2,-89.33333333333333,-83.0,-69.2,-71.0,-74.6,-54.0,-82.0,-57.0,living_area_A
2017-04-10 13:50:00+00:00,-81.33333333333333,-98.0,-77.0,-85.33333333333333,-81.75,-69.75,-78.0,-76.2,-56.25,-83.75,-56.666666666666664,living_area_A
2017-04-10 13:50:01+00:00,-81.4,-99.5,-86.0,-82.5,-85.0,-62.333333333333336,-70.75,-85.25,-56.0,-84.0,-59.0,living_area_A
2017-04-10 13:50:02+00:00,-87.33333333333333,-82.4,-76.0,-120.0,-90.0,-76.0,-74.5,-72.0,-62.0,-83.66666666666667,-62.0,living_area_A
2017-04-10 13:50:03+00:00,-87.75,-77.4,-79.5,-86.75,-77.33333333333333,-72.0,-63.5,-83.25,-54.75,-73.0,-59.25,living_area_A
2017-04-10 13:50:04+00:00,-84.0,-88.75,-82.33333333333333,-89.33333333333333,-84.0,-67.0,-58.5,-75.0,-63.25,-72.75,-64.33333333333333,living_area_A
2017-04-10 13:50:05+00:00,-86.5,-88.8,-84.0,-82.6,-75.66666666666667,-75.33333333333333,-69.25,-74.75,-71.0,-75.6,-65.25,living_area_A
2017-04-10 13:50:06+00:00,-83.5,-82.0,-75.4,-96.0,-77.25,-65.0,-61.5,-83.0,-64.66666666666667,-82.5,-69.25,living_area_A
2017-04-10 13:50:07+00:00,-82.66666666666667,-86.8,-75.25,-87.66666666666667,-80.25,-69.75,-64.0,-79.0,-55.5,-78.4,-57.8,living_area_A
2017-04-10 13:50:08+00:00,-91.0,-81.0,-83.33333333333333,-76.33333333333333,-84.66666666666667,-74.4,-56.8,-75.5,-52.666666666666664,-82.75,-57.6,living_area_A
2017-04-10 13:50:09+00:00,-84.0,-75.0,-74.5,-79.0,-82.0,-76.25,-62.5,-75.5,-48.75,-78.4,-53.0,living_area_A
2017-04-10 13:50:10+00:00,-79.6,-81.0,-87.0,-80.66666666666667,-82.6,-73.66666666666667,-66.0,-71.5,-64.66666666666667,-83.25,-60.5,living_area_A
2017-04-10 13:50:11+00:00,-82.6,-72.0,-72.66666666666667,-84.5,-80.0,-75.25,-83.5,-74.8,-65.5,-66.0,-65.0,living_area_A
2017-04-10 13:50:12+00:00,-74.33333333333333,-79.25,-84.5,-80.66666666666667,-77.33333333333333,-69.0,-72.0,-68.0,-60.666666666666664,-80.0,-69.0,living_area_A
2017-04-10 13:50:13+00:00,-63.75,-89.66666666666667,-83.5,-90.5,-73.5,-86.5,-84.0,-63.5,-71.5,-84.33333333333333,-74.66666666666667,kitchen
2017-04-10 13:50:14+00:00,-64.5,-120.0,-92.0,-120.0,-85.66666666666667,-84.0,-93.5,-59.0,-77.5,-88.66666666666667,-75.66666666666667,kitchen
2017-04-10 13:50:16+00:00,-67.6,-91.0,-84.5,-89.33333333333333,-71.6,-82.25,-83.33333333333333,-60.75,-62.333333333333336,-77.0,-76.5,kitchen
2017-04-10 13:50:17+00:00,-74.75,-83.0,-76.0,-89.66666666666667,-68.0,-76.5,-83.0,-45.0,-68.66666666666667,-80.66666666666667,-74.2,kitchen
2017-04-10 13:50:18+00:00,-86.0,-88.5,-86.25,-80.0,-69.75,-73.0,-71.33333333333333,-46.666666666666664,-56.0,-90.75,-78.33333333333333,living_area_A
2017-04-10 13:50:19+00:00,-78.75,-81.6,-82.0,-86.5,-81.25,-64.33333333333333,-77.8,-67.33333333333333,-63.5,-78.8,-60.6,living_area_A
2017-04-10 13:50:20+00:00,-75.5,-79.25,-74.33333333333333,-85.75,-65.2,-67.75,-74.4,-82.25,-50.0,-75.0,-58.4,living_area_A
2017-04-10 13:50:21+00:00,-88.6,-80.0,-76.6,-83.4,-78.25,-72.75,-71.5,-80.25,-55.6,-81.8,-55.5,living_area_A
2017-04-10 13:50:22+00:00,-91.5,-87.4,-84.5,-85.66666666666667,-77.75,-78.5,-68.0,-74.66666666666667,-48.5,-77.25,-71.5,living_area_A
2017-04-10 13:50:23+00:00,-81.66666666666667,-86.2,-75.75,-81.2,-81.0,-73.33333333333333,-62.0,-76.75,-47.6,-84.5,-55.0,living_area_A
2017-04-10 13:50:24+00:00,-79.0,-89.0,-76.75,-94.0,-86.2,-72.75,-59.5,-77.0,-60.5,-75.75,-58.8,living_area_A
2017-04-10 13:50:25+00:00,-83.0,-73.75,-70.0,-81.66666666666667,-76.6,-82.75,-63.0,-80.6,-52.75,-81.0,-56.8,living_area_A
2017-04-10 13:50:26+00:00,-92.66666666666667,-84.0,-76.0,-76.5,-80.2,-65.66666666666667,-58.2,-87.66666666666667,-46.8,-80.5,-58.0,living_area_A
2017-04-10 13:50:27+00:00,-86.5,-74.66666666666667,-70.5,-84.0,-77.33333333333333,-71.0,-49.6,-79.25,-45.8,-74.6,-61.6,living_area_A
2017-04-10 13:50:28+00:00,-120.0,-77.8,-75.75,-87.66666666666667,-81.0,-83.0,-53.666666666666664,-70.66666666666667,-44.666666666666664,-75.0,-62.0,living_area_A
2017-04-10 13:50:29+00:00,-120.0,-80.2,-66.0,-82.2,-78.75,-82.33333333333333,-66.6,-78.25,-48.75,-71.0,-56.75,living_area_A
2017-04-10 13:50:30+00:00,-88.0,-84.25,-79.5,-84.5,-86.0,-83.33333333333333,-59.4,-77.5,-51.5,-86.4,-57.2,living_area_A
2017-04-10 13:50:31+00:00,-88.0,-83.0,-73.6,-80.0,-83.5,-74.8,-68.25,-68.5,-48.25,-86.33333333333333,-50.333333333333336,living_area_A
2017-04-10 13:50:32+00:00,-85.6,-82.5,-68.0,-77.66666666666667,-79.4,-73.25,-63.5,-78.66666666666667,-48.0,-80.5,-61.333333333333336,living_area_A
2017-04-10 13:50:33+00:00,-81.5,-85.5,-68.0,-84.6,-87.2,-74.33333333333333,-70.75,-76.6,-63.25,-87.5,-53.6,living_area_A
2017-04-10 13:50:34+00:00,-83.0,-79.25,-78.0,-74.0,-77.25,-82.2,-57.75,-77.66666666666667,-53.6,-80.25,-50.75,living_area_A
2017-04-10 13:50:35+00:00,-86.25,-76.0,-76.33333333333333,-77.25,-70.0,-76.75,-59.25,-83.5,-53.4,-81.5,-54.4,living_area_A
2017-04-10 13:50:36+00:00,-81.66666666666667,-84.2,-80.0,-84.5,-82.6,-78.5,-65.33333333333333,-81.0,-56.5,-86.33333333333333,-58.0,living_area_A
2017-04-10 13:50:37+00:00,-77.0,-84.0,-82.5,-90.25,-76.6,-72.75,-81.33333333333333,-74.0,-59.666666666666664,-81.0,-59.0,living_area_A
2017-04-10 13:50:38+00:00,-85.0,-75.2,-80.75,-86.5,-77.5,-77.25,-81.5,-76.25,-66.25,-76.75,-61.5,living_area_A
2017-04-10 13:50:39+00:00,-85.33333333333333,-78.5,-83.0,-86.0,-84.0,-73.75,-56.666666666666664,-72.0,-69.33333333333333,-86.0,-57.8,living_area_A
2017-04-10 13:50:40+00:00,-81.75,-77.33333333333333,-79.0,-91.0,-84.5,-78.33333333333333,-64.0,-74.25,-67.0,-86.75,-52.0,living_area_A
2017-04-10 13:50:41+00:00,-83.0,-77.75,-86.4,-89.6,-85.33333333333333,-76.0,-67.66666666666667,-75.25,-69.33333333333333,-83.75,-59.2,living_area_A
2017-04-10 13:50:42+00:00,-80.66666666666667,-79.5,-82.5,-83.0,-77.0,-77.8,-71.8,-80.25,-55.0,-81.8,-59.0,living_area_A
2017-04-10 13:50:43+00:00,-89.75,-82.8,-82.0,-82.66666666666667,-80.66666666666667,-78.0,-58.4,-80.0,-59.5,-77.0,-60.0,living_area_A
2017-04-10 13:50:44+00:00,-88.6,-87.0,-78.0,-85.0,-80.0,-74.0,-65.6,-76.6,-56.0,-80.5,-58.8,living_area_A
2017-04-10 13:50:45+00:00,-85.6,-81.33333333333333,-84.33333333333333,-79.33333333333333,-78.0,-79.0,-63.6,-76.2,-67.33333333333333,-79.75,-60.8,living_area_A
2017-04-10 13:50:46+00:00,-87.0,-90.0,-88.25,-80.0,-76.0,-86.4,-59.0,-75.0,-49.5,-71.4,-62.0,living_area_A
2017-04-10 13:50:47+00:00,-90.4,-77.0,-80.5,-83.5,-82.0,-73.25,-68.75,-76.25,-70.8,-77.66666666666667,-63.0,living_area_A
2017-04-10 13:50:48+00:00,-89.0,-84.5,-84.4,-84.0,-82.33333333333333,-74.33333333333333,-68.25,-77.0,-54.0,-83.0,-60.0,living_area_A
2017-04-10 13:50:49+00:00,-83.75,-83.5,-82.0,-84.33333333333333,-88.0,-71.0,-61.75,-74.33333333333333,-57.333333333333336,-79.5,-63.5,living_area_A
2017-04-10 13:50:50+00:00,-92.25,-83.2,-77.5,-89.0,-88.66666666666667,-74.0,-65.0,-72.66666666666667,-54.666666666666664,-76.0,-60.666666666666664,living_area_A
2017-04-10 13:50:51+00:00,-91.0,-84.75,-80.5,-92.33333333333333,-79.5,-77.25,-57.25,-82.0,-61.25,-76.5,-58.5,living_area_A
2017-04-10 13:50:52+00:00,-85.5,-78.75,-80.4,-88.75,-80.2,-78.0,-63.0,-75.75,-61.75,-81.0,-64.75,living_area_A
2017-04-10 13:50:54+00:00,-96.0,-82.0,-73.66666666666667,-79.75,-79.75,-71.25,-55.0,-72.0,-65.0,-84.5,-61.6,living_area_A
2017-04-10 13:50:55+00:00,-86.33333333333333,-85.5,-70.75,-80.5,-81.0,-81.6,-66.5,-77.0,-54.2,-81.0,-59.333333333333336,living_area_A
2017-04-10 13:50:56+00:00,-82.25,-84.75,-72.4,-86.5,-74.66666666666667,-77.0,-68.5,-77.0,-54.333333333333336,-83.0,-60.8,living_area_A
2017-04-10 13:50:57+00:00,-89.33333333333333,-80.4,-72.75,-84.0,-76.8,-72.0,-55.75,-75.8,-55.333333333333336,-92.5,-61.5,living_area_A
2017-04-10 13:50:58+00:00,-79.0,-91.66666666666667,-72.75,-75.5,-75.75,-76.25,-57.333333333333336,-80.6,-52.8,-86.0,-57.0,living_area_A
2017-04-10 13:50:59+00:00,-89.75,-84.6,-76.2,-83.0,-80.75,-77.6,-72.0,-69.0,-41.75,-87.66666666666667,-51.0,living_area_A
2017-04-10 13:51:00+00:00,-95.0,-88.5,-76.66666666666667,-80.0,-82.25,-78.33333333333333,-63.6,-75.8,-59.0,-83.66666666666667,-53.2,living_area_A
2017-04-10 13:51:01+00:00,-90.0,-84.0,-72.5,-84.0,-71.66666666666667,-76.25,-47.666666666666664,-72.25,-52.333333333333336,-83.0,-57.5,living_area_A
2017-04-10 13:51:02+00:00,-86.66666666666667,-86.0,-89.0,-82.25,-78.6,-71.66666666666667,-62.0,-77.0,-57.333333333333336,-77.75,-57.0,living_area_A
2017-04-10 13:51:03+00:00,-77.33333333333333,-85.0,-75.75,-86.0,-81.5,-82.25,-62.6,-77.6,-52.25,-75.33333333333333,-64.2,living_area_A
2017-04-10 13:51:04+00:00,-85.25,-79.0,-77.66666666666667,-86.0,-74.0,-73.0,-63.6,-80.0,-65.0,-81.5,-59.75,living_area_A
2017-04-10 13:51:05+00:00,-83.33333333333333,-98.5,-80.0,-88.33333333333333,-75.0,-76.75,-72.0,-76.25,-54.25,-76.5,-57.75,living_area_A
2017-04-10 13:51:06+00:00,-82.0,-89.0,-83.4,-85.0,-74.4,-69.5,-69.0,-76.4,-53.8,-77.75,-62.666666666666664,living_area_A
2017-04-10 13:51:07+00:00,-84.0,-87.4,-79.0,-85.5,-71.75,-72.75,-70.0,-77.8,-56.0,-76.0,-65.0,living_area_A
2017-04-10 13:51:08+00:00,-86.0,-83.0,-72.0,-80.0,-72.4,-74.33333333333333,-74.75,-75.25,-57.6,-80.0,-69.4,living_area_A
2017-04-10 13:51:09+00:00,-79.0,-90.0,-81.75,-78.75,-73.6,-77.0,-66.33333333333333,-76.5,-53.75,-76.0,-69.5,living_area_A
2017-04-10 13:51:10+00:00,-89.0,-89.66666666666667,-83.33333333333333,-86.25,-73.75,-76.4,-71.5,-79.0,-61.6,-79.5,-68.4,living_area_A
2017-04-10 13:51:11+00:00,-86.75,-83.25,-80.0,-77.66666666666667,-74.75,-73.33333333333333,-62.8,-74.5,-56.75,-80.0,-67.8,living_area_A
2017-04-10 13:51:12+00:00,-90.25,-86.0,-82.0,-77.0,-86.0,-68.25,-67.0,-84.5,-66.33333333333333,-84.0,-71.33333333333333,living_area_A
2017-04-10 13:51:13+00:00,-88.0,-84.75,-81.66666666666667,-83.0,-86.75,-80.25,-67.5,-77.75,-53.5,-79.2,-69.66666666666667,living_area_A
2017-04-10 13:51:14+00:00,-81.0,-76.0,-88.5,-88.66666666666667,-79.8,-85.25,-68.5,-76.0,-70.5,-75.0,-64.25,living_area_A
2017-04-10 13:51:15+00:00,-83.5,-82.0,-87.0,-88.0,-74.0,-75.75,-71.2,-73.66666666666667,-71.0,-79.5,-56.4,living_area_A
2017-04-10 13:51:16+00:00,-85.25,-87.66666666666667,-85.66666666666667,-83.0,-79.5,-70.66666666666667,-68.25,-74.0,-64.0,-76.33333333333333,-58.8,living_area_A
2017-04-10 13:51:17+00:00,-81.0,-90.0,-84.0,-88.33333333333333,-73.2,-75.0,-61.8,-67.2,-63.5,-89.25,-56.6,living_area_A
2017-04-10 13:51:18+00:00,-81.25,-84.0,-81.0,-88.5,-85.6,-76.0,-79.0,-78.25,-60.0,-95.0,-59.25,living_area_A
2017-04-10 13:51:19+00:00,-82.0,-90.5,-82.0,-81.0,-88.0,-78.0,-70.0,-81.8,-51.0,-91.0,-68.0,living_area_A
2017-04-10 13:51:20+00:00,-90.33333333333333,-81.0,-88.5,-83.0,-78.8,-78.75,-66.25,-73.25,-61.0,-82.33333333333333,-64.33333333333333,living_area_A
2017-04-10 13:51:21+00:00,-87.75,-87.25,-86.0,-82.33333333333333,-75.5,-79.2,-83.33333333333333,-79.5,-72.0,-85.5,-74.0,living_area_A
2017-04-10 13:51:22+00:00,-90.4,-85.0,-88.25,-93.33333333333333,-75.0,-75.5,-66.2,-75.0,-63.0,-80.0,-48.6,living_area_A
2017-04-10 13:51:23+00:00,-87.0,-83.0,-81.6,-88.5,-75.75,-85.33333333333333,-80.5,-74.25,-66.33333333333333,-86.0,-58.666666666666664,living_area_A
2017-04-10 13:51:24+00:00,-88.33333333333333,-85.6,-87.0,-93.0,-77.0,-75.0,-80.0,-73.66666666666667,-56.333333333333336,-81.66666666666667,-59.0,living_area_A
2017-04-10 13:51:25+00:00,-81.33333333333333,-82.0,-81.5,-90.0,-77.75,-73.0,-74.33333333333333,-79.0,-66.0,-83.0,-68.2,living_area_A
2017-04-10 13:51:26+00:00,-80.8,-67.6,-83.75,-81.0,-74.5,-75.6,-83.66666666666667,-73.66666666666667,-66.33333333333333,-82.0,-67.4,living_area_A
2017-04-10 13:51:27+00:00,-80.0,-80.66666666666667,-92.0,-80.0,-81.66666666666667,-80.0,-81.25,-71.75,-60.5,-75.8,-69.0,living_area_A
2017-04-10 13:51:28+00:00,-79.33333333333333,-86.0,-120.0,-99.0,-87.0,-81.0,-88.33333333333333,-62.0,-74.0,-96.5,-82.0,kitchen
2017-04-10 13:51:29+00:00,-70.0,-120.0,-86.0,-120.0,-82.2,-81.0,-120.0,-51.75,-77.5,-88.5,-81.33333333333333,kitchen
2017-04-10 13:51:33+00:00,-71.5,-89.0,-91.0,-120.0,-88.2,-80.66666666666667,-93.0,-59.25,-85.66666666666667,-90.0,-76.33333333333333,kitchen
2017-04-10 13:51:34+00:00,-77.25,-86.0,-101.0,-93.0,-85.25,-79.66666666666667,-81.5,-45.6,-75.5,-81.0,-72.4,kitchen
2017-04-10 13:51:35+00:00,-69.33333333333333,-87.66666666666667,-91.0,-120.0,-85.0,-81.25,-88.5,-52.5,-78.0,-84.0,-77.0,kitchen
2017-04-10 13:51:36+00:00,-68.2,-120.0,-101.0,-120.0,-84.0,-81.6,-88.66666666666667,-52.8,-78.5,-88.0,-85.0,kitchen
2017-04-10 13:51:47+00:00,-75.0,-85.0,-86.5,-95.0,-86.33333333333333,-80.0,-90.5,-56.0,-76.66666666666667,-93.0,-77.5,kitchen
2017-04-10 13:51:48+00:00,-65.75,-90.33333333333333,-100.0,-120.0,-87.0,-83.0,-79.0,-55.8,-73.5,-80.0,-74.33333333333333,kitchen
2017-04-10 13:51:49+00:00,-71.0,-120.0,-120.0,-120.0,-88.5,-81.0,-84.25,-53.0,-71.33333333333333,-86.0,-74.75,kitchen
2017-04-10 13:51:50+00:00,-70.0,-120.0,-120.0,-120.0,-87.33333333333333,-88.5,-120.0,-52.2,-74.0,-87.0,-70.25,kitchen
2017-04-10 13:51:51+00:00,-69.25,-88.0,-120.0,-86.0,-85.0,-82.66666666666667,-82.0,-53.5,-68.0,-90.0,-73.0,kitchen
2017-04-10 13:51:52+00:00,-63.333333333333336,-88.66666666666667,-120.0,-120.0,-71.5,-85.0,-90.5,-54.5,-72.0,-120.0,-76.0,kitchen
2017-04-10 13:52:02+00:00,-73.4,-85.66666666666667,-86.5,-83.0,-85.0,-86.33333333333333,-120.0,-51.666666666666664,-68.0,-88.5,-76.0,kitchen
2017-04-10 13:52:03+00:00,-62.0,-84.5,-93.5,-120.0,-75.0,-88.0,-84.5,-51.0,-77.66666666666667,-86.0,-67.33333333333333,kitchen
2017-04-10 13:52:04+00:00,-69.0,-87.5,-77.0,-85.0,-84.0,-81.5,-120.0,-43.0,-66.66666666666667,-120.0,-77.0,kitchen
2017-04-10 13:52:06+00:00,-76.66666666666667,-91.66666666666667,-83.0,-89.66666666666667,-80.75,-78.75,-84.0,-44.5,-78.5,-78.0,-72.0,kitchen
2017-04-10 13:52:07+00:00,-70.8,-87.5,-78.5,-88.5,-83.0,-89.33333333333333,-81.33333333333333,-53.25,-84.0,-86.8,-77.0,kitchen
2017-04-10 13:52:17+00:00,-63.5,-80.0,-92.0,-120.0,-87.2,-83.0,-85.66666666666667,-51.333333333333336,-70.2,-92.0,-73.75,kitchen
2017-04-10 13:52:18+00:00,-72.5,-81.0,-82.66666666666667,-86.5,-82.0,-74.0,-85.66666666666667,-44.0,-74.0,-83.0,-75.6,kitchen
2017-04-10 13:52:48+00:00,-68.75,-82.0,-89.0,-94.0,-94.0,-78.0,-83.0,-49.0,-67.33333333333333,-91.66666666666667,-71.0,kitchen
2017-04-10 13:52:49+00:00,-67.0,-85.33333333333333,-92.33333333333333,-120.0,-80.0,-82.0,-91.33333333333333,-46.0,-62.0,-85.0,-73.6,kitchen
2017-04-10 13:53:00+00:00,-70.0,-88.6,-97.5,-120.0,-83.4,-78.0,-91.0,-46.4,-71.5,-89.5,-65.0,kitchen
2017-04-10 13:53:02+00:00,-74.5,-89.5,-88.0,-90.0,-83.2,-86.75,-86.33333333333333,-52.2,-71.66666666666667,-77.0,-66.5,kitchen
2017-04-10 13:53:03+00:00,-73.0,-90.66666666666667,-100.0,-93.0,-95.0,-81.66666666666667,-85.0,-49.333333333333336,-71.0,-120.0,-73.33333333333333,kitchen
2017-04-10 13:53:15+00:00,-73.33333333333333,-83.75,-81.75,-82.0,-87.0,-83.0,-86.0,-53.0,-60.0,-87.8,-71.2,kitchen
2017-04-10 13:53:16+00:00,-72.75,-90.33333333333333,-120.0,-94.0,-77.0,-86.0,-87.0,-57.0,-75.0,-85.0,-68.75,kitchen
2017-04-10 13:53:17+00:00,-64.8,-90.33333333333333,-120.0,-120.0,-80.33333333333333,-85.5,-89.33333333333333,-42.0,-66.0,-89.33333333333333,-71.25,kitchen
2017-04-10 13:53:18+00:00,-64.2,-87.33333333333333,-120.0,-91.5,-81.0,-75.5,-83.33333333333333,-43.0,-64.0,-85.25,-75.5,kitchen
2017-04-10 13:53:19+00:00,-65.75,-87.0,-93.0,-83.0,-82.0,-85.75,-83.5,-54.6,-73.0,-90.5,-71.0,kitchen
2017-04-10 13:53:22+00:00,-71.5,-86.0,-87.0,-120.0,-74.0,-82.6,-88.0,-49.6,-73.33333333333333,-82.0,-73.8,kitchen
2017-04-10 13:53:23+00:00,-68.0,-83.0,-120.0,-99.0,-77.75,-81.0,-94.66666666666667,-57.75,-76.0,-88.0,-85.25,kitchen
2017-04-10 13:53:24+00:00,-66.25,-120.0,-98.0,-120.0,-81.0,-80.5,-120.0,-58.0,-73.5,-87.5,-83.25,kitchen
2017-04-10 13:53:25+00:00,-65.5,-120.0,-88.0,-120.0,-82.0,-83.0,-91.0,-60.75,-71.0,-95.0,-83.8,kitchen
2017-04-10 13:53:26+00:00,-65.75,-91.33333333333333,-120.0,-120.0,-84.66666666666667,-81.0,-88.33333333333333,-54.0,-77.66666666666667,-97.0,-82.8,kitchen
2017-04-10 13:53:27+00:00,-59.0,-120.0,-120.0,-120.0,-83.66666666666667,-80.0,-120.0,-61.0,-76.5,-96.0,-85.5,kitchen
2017-04-10 13:53:29+00:00,-76.4,-90.0,-88.5,-120.0,-82.25,-79.33333333333333,-84.66666666666667,-66.2,-76.6,-89.66666666666667,-79.6,kitchen
2017-04-10 13:53:30+00:00,-76.0,-91.33333333333333,-120.0,-120.0,-83.25,-84.0,-120.0,-41.5,-83.0,-90.0,-79.0,kitchen
2017-04-10 13:53:31+00:00,-64.5,-95.0,-120.0,-120.0,-82.66666666666667,-85.0,-96.0,-49.5,-67.0,-82.66666666666667,-77.25,kitchen
2017-04-10 13:53:32+00:00,-76.4,-96.0,-120.0,-120.0,-83.2,-82.66666666666667,-120.0,-62.333333333333336,-85.25,-120.0,-93.66666666666667,kitchen
2017-04-10 13:53:33+00:00,-76.25,-88.0,-93.5,-120.0,-92.0,-83.0,-93.5,-67.5,-120.0,-120.0,-85.0,kitchen
2017-04-10 13:53:34+00:00,-68.6,-91.66666666666667,-87.0,-90.0,-82.6,-84.0,-88.75,-58.75,-75.6,-86.25,-75.66666666666667,kitchen
2017-04-10 13:53:35+00:00,-72.4,-85.5,-85.0,-120.0,-80.0,-81.8,-82.0,-49.5,-72.0,-87.5,-70.0,kitchen
2017-04-10 13:53:36+00:00,-62.0,-95.0,-120.0,-120.0,-84.2,-83.0,-80.5,-54.2,-77.0,-80.5,-83.33333333333333,kitchen
2017-04-10 13:53:37+00:00,-72.0,-86.5,-98.0,-120.0,-87.33333333333333,-84.2,-96.0,-52.75,-72.0,-90.66666666666667,-81.0,kitchen
2017-04-10 13:53:38+00:00,-66.0,-97.0,-120.0,-120.0,-85.75,-89.5,-120.0,-61.0,-78.5,-90.66666666666667,-88.33333333333333,kitchen
2017-04-10 13:53:39+00:00,-78.0,-120.0,-82.0,-120.0,-83.66666666666667,-83.25,-120.0,-63.75,-71.0,-99.0,-87.5,kitchen
2017-04-10 13:53:40+00:00,-75.66666666666667,-87.0,-120.0,-120.0,-76.33333333333333,-89.75,-83.5,-50.0,-73.66666666666667,-80.0,-69.66666666666667,kitchen
2017-04-10 13:53:41+00:00,-70.8,-88.0,-99.0,-120.0,-85.0,-84.33333333333333,-83.0,-53.0,-68.33333333333333,-86.5,-72.0,kitchen
2017-04-10 13:53:42+00:00,-69.75,-88.66666666666667,-93.0,-120.0,-76.66666666666667,-82.0,-84.66666666666667,-50.333333333333336,-63.75,-89.33333333333333,-82.66666666666667,kitchen
2017-04-10 13:53:47+00:00,-64.0,-91.5,-120.0,-120.0,-86.25,-85.33333333333333,-85.66666666666667,-38.75,-85.0,-91.0,-71.25,kitchen
2017-04-10 13:54:15+00:00,-74.5,-84.25,-85.5,-83.5,-78.4,-83.75,-89.0,-55.5,-63.5,-81.25,-78.0,kitchen
2017-04-10 13:54:16+00:00,-74.4,-90.0,-89.0,-120.0,-84.0,-81.0,-81.0,-44.0,-75.33333333333333,-80.75,-79.0,kitchen
2017-04-10 13:54:19+00:00,-73.0,-80.0,-120.0,-90.5,-84.66666666666667,-84.2,-84.25,-51.0,-78.0,-88.5,-84.0,kitchen
2017-04-10 13:54:21+00:00,-66.25,-88.75,-90.0,-120.0,-79.75,-82.2,-78.0,-45.6,-70.5,-81.8,-80.8,kitchen
2017-04-10 13:54:57+00:00,-68.0,-88.66666666666667,-120.0,-120.0,-82.5,-83.5,-87.0,-37.5,-81.0,-74.33333333333333,-70.5,kitchen
2017-04-10 13:54:59+00:00,-74.5,-86.66666666666667,-97.0,-120.0,-90.0,-79.0,-86.0,-47.0,-70.25,-87.5,-68.5,kitchen
2017-04-10 13:55:01+00:00,-72.0,-88.0,-103.0,-82.0,-75.4,-80.75,-78.66666666666667,-53.6,-70.5,-85.0,-74.33333333333333,kitchen
2017-04-10 13:55:02+00:00,-68.6,-90.0,-96.0,-86.0,-76.5,-86.33333333333333,-85.75,-42.5,-84.25,-86.0,-70.0,kitchen
2017-04-10 13:55:03+00:00,-72.6,-88.33333333333333,-98.0,-85.0,-78.25,-76.75,-91.5,-46.0,-80.66666666666667,-96.0,-75.0,kitchen
2017-04-10 13:55:04+00:00,-74.5,-91.33333333333333,-80.0,-84.0,-79.5,-76.0,-89.5,-49.333333333333336,-78.0,-101.0,-82.75,kitchen
2017-04-10 13:55:22+00:00,-72.4,-91.33333333333333,-120.0,-120.0,-84.33333333333333,-79.0,-94.0,-35.666666666666664,-76.33333333333333,-89.66666666666667,-72.0,kitchen
2017-04-10 13:55:23+00:00,-69.0,-86.5,-87.0,-120.0,-92.0,-78.33333333333333,-81.66666666666667,-30.0,-77.66666666666667,-97.0,-69.6,kitchen
2017-04-10 13:55:24+00:00,-67.0,-89.0,-120.0,-120.0,-76.0,-89.25,-90.0,-50.4,-65.33333333333333,-90.0,-74.66666666666667,kitchen
2017-04-10 13:55:25+00:00,-71.25,-88.0,-92.33333333333333,-120.0,-83.66666666666667,-85.0,-81.5,-54.0,-68.4,-90.0,-75.0,kitchen
2017-04-10 13:55:26+00:00,-77.66666666666667,-92.0,-120.0,-120.0,-72.5,-81.75,-86.33333333333333,-49.75,-73.5,-81.0,-75.0,kitchen
2017-04-10 13:55:27+00:00,-74.0,-79.0,-92.0,-81.0,-79.33333333333333,-86.66666666666667,-88.0,-43.5,-75.0,-86.33333333333333,-77.8,kitchen
2017-04-10 13:55:29+00:00,-71.5,-120.0,-120.0,-83.0,-81.0,-84.0,-94.0,-42.25,-83.66666666666667,-91.5,-70.0,kitchen
2017-04-10 13:55:42+00:00,-72.6,-88.66666666666667,-96.0,-88.0,-78.4,-77.0,-78.0,-52.0,-73.66666666666667,-85.0,-74.4,kitchen
2017-04-10 13:55:43+00:00,-77.6,-92.0,-88.33333333333333,-120.0,-86.0,-79.66666666666667,-82.0,-47.25,-68.66666666666667,-88.0,-72.2,kitchen
2017-04-10 13:55:44+00:00,-70.0,-89.33333333333333,-84.0,-79.0,-84.0,-76.25,-88.66666666666667,-50.0,-55.0,-81.6,-70.0,kitchen
2017-04-10 13:55:45+00:00,-70.0,-84.5,-94.0,-120.0,-79.75,-75.5,-89.66666666666667,-57.6,-68.66666666666667,-82.6,-71.33333333333333,kitchen
2017-04-10 13:55:46+00:00,-74.25,-83.4,-88.5,-88.0,-74.25,-78.4,-88.0,-48.666666666666664,-72.8,-77.0,-78.66666666666667,kitchen
2017-04-10 13:55:47+00:00,-68.33333333333333,-76.25,-86.5,-92.5,-79.0,-82.5,-96.0,-50.333333333333336,-66.0,-87.66666666666667,-74.66666666666667,kitchen
2017-04-10 13:55:48+00:00,-74.0,-80.5,-87.0,-88.0,-74.5,-71.66666666666667,-87.33333333333333,-48.75,-78.0,-86.0,-73.0,kitchen
2017-04-10 13:55:49+00:00,-91.0,-86.0,-78.33333333333333,-84.5,-78.5,-71.33333333333333,-83.66666666666667,-47.8,-76.33333333333333,-83.0,-74.75,kitchen
2017-04-10 13:55:50+00:00,-71.2,-87.0,-89.0,-120.0,-84.33333333333333,-82.75,-100.0,-52.333333333333336,-78.0,-85.0,-72.0,kitchen
2017-04-10 13:55:51+00:00,-64.6,-81.0,-101.0,-120.0,-88.33333333333333,-77.5,-86.0,-47.75,-83.0,-91.0,-72.0,kitchen
2017-04-10 13:55:52+00:00,-67.0,-92.66666666666667,-120.0,-120.0,-90.0,-80.0,-98.0,-46.8,-79.25,-92.0,-80.4,kitchen
2017-04-10 13:55:53+00:00,-68.25,-89.0,-98.0,-120.0,-79.5,-81.0,-84.0,-49.25,-79.0,-85.0,-74.75,kitchen
2017-04-10 13:55:54+00:00,-68.25,-85.5,-101.0,-120.0,-85.5,-89.5,-88.0,-55.0,-73.0,-90.0,-78.2,kitchen
2017-04-10 13:55:55+00:00,-60.5,-120.0,-120.0,-120.0,-95.5,-80.0,-95.5,-61.0,-78.25,-86.0,-77.0,kitchen
2017-04-10 13:55:56+00:00,-56.25,-90.5,-120.0,-120.0,-83.0,-93.5,-85.0,-51.4,-71.66666666666667,-85.0,-75.33333333333333,kitchen
2017-04-10 13:55:57+00:00,-67.5,-91.5,-92.0,-120.0,-85.25,-83.33333333333333,-99.33333333333333,-53.75,-77.33333333333333,-89.5,-88.0,kitchen
2017-04-10 13:55:58+00:00,-72.0,-98.0,-86.0,-120.0,-74.0,-84.75,-93.0,-51.25,-77.2,-88.0,-83.66666666666667,kitchen
2017-04-10 13:55:59+00:00,-66.5,-120.0,-96.0,-88.0,-84.5,-87.33333333333333,-120.0,-61.5,-72.33333333333333,-86.5,-73.0,kitchen
2017-04-10 13:56:00+00:00,-76.2,-120.0,-89.0,-120.0,-81.25,-81.25,-93.5,-56.5,-79.25,-90.0,-77.0,kitchen
2017-04-10 13:56:01+00:00,-66.0,-92.0,-120.0,-85.0,-82.33333333333333,-90.0,-120.0,-56.8,-70.5,-98.0,-83.6,kitchen
2017-04-10 13:56:02+00:00,-62.6,-120.0,-120.0,-120.0,-80.25,-81.66666666666667,-91.5,-51.0,-66.0,-80.5,-88.66666666666667,kitchen
2017-04-10 13:56:03+00:00,-66.0,-85.0,-93.0,-91.0,-81.8,-88.66666666666667,-88.0,-54.0,-76.5,-86.2,-83.33333333333333,kitchen
2017-04-10 13:56:04+00:00,-63.2,-83.0,-120.0,-120.0,-79.6,-81.0,-91.5,-50.0,-77.25,-81.5,-88.0,kitchen
2017-04-10 13:56:05+00:00,-68.25,-88.0,-120.0,-120.0,-82.33333333333333,-86.25,-100.0,-55.0,-73.5,-89.5,-83.0,kitchen
2017-04-10 13:56:06+00:00,-65.0,-120.0,-120.0,-120.0,-81.0,-86.5,-120.0,-50.333333333333336,-82.0,-82.0,-79.75,kitchen
2017-04-10 13:56:07+00:00,-79.8,-120.0,-120.0,-120.0,-89.6,-80.0,-120.0,-63.25,-78.5,-90.33333333333333,-84.5,kitchen
2017-04-10 13:56:08+00:00,-80.75,-87.0,-120.0,-120.0,-90.33333333333333,-80.5,-120.0,-65.4,-79.66666666666667,-91.5,-84.5,kitchen
2017-04-10 13:56:09+00:00,-73.2,-85.0,-89.66666666666667,-101.0,-90.5,-84.33333333333333,-120.0,-47.0,-73.5,-88.5,-75.8,kitchen
2017-04-10 13:56:10+00:00,-68.75,-96.0,-83.0,-120.0,-91.0,-83.25,-76.0,-54.6,-78.5,-90.5,-72.0,kitchen
2017-04-10 13:56:11+00:00,-79.0,-87.75,-84.33333333333333,-99.0,-79.0,-81.33333333333333,-94.0,-55.0,-71.0,-93.0,-78.33333333333333,kitchen
2017-04-10 13:56:12+00:00,-66.25,-89.0,-100.5,-98.0,-81.6,-87.0,-120.0,-59.25,-85.5,-95.0,-82.33333333333333,kitchen
2017-04-10 13:56:13+00:00,-60.75,-93.5,-120.0,-95.0,-85.75,-79.75,-81.0,-61.0,-62.0,-85.33333333333333,-75.66666666666667,kitchen
2017-04-10 13:56:14+00:00,-69.5,-84.0,-87.33333333333333,-84.0,-74.75,-72.0,-81.33333333333333,-56.75,-64.5,-83.33333333333333,-84.66666666666667,kitchen
2017-04-10 13:56:15+00:00,-82.0,-81.0,-83.66666666666667,-88.0,-67.75,-69.25,-76.75,-70.0,-57.5,-80.0,-67.33333333333333,living_area_A
2017-04-10 13:56:16+00:00,-83.25,-80.5,-79.75,-73.33333333333333,-60.5,-70.0,-67.25,-76.0,-59.5,-68.5,-67.75,living_area_A
2017-04-10 13:56:17+00:00,-79.5,-81.75,-89.0,-79.0,-69.8,-82.66666666666667,-76.75,-73.8,-65.6,-83.0,-71.2,living_area_A
2017-04-10 13:56:18+00:00,-90.5,-75.0,-76.0,-77.0,-75.8,-72.75,-80.0,-79.2,-62.0,-68.0,-76.2,living_area_A
2017-04-10 13:56:19+00:00,-82.25,-76.4,-72.66666666666667,-81.75,-78.75,-62.2,-75.0,-78.6,-65.0,-74.0,-77.0,living_area_A
2017-04-10 13:56:20+00:00,-72.33333333333333,-80.0,-80.0,-79.33333333333333,-79.33333333333333,-71.33333333333333,-85.4,-74.0,-63.5,-84.0,-74.75,living_area_A
2017-04-10 13:56:21+00:00,-64.5,-120.0,-85.5,-120.0,-81.0,-88.0,-92.0,-62.333333333333336,-78.0,-81.5,-88.66666666666667,kitchen
2017-04-10 13:56:22+00:00,-76.25,-120.0,-93.5,-120.0,-81.75,-91.33333333333333,-88.33333333333333,-66.0,-75.0,-88.5,-82.8,kitchen
2017-04-10 13:56:23+00:00,-72.75,-120.0,-120.0,-120.0,-80.0,-90.0,-94.0,-62.6,-82.0,-94.5,-91.25,kitchen
2017-04-10 13:56:24+00:00,-67.75,-93.0,-120.0,-120.0,-79.0,-88.2,-87.0,-68.8,-73.0,-90.0,-82.0,kitchen
2017-04-10 13:56:25+00:00,-72.0,-120.0,-120.0,-120.0,-75.0,-91.5,-88.0,-59.75,-73.0,-94.0,-88.33333333333333,kitchen
2017-04-10 13:56:26+00:00,-77.5,-120.0,-120.0,-120.0,-82.25,-89.66666666666667,-83.0,-63.0,-80.0,-92.0,-88.33333333333333,kitchen
2017-04-10 13:56:27+00:00,-67.33333333333333,-89.0,-120.0,-120.0,-85.75,-84.33333333333333,-88.0,-65.0,-76.66666666666667,-120.0,-74.5,kitchen
2017-04-10 13:56:28+00:00,-83.5,-92.0,-120.0,-120.0,-88.2,-82.4,-120.0,-61.8,-79.66666666666667,-95.0,-82.0,kitchen
2017-04-10 13:56:29+00:00,-76.0,-91.0,-120.0,-96.0,-85.66666666666667,-83.0,-96.0,-57.8,-83.0,-92.0,-76.8,kitchen
2017-04-10 13:56:30+00:00,-77.5,-90.0,-120.0,-120.0,-92.0,-87.33333333333333,-120.0,-51.0,-75.0,-78.0,-81.5,kitchen
2017-04-10 13:56:31+00:00,-76.0,-91.66666666666667,-93.5,-120.0,-81.5,-86.0,-120.0,-67.66666666666667,-80.0,-83.33333333333333,-86.66666666666667,kitchen
2017-04-10 13:56:32+00:00,-63.25,-89.0,-120.0,-101.0,-82.8,-83.0,-87.66666666666667,-55.6,-76.66666666666667,-87.66666666666667,-75.75,kitchen
2017-04-10 13:56:33+00:00,-72.25,-85.0,-95.0,-86.0,-87.0,-85.6,-85.0,-55.333333333333336,-73.0,-86.66666666666667,-88.33333333333333,kitchen
2017-04-10 13:56:34+00:00,-69.2,-93.66666666666667,-84.0,-88.66666666666667,-81.66666666666667,-88.0,-86.0,-54.0,-76.66666666666667,-83.5,-78.0,kitchen
2017-04-10 13:56:35+00:00,-71.4,-80.5,-81.0,-88.0,-78.66666666666667,-82.66666666666667,-120.0,-52.0,-88.0,-86.0,-80.25,kitchen
2017-04-10 13:56:36+00:00,-81.5,-85.0,-86.0,-120.0,-80.8,-86.33333333333333,-86.0,-59.666666666666664,-68.0,-85.0,-88.25,kitchen
2017-04-10 13:56:37+00:00,-71.2,-87.0,-94.0,-120.0,-83.0,-88.5,-90.0,-55.0,-77.0,-89.0,-79.66666666666667,kitchen
2017-04-10 13:56:38+00:00,-71.25,-92.5,-92.66666666666667,-120.0,-83.0,-91.0,-91.0,-55.6,-79.5,-89.33333333333333,-83.0,kitchen
2017-04-10 13:56:39+00:00,-64.0,-84.0,-85.5,-94.0,-76.25,-84.4,-120.0,-57.0,-78.5,-87.33333333333333,-77.66666666666667,kitchen
2017-04-10 13:56:40+00:00,-73.0,-91.8,-85.0,-80.5,-72.5,-80.5,-90.0,-55.5,-76.5,-87.33333333333333,-78.5,kitchen
2017-04-10 13:56:41+00:00,-66.4,-89.5,-100.0,-86.0,-86.25,-86.66666666666667,-81.5,-53.0,-70.5,-90.75,-81.4,kitchen
2017-04-10 13:56:42+00:00,-73.66666666666667,-88.0,-81.0,-120.0,-76.25,-79.0,-85.0,-67.25,-76.0,-86.0,-79.2,kitchen
2017-04-10 13:56:43+00:00,-74.66666666666667,-93.33333333333333,-91.0,-120.0,-83.5,-86.25,-85.0,-60.75,-76.75,-86.0,-83.33333333333333,kitchen
2017-04-10 13:56:44+00:00,-80.0,-88.0,-90.0,-87.0,-90.0,-92.66666666666667,-84.0,-60.5,-76.2,-91.33333333333333,-80.75,kitchen
2017-04-10 13:56:45+00:00,-72.0,-97.0,-95.75,-91.2,-81.5,-87.0,-120.0,-51.4,-77.0,-95.5,-88.0,kitchen
2017-04-10 13:56:46+00:00,-66.0,-86.4,-120.0,-96.0,-84.0,-77.0,-86.5,-56.0,-75.33333333333333,-78.0,-81.8,kitchen
2017-04-10 13:56:47+00:00,-75.75,-88.0,-98.0,-86.0,-88.25,-84.0,-84.0,-46.0,-80.0,-93.5,-81.75,kitchen
2017-04-10 13:56:48+00:00,-66.33333333333333,-85.0,-84.5,-120.0,-79.33333333333333,-82.2,-92.0,-63.666666666666664,-86.0,-81.0,-83.25,kitchen
2017-04-10 13:56:49+00:00,-67.8,-87.0,-92.0,-120.0,-84.0,-84.0,-88.0,-65.75,-79.0,-85.0,-81.6,kitchen
2017-04-10 13:56:50+00:00,-77.66666666666667,-90.0,-90.5,-120.0,-84.6,-84.0,-120.0,-60.6,-84.5,-88.66666666666667,-74.6,kitchen
2017-04-10 13:56:51+00:00,-71.66666666666667,-90.0,-84.0,-120.0,-78.5,-86.75,-91.0,-59.0,-83.33333333333333,-89.5,-73.5,kitchen
2017-04-10 13:56:52+00:00,-74.5,-120.0,-84.0,-86.0,-89.4,-86.66666666666667,-120.0,-55.75,-78.5,-89.0,-83.0,kitchen
2017-04-10 13:56:53+00:00,-72.5,-120.0,-90.0,-99.0,-84.25,-85.0,-120.0,-50.5,-82.0,-88.5,-75.4,kitchen
2017-04-10 13:56:54+00:00,-68.6,-92.0,-120.0,-120.0,-82.6,-86.0,-96.0,-52.5,-73.25,-92.33333333333333,-79.5,kitchen
2017-04-10 13:56:55+00:00,-68.5,-93.5,-90.0,-120.0,-89.33333333333333,-86.33333333333333,-94.0,-59.2,-74.66666666666667,-91.66666666666667,-77.5,kitchen
2017-04-10 13:56:56+00:00,-64.75,-89.0,-97.0,-120.0,-88.6,-84.2,-87.66666666666667,-54.0,-74.75,-78.0,-71.25,kitchen
2017-04-10 13:56:57+00:00,-77.0,-87.75,-92.0,-120.0,-83.75,-76.5,-85.0,-57.5,-79.33333333333333,-80.0,-79.75,kitchen
2017-04-10 13:56:58+00:00,-74.33333333333333,-100.0,-120.0,-120.0,-83.8,-84.66666666666667,-83.0,-64.25,-76.0,-98.0,-80.0,kitchen
2017-04-10 13:57:08+00:00,-69.2,-88.5,-93.5,-120.0,-75.75,-82.0,-93.0,-58.8,-73.5,-85.0,-86.5,kitchen
2017-04-10 13:57:09+00:00,-64.6,-94.5,-91.0,-120.0,-85.0,-81.6,-120.0,-51.5,-78.0,-92.33333333333333,-76.75,kitchen
2017-04-10 13:57:10+00:00,-64.33333333333333,-90.0,-120.0,-120.0,-90.66666666666667,-73.75,-93.0,-56.5,-64.0,-96.5,-73.0,kitchen
2017-04-10 13:57:11+00:00,-73.66666666666667,-91.5,-120.0,-120.0,-77.8,-78.2,-89.25,-62.4,-76.0,-90.33333333333333,-71.75,kitchen
2017-04-10 13:57:12+00:00,-72.0,-100.0,-120.0,-120.0,-79.0,-79.66666666666667,-89.0,-55.0,-73.0,-89.0,-85.0,kitchen
2017-04-10 13:57:13+00:00,-77.25,-88.0,-120.0,-120.0,-77.66666666666667,-97.0,-81.0,-50.6,-74.33333333333333,-84.0,-78.75,kitchen
2017-04-10 13:57:14+00:00,-69.25,-88.0,-120.0,-120.0,-79.5,-91.0,-120.0,-57.5,-69.75,-120.0,-81.0,kitchen
2017-04-10 13:57:15+00:00,-79.5,-96.0,-120.0,-120.0,-85.25,-88.0,-101.0,-47.0,-76.5,-95.0,-81.25,kitchen
2017-04-10 13:57:16+00:00,-73.4,-120.0,-120.0,-120.0,-89.0,-84.66666666666667,-90.0,-57.5,-71.66666666666667,-120.0,-77.5,kitchen
2017-04-10 13:57:17+00:00,-79.5,-86.0,-120.0,-120.0,-85.0,-79.5,-120.0,-59.25,-82.75,-100.0,-84.0,kitchen
2017-04-10 13:57:18+00:00,-73.0,-120.0,-120.0,-120.0,-120.0,-85.0,-95.0,-53.6,-66.5,-120.0,-74.4,kitchen
2017-04-10 13:57:19+00:00,-65.75,-94.0,-84.0,-120.0,-85.0,-82.5,-120.0,-57.5,-75.0,-84.33333333333333,-80.25,kitchen
2017-04-10 13:57:20+00:00,-68.5,-120.0,-97.0,-120.0,-76.0,-82.0,-89.5,-53.25,-73.5,-87.0,-82.66666666666667,kitchen
2017-04-10 13:57:21+00:00,-69.0,-89.66666666666667,-120.0,-120.0,-84.6,-75.33333333333333,-91.0,-51.0,-83.5,-91.33333333333333,-77.33333333333333,kitchen
2017-04-10 13:57:22+00:00,-72.75,-120.0,-99.0,-120.0,-77.4,-79.66666666666667,-86.0,-55.0,-67.0,-86.0,-78.0,kitchen
2017-04-10 13:57:23+00:00,-65.25,-120.0,-120.0,-120.0,-80.33333333333333,-77.75,-95.33333333333333,-60.666666666666664,-79.5,-84.0,-77.66666666666667,kitchen
2017-04-10 13:57:24+00:00,-68.25,-120.0,-96.0,-120.0,-80.6,-80.0,-120.0,-59.8,-81.0,-90.33333333333333,-87.33333333333333,kitchen
2017-04-10 13:57:25+00:00,-69.0,-89.0,-95.0,-120.0,-71.0,-82.0,-82.0,-59.8,-66.0,-94.0,-82.25,kitchen
2017-04-10 13:57:26+00:00,-63.333333333333336,-89.0,-120.0,-85.0,-79.25,-75.33333333333333,-89.0,-60.8,-84.25,-92.0,-81.33333333333333,kitchen
2017-04-10 13:57:32+00:00,-71.5,-85.0,-120.0,-120.0,-85.0,-76.5,-94.0,-56.25,-68.66666666666667,-84.66666666666667,-86.66666666666667,kitchen
2017-04-10 13:57:34+00:00,-76.0,-84.0,-120.0,-120.0,-90.5,-88.66666666666667,-94.0,-59.75,-74.33333333333333,-91.33333333333333,-72.0,kitchen
2017-04-10 13:57:35+00:00,-75.25,-120.0,-91.0,-95.0,-90.33333333333333,-89.6,-120.0,-53.5,-72.25,-86.66666666666667,-86.0,kitchen
2017-04-10 13:57:36+00:00,-80.0,-120.0,-79.5,-83.0,-81.5,-79.0,-83.0,-62.8,-76.0,-96.0,-86.25,kitchen
2017-04-10 13:57:38+00:00,-71.75,-94.0,-120.0,-120.0,-79.5,-81.5,-94.0,-53.666666666666664,-67.25,-85.0,-84.75,kitchen
2017-04-10 13:57:39+00:00,-66.0,-85.0,-120.0,-92.5,-80.8,-84.25,-88.66666666666667,-61.5,-68.8,-85.66666666666667,-90.25,kitchen
2017-04-10 13:57:40+00:00,-77.0,-120.0,-120.0,-120.0,-80.33333333333333,-87.0,-91.0,-68.5,-72.75,-83.33333333333333,-75.5,kitchen
2017-04-10 13:57:43+00:00,-75.75,-87.0,-97.5,-120.0,-86.4,-89.5,-99.0,-62.2,-80.0,-98.0,-92.0,kitchen
2017-04-10 13:57:44+00:00,-78.5,-91.0,-120.0,-90.0,-84.4,-79.0,-120.0,-54.2,-69.33333333333333,-94.0,-80.0,kitchen
2017-04-10 13:57:45+00:00,-68.0,-81.0,-94.5,-82.0,-84.4,-79.8,-79.5,-50.2,-76.66666666666667,-81.75,-71.6,kitchen
2017-04-10 13:57:46+00:00,-70.5,-88.66666666666667,-120.0,-120.0,-81.8,-86.0,-91.0,-55.8,-72.0,-89.0,-83.5,kitchen
2017-04-10 13:57:59+00:00,-74.0,-120.0,-120.0,-120.0,-81.0,-82.0,-93.0,-52.25,-74.5,-94.0,-76.0,kitchen
2017-04-10 13:58:00+00:00,-68.2,-89.0,-84.0,-120.0,-92.5,-88.6,-95.0,-42.75,-74.8,-93.66666666666667,-79.25,kitchen
2017-04-10 13:58:01+00:00,-82.0,-85.4,-83.33333333333333,-120.0,-70.66666666666667,-75.0,-84.66666666666667,-49.333333333333336,-62.75,-81.25,-70.8,living_area_A
2017-04-10 13:58:02+00:00,-86.66666666666667,-79.66666666666667,-78.25,-84.5,-67.6,-78.0,-71.66666666666667,-76.2,-62.0,-78.5,-61.5,living_area_A
2017-04-10 13:58:03+00:00,-87.33333333333333,-71.66666666666667,-81.33333333333333,-79.0,-61.8,-70.0,-74.75,-85.25,-61.666666666666664,-71.33333333333333,-74.6,living_area_A
2017-04-10 13:58:04+00:00,-83.5,-75.5,-74.0,-81.0,-66.2,-69.8,-71.5,-81.4,-57.75,-68.75,-71.25,living_area_A
2017-04-10 13:58:05+00:00,-88.0,-78.8,-75.5,-90.0,-74.66666666666667,-75.2,-70.8,-79.6,-51.666666666666664,-87.75,-56.6,living_area_A
2017-04-10 13:58:06+00:00,-79.66666666666667,-81.33333333333333,-79.75,-78.5,-73.5,-73.5,-68.0,-67.25,-63.0,-76.0,-60.75,living_area_A
2017-04-10 13:58:07+00:00,-82.5,-80.5,-80.5,-85.0,-78.0,-80.4,-79.75,-75.75,-57.666666666666664,-80.8,-61.25,living_area_A
2017-04-10 13:58:08+00:00,-85.0,-80.2,-72.66666666666667,-79.5,-72.4,-82.75,-72.33333333333333,-72.0,-49.666666666666664,-76.75,-69.0,living_area_A
2017-04-10 13:58:09+00:00,-91.66666666666667,-65.5,-76.6,-79.6,-69.25,-60.666666666666664,-75.0,-84.8,-67.33333333333333,-66.5,-74.0,hallway_lower
2017-04-10 13:58:10+00:00,-73.2,-66.0,-81.6,-85.66666666666667,-74.0,-73.25,-84.0,-80.25,-69.25,-64.0,-77.5,hallway_lower
2017-04-10 13:58:11+00:00,-78.66666666666667,-77.66666666666667,-84.0,-75.5,-82.0,-83.6,-78.6,-77.2,-61.333333333333336,-76.0,-78.0,stairs
2017-04-10 13:58:12+00:00,-73.25,-73.8,-91.0,-80.0,-73.0,-81.4,-88.0,-81.5,-71.5,-71.25,-74.5,stairs
2017-04-10 13:58:13+00:00,-72.5,-71.0,-88.0,-74.8,-77.75,-76.0,-79.66666666666667,-80.25,-67.0,-73.75,-73.6,stairs
2017-04-10 13:58:14+00:00,-68.5,-76.5,-87.0,-79.5,-77.0,-82.0,-78.33333333333333,-82.0,-76.66666666666667,-77.0,-71.0,stairs
2017-04-10 13:58:15+00:00,-62.5,-93.0,-87.5,-86.0,-99.0,-81.33333333333333,-79.66666666666667,-73.0,-63.0,-75.25,-73.0,stairs
2017-04-10 13:58:17+00:00,-63.5,-78.6,-81.4,-81.0,-120.0,-84.0,-79.33333333333333,-68.33333333333333,-78.4,-66.33333333333333,-71.6,hallway_upper
2017-04-10 13:58:18+00:00,-57.5,-75.0,-83.33333333333333,-94.0,-83.0,-85.5,-77.66666666666667,-70.4,-78.5,-79.0,-75.8,hallway_upper
2017-04-10 13:58:19+00:00,-64.75,-83.33333333333333,-92.5,-98.0,-85.0,-87.33333333333333,-83.0,-67.8,-71.66666666666667,-80.33333333333333,-84.5,bathroom_toilet
2017-04-10 13:58:20+00:00,-57.25,-79.33333333333333,-91.5,-86.0,-86.6,-93.0,-77.66666666666667,-65.25,-120.0,-79.0,-84.0,bathroom_toilet
2017-04-10 13:58:21+00:00,-50.5,-92.0,-85.5,-120.0,-120.0,-97.0,-82.0,-74.5,-80.0,-81.0,-88.0,bathroom_toilet
2017-04-10 13:58:22+00:00,-50.75,-83.75,-80.33333333333333,-85.0,-83.5,-92.0,-88.25,-70.25,-90.0,-82.33333333333333,-80.0,hallway_upper
2017-04-10 13:58:23+00:00,-60.8,-84.0,-69.5,-83.66666666666667,-86.25,-80.0,-79.0,-77.4,-71.5,-77.0,-74.5,hallway_upper
2017-04-10 13:58:24+00:00,-74.0,-79.66666666666667,-70.0,-80.0,-88.0,-74.0,-64.0,-75.0,-64.5,-62.25,-70.66666666666667,hallway_upper
2017-04-10 13:58:25+00:00,-82.33333333333333,-82.75,-65.25,-77.33333333333333,-89.33333333333333,-76.4,-70.6,-85.25,-77.33333333333333,-62.6,-81.0,hallway_upper
2017-04-10 13:58:26+00:00,-77.33333333333333,-85.25,-67.25,-86.66666666666667,-85.0,-61.5,-66.33333333333333,-87.75,-69.0,-51.2,-85.0,hallway_upper
2017-04-10 13:58:27+00:00,-81.33333333333333,-86.0,-67.75,-78.0,-83.6,-69.4,-60.75,-84.66666666666667,-76.2,-54.333333333333336,-81.0,hallway_upper
2017-04-10 13:58:28+00:00,-82.2,-84.25,-65.0,-64.0,-76.8,-69.6,-67.0,-82.5,-76.5,-48.25,-90.66666666666667,hallway_upper
2017-04-10 13:58:29+00:00,-78.25,-82.0,-73.2,-73.4,-74.5,-68.8,-73.75,-86.66666666666667,-67.8,-48.0,-83.5,hallway_upper
2017-04-10 13:58:30+00:00,-86.5,-84.25,-65.0,-66.2,-83.6,-70.2,-78.33333333333333,-120.0,-80.5,-62.2,-79.0,bedroom_1
2017-04-10 13:58:31+00:00,-79.5,-89.25,-51.75,-62.8,-79.5,-57.0,-70.66666666666667,-90.0,-91.0,-69.0,-90.0,bedroom_1
2017-04-10 13:58:32+00:00,-87.75,-89.0,-60.5,-62.25,-78.66666666666667,-69.33333333333333,-70.0,-83.0,-73.5,-74.66666666666667,-87.33333333333333,bedroom_1
2017-04-10 13:58:33+00:00,-82.33333333333333,-83.0,-58.6,-64.6,-70.75,-67.0,-71.6,-95.0,-75.0,-76.0,-78.5,bedroom_1
2017-04-10 13:58:34+00:00,-74.8,-87.25,-60.8,-59.25,-68.5,-62.0,-74.0,-93.33333333333333,-71.33333333333333,-75.6,-82.0,bedroom_1
2017-04-10 13:58:35+00:00,-76.66666666666667,-86.5,-65.8,-62.2,-74.75,-67.0,-82.75,-97.0,-77.33333333333333,-74.75,-87.75,bedroom_1
2017-04-10 13:58:36+00:00,-75.0,-95.5,-54.0,-62.5,-66.66666666666667,-74.0,-64.66666666666667,-93.0,-68.5,-68.8,-84.5,bedroom_1
2017-04-10 13:58:37+00:00,-81.75,-78.25,-56.0,-65.33333333333333,-71.0,-72.25,-68.6,-90.33333333333333,-82.75,-64.75,-82.33333333333333,bedroom_1
2017-04-10 13:58:38+00:00,-73.33333333333333,-86.25,-46.4,-62.0,-73.6,-74.0,-70.5,-120.0,-81.0,-60.0,-77.5,bedroom_1
2017-04-10 13:58:39+00:00,-81.33333333333333,-87.0,-51.75,-73.33333333333333,-68.66666666666667,-73.75,-73.6,-99.0,-82.5,-64.4,-79.5,bedroom_1
2017-04-10 13:58:40+00:00,-87.5,-82.6,-55.0,-65.25,-84.5,-63.5,-59.666666666666664,-92.0,-78.5,-66.6,-83.75,bedroom_1
2017-04-10 13:58:41+00:00,-85.5,-83.66666666666667,-55.4,-71.8,-64.5,-70.0,-68.0,-85.0,-83.0,-67.66666666666667,-91.33333333333333,bedroom_1
2017-04-10 13:58:42+00:00,-79.33333333333333,-79.66666666666667,-61.2,-58.0,-72.4,-73.8,-65.25,-120.0,-81.0,-63.2,-77.33333333333333,bedroom_1
2017-04-10 13:58:43+00:00,-90.66666666666667,-69.5,-59.6,-73.75,-73.2,-67.0,-83.0,-120.0,-77.0,-66.75,-90.0,bedroom_1
2017-04-10 13:58:44+00:00,-88.25,-79.0,-63.8,-57.0,-74.0,-63.0,-69.0,-120.0,-88.0,-75.25,-86.5,bedroom_1
2017-04-10 13:58:45+00:00,-85.0,-71.33333333333333,-74.0,-59.75,-76.6,-68.25,-77.5,-120.0,-71.0,-69.75,-90.33333333333333,bedroom_1
2017-04-10 13:58:46+00:00,-78.0,-79.66666666666667,-66.2,-75.0,-77.2,-71.6,-75.66666666666667,-102.0,-75.0,-61.25,-84.0,bedroom_1
2017-04-10 13:58:47+00:00,-76.0,-83.5,-72.75,-71.2,-71.25,-77.75,-88.0,-96.5,-84.5,-68.0,-85.5,hallway_upper
2017-04-10 13:58:48+00:00,-86.25,-85.5,-68.75,-66.8,-67.0,-73.25,-87.0,-86.5,-120.0,-63.4,-88.5,hallway_upper
2017-04-10 13:58:49+00:00,-79.33333333333333,-75.0,-63.0,-58.8,-80.33333333333333,-66.0,-80.66666666666667,-120.0,-85.33333333333333,-67.25,-86.5,bedroom_1
2017-04-10 13:58:50+00:00,-84.75,-81.0,-62.0,-68.75,-85.0,-63.333333333333336,-76.33333333333333,-120.0,-84.25,-74.5,-91.5,bedroom_1
2017-04-10 13:58:51+00:00,-82.33333333333333,-78.0,-77.25,-64.5,-71.5,-73.0,-77.5,-120.0,-120.0,-72.5,-86.5,bedroom_1
2017-04-10 13:58:52+00:00,-86.25,-74.75,-67.2,-55.666666666666664,-67.66666666666667,-71.0,-65.4,-91.5,-72.0,-74.0,-82.0,bedroom_1
2017-04-10 13:58:53+00:00,-83.66666666666667,-74.5,-60.75,-59.25,-76.75,-64.75,-66.66666666666667,-86.33333333333333,-65.5,-67.4,-87.5,bedroom_1
2017-04-10 13:58:54+00:00,-78.0,-81.8,-51.0,-57.0,-71.5,-56.0,-77.5,-120.0,-70.0,-71.0,-86.5,bedroom_1
2017-04-10 13:58:55+00:00,-82.25,-82.0,-56.5,-56.333333333333336,-69.0,-62.5,-69.5,-120.0,-80.25,-78.8,-91.0,bedroom_1
2017-04-10 13:58:56+00:00,-80.5,-77.75,-55.0,-51.5,-71.75,-74.0,-82.2,-87.0,-75.0,-69.2,-90.5,bedroom_1
2017-04-10 13:58:57+00:00,-82.5,-85.0,-68.25,-58.0,-72.0,-76.0,-77.5,-99.0,-79.75,-66.0,-120.0,bedroom_1
2017-04-10 13:58:58+00:00,-80.75,-83.2,-54.0,-53.0,-65.66666666666667,-81.0,-74.6,-120.0,-87.0,-75.0,-89.25,bedroom_1
2017-04-10 13:58:59+00:00,-82.75,-78.8,-60.8,-63.25,-73.66666666666667,-66.0,-120.0,-120.0,-83.0,-66.8,-88.66666666666667,bedroom_1
2017-04-10 13:59:00+00:00,-86.5,-86.66666666666667,-59.333333333333336,-61.75,-72.8,-59.5,-82.66666666666667,-120.0,-87.0,-69.0,-96.0,bedroom_1
2017-04-10 13:59:01+00:00,-80.5,-82.66666666666667,-63.0,-63.2,-76.25,-68.0,-82.0,-120.0,-79.0,-70.25,-95.0,bedroom_1
2017-04-10 13:59:02+00:00,-82.0,-76.2,-67.0,-60.4,-75.2,-60.25,-74.66666666666667,-120.0,-85.33333333333333,-66.33333333333333,-88.0,bedroom_1
2017-04-10 13:59:03+00:00,-86.25,-73.0,-65.0,-56.5,-66.4,-61.4,-77.4,-120.0,-83.0,-66.0,-87.25,bedroom_1
2017-04-10 13:59:04+00:00,-80.66666666666667,-81.66666666666667,-63.75,-54.0,-64.2,-66.0,-82.66666666666667,-120.0,-67.0,-71.33333333333333,-82.0,bedroom_1
2017-04-10 13:59:05+00:00,-86.0,-74.25,-61.0,-59.333333333333336,-75.0,-53.25,-72.8,-120.0,-81.0,-71.4,-91.66666666666667,bedroom_1
2017-04-10 13:59:06+00:00,-96.0,-75.0,-60.0,-51.25,-77.0,-55.0,-73.8,-120.0,-92.0,-72.4,-99.0,bedroom_1
2017-04-10 13:59:07+00:00,-88.33333333333333,-80.5,-59.666666666666664,-52.75,-73.25,-55.666666666666664,-71.4,-102.0,-87.5,-69.33333333333333,-95.5,bedroom_1
2017-04-10 13:59:08+00:00,-79.0,-74.5,-63.6,-50.666666666666664,-77.75,-62.666666666666664,-76.25,-120.0,-79.0,-69.2,-89.33333333333333,bedroom_1
2017-04-10 13:59:09+00:00,-85.0,-79.6,-73.4,-55.8,-74.0,-69.4,-75.66666666666667,-120.0,-80.66666666666667,-68.0,-90.66666666666667,bedroom_1
2017-04-10 13:59:10+00:00,-83.33333333333333,-83.4,-56.5,-53.0,-65.8,-64.66666666666667,-76.33333333333333,-120.0,-120.0,-67.33333333333333,-80.33333333333333,bedroom_1
2017-04-10 13:59:11+00:00,-89.0,-80.75,-58.6,-52.2,-72.4,-57.5,-77.2,-89.0,-77.75,-76.8,-120.0,bedroom_1
2017-04-10 13:59:12+00:00,-84.66666666666667,-84.0,-53.75,-60.6,-64.75,-62.25,-77.5,-120.0,-82.0,-74.2,-93.0,bedroom_1
2017-04-10 13:59:13+00:00,-88.0,-76.5,-55.0,-58.333333333333336,-69.5,-69.66666666666667,-71.75,-120.0,-74.0,-75.0,-95.0,bedroom_1
2017-04-10 13:59:14+00:00,-83.0,-74.0,-55.5,-48.6,-68.75,-70.0,-74.75,-94.0,-81.5,-71.5,-88.4,bedroom_1
2017-04-10 13:59:15+00:00,-87.0,-80.0,-53.25,-51.25,-73.0,-64.0,-74.2,-84.0,-82.0,-69.0,-120.0,bedroom_1
2017-04-10 13:59:16+00:00,-77.6,-81.0,-54.4,-67.33333333333333,-71.5,-60.6,-68.5,-98.5,-81.33333333333333,-58.4,-89.6,bedroom_1
2017-04-10 13:59:17+00:00,-70.4,-72.6,-50.75,-58.5,-70.6,-61.333333333333336,-70.33333333333333,-83.66666666666667,-75.0,-48.0,-79.0,bedroom_1
2017-04-10 13:59:18+00:00,-76.25,-74.0,-70.66666666666667,-56.0,-65.0,-60.666666666666664,-75.0,-86.0,-83.5,-61.333333333333336,-82.25,bedroom_1
2017-04-10 13:59:19+00:00,-76.6,-70.0,-61.0,-63.5,-73.0,-65.0,-82.4,-120.0,-75.5,-72.75,-93.5,bedroom_1
2017-04-10 13:59:20+00:00,-81.75,-69.25,-61.75,-66.0,-77.2,-62.0,-78.0,-120.0,-80.5,-67.6,-87.33333333333333,bedroom_1
2017-04-10 13:59:22+00:00,-76.33333333333333,-80.25,-49.8,-48.0,-65.5,-67.66666666666667,-59.25,-95.0,-87.0,-61.666666666666664,-91.75,bedroom_1
2017-04-10 13:59:23+00:00,-83.0,-77.25,-58.8,-66.0,-57.333333333333336,-65.6,-70.6,-120.0,-84.0,-65.0,-84.66666666666667,bedroom_1
2017-04-10 13:59:24+00:00,-85.33333333333333,-78.0,-59.2,-66.6,-61.5,-69.33333333333333,-74.5,-120.0,-75.0,-71.2,-76.5,bedroom_1
2017-04-10 13:59:25+00:00,-87.75,-80.0,-63.2,-69.66666666666667,-75.4,-70.0,-66.6,-90.0,-75.5,-66.6,-92.0,bedroom_1
2017-04-10 13:59:26+00:00,-99.0,-82.33333333333333,-46.75,-63.333333333333336,-64.0,-66.8,-69.66666666666667,-120.0,-79.5,-58.0,-83.6,bedroom_1
2017-04-10 13:59:27+00:00,-89.0,-80.33333333333333,-52.666666666666664,-65.0,-82.25,-65.25,-73.5,-99.0,-75.33333333333333,-58.25,-86.2,bedroom_1
2017-04-10 13:59:28+00:00,-87.66666666666667,-86.25,-52.75,-64.33333333333333,-81.6,-71.25,-68.4,-120.0,-73.5,-68.0,-87.66666666666667,bedroom_1
2017-04-10 13:59:29+00:00,-120.0,-86.66666666666667,-53.2,-59.2,-64.0,-66.0,-78.5,-120.0,-73.0,-77.0,-86.0,bedroom_1
2017-04-10 13:59:30+00:00,-86.0,-78.0,-60.0,-51.0,-50.2,-54.0,-79.0,-120.0,-85.0,-69.0,-88.0,bedroom_1
2017-04-10 13:59:31+00:00,-99.0,-74.6,-59.2,-45.25,-60.75,-62.0,-73.75,-120.0,-83.5,-73.0,-98.0,bedroom_1
2017-04-10 13:59:32+00:00,-86.0,-73.0,-64.0,-59.0,-71.5,-63.0,-77.0,-120.0,-73.0,-78.66666666666667,-93.66666666666667,bedroom_1
2017-04-10 13:59:33+00:00,-88.0,-77.5,-63.2,-64.6,-74.6,-62.0,-76.33333333333333,-120.0,-85.75,-66.5,-86.0,bedroom_1
2017-04-10 13:59:34+00:00,-82.0,-80.8,-69.0,-73.5,-79.8,-74.66666666666667,-79.75,-89.0,-85.0,-64.6,-87.0,bedroom_1
2017-04-10 13:59:35+00:00,-77.6,-77.8,-71.33333333333333,-75.2,-83.5,-79.6,-79.0,-85.0,-85.75,-68.8,-88.0,hallway_upper
2017-04-10 13:59:36+00:00,-85.0,-81.0,-74.0,-82.6,-81.5,-76.0,-74.0,-77.25,-75.0,-62.25,-82.0,hallway_upper
2017-04-10 13:59:37+00:00,-69.0,-79.4,-69.0,-82.8,-78.33333333333333,-83.33333333333333,-84.5,-77.25,-75.66666666666667,-65.75,-78.2,hallway_upper
2017-04-10 13:59:38+00:00,-70.0,-75.75,-83.66666666666667,-89.5,-81.66666666666667,-81.5,-74.33333333333333,-76.0,-73.2,-67.75,-70.8,hallway_upper
2017-04-10 13:59:39+00:00,-72.8,-89.5,-74.5,-81.0,-95.0,-88.66666666666667,-72.75,-94.0,-70.33333333333333,-75.25,-72.6,bedroom_2
2017-04-10 13:59:40+00:00,-82.66666666666667,-85.0,-71.75,-87.0,-85.0,-82.5,-62.666666666666664,-92.0,-66.33333333333333,-82.66666666666667,-68.0,bedroom_2
2017-04-10 13:59:41+00:00,-82.75,-120.0,-74.75,-94.0,-95.75,-94.0,-69.5,-89.0,-79.0,-84.66666666666667,-63.25,bedroom_2
2017-04-10 13:59:42+00:00,-85.8,-89.0,-68.25,-85.75,-87.0,-84.66666666666667,-61.333333333333336,-75.5,-78.25,-79.8,-66.75,bedroom_2
2017-04-10 13:59:43+00:00,-81.66666666666667,-88.0,-64.6,-82.0,-89.25,-79.2,-50.0,-84.5,-59.0,-73.33333333333333,-75.0,bedroom_2
2017-04-10 13:59:44+00:00,-120.0,-88.66666666666667,-62.5,-69.66666666666667,-85.66666666666667,-73.0,-48.0,-87.5,-58.333333333333336,-58.666666666666664,-86.66666666666667,bedroom_2
2017-04-10 13:59:45+00:00,-82.0,-86.0,-61.6,-66.66666666666667,-86.5,-82.0,-49.5,-85.0,-60.333333333333336,-65.33333333333333,-81.0,bedroom_2
2017-04-10 13:59:46+00:00,-82.0,-88.33333333333333,-49.4,-71.5,-84.25,-75.75,-58.333333333333336,-91.25,-68.33333333333333,-61.5,-77.66666666666667,bedroom_2
2017-04-10 13:59:47+00:00,-82.0,-91.0,-72.33333333333333,-83.66666666666667,-79.5,-87.66666666666667,-64.0,-86.66666666666667,-67.66666666666667,-74.33333333333333,-70.25,bedroom_2
2017-04-10 13:59:48+00:00,-86.5,-87.5,-66.8,-77.0,-87.75,-86.33333333333333,-66.5,-89.0,-78.0,-73.25,-83.5,bedroom_2
2017-04-10 13:59:49+00:00,-81.0,-87.0,-76.33333333333333,-76.5,-83.2,-79.0,-60.5,-84.0,-120.0,-66.33333333333333,-74.5,bedroom_2
2017-04-10 13:59:50+00:00,-72.33333333333333,-81.75,-76.25,-78.8,-87.0,-80.5,-72.6,-85.33333333333333,-72.0,-81.0,-79.0,hallway_upper
2017-04-10 13:59:51+00:00,-74.2,-75.5,-71.75,-83.6,-86.6,-73.66666666666667,-63.0,-81.66666666666667,-78.75,-57.8,-79.0,hallway_upper
2017-04-10 13:59:52+00:00,-69.0,-85.5,-81.5,-89.0,-90.5,-79.33333333333333,-74.8,-85.0,-84.0,-63.4,-79.66666666666667,hallway_upper
2017-04-10 13:59:53+00:00,-68.75,-87.33333333333333,-77.2,-87.66666666666667,-75.0,-78.0,-74.6,-83.6,-78.5,-68.8,-81.0,stairs
2017-04-10 13:59:54+00:00,-70.5,-81.0,-83.0,-77.6,-82.75,-82.75,-70.0,-81.66666666666667,-82.66666666666667,-68.75,-82.0,stairs
2017-04-10 13:59:55+00:00,-78.0,-70.0,-81.75,-77.33333333333333,-78.0,-79.66666666666667,-77.0,-78.33333333333333,-80.0,-57.5,-75.0,stairs
2017-04-10 13:59:56+00:00,-86.0,-66.5,-78.8,-79.0,-73.25,-73.75,-73.0,-87.25,-62.333333333333336,-63.0,-72.25,stairs
2017-04-10 13:59:57+00:00,-88.66666666666667,-62.2,-67.5,-82.75,-71.66666666666667,-82.66666666666667,-78.25,-87.0,-77.4,-67.33333333333333,-76.25,hallway_lower
2017-04-10 13:59:58+00:00,-88.25,-81.0,-83.0,-89.5,-68.5,-73.6,-70.0,-85.75,-72.33333333333333,-73.8,-82.25,hallway_lower
2017-04-10 13:59:59+00:00,-72.0,-77.25,-85.75,-86.6,-74.8,-76.25,-77.5,-77.75,-74.66666666666667,-67.25,-73.4,living_area_A
2017-04-10 14:00:00+00:00,-76.4,-73.8,-80.0,-88.5,-81.5,-76.8,-68.5,-76.0,-71.8,-79.2,-65.8,living_area_A
2017-04-10 14:00:01+00:00,-85.6,-71.75,-81.33333333333333,-80.33333333333333,-77.25,-82.0,-76.75,-69.4,-84.0,-79.8,-65.5,living_area_A
2017-04-10 14:00:02+00:00,-77.0,-59.333333333333336,-79.25,-80.5,-78.0,-67.2,-79.66666666666667,-87.0,-61.25,-75.0,-78.25,living_area_A
2017-04-10 14:00:03+00:00,-78.33333333333333,-84.0,-77.0,-82.5,-77.0,-72.5,-79.5,-74.4,-66.25,-74.5,-69.5,living_area_A
2017-04-10 14:00:04+00:00,-71.0,-97.5,-90.75,-120.0,-74.25,-75.0,-84.0,-59.5,-84.0,-90.75,-78.0,kitchen
2017-04-10 14:00:05+00:00,-61.666666666666664,-85.5,-88.0,-92.0,-82.5,-84.75,-85.5,-59.0,-76.66666666666667,-87.5,-83.5,kitchen
2017-04-10 14:00:06+00:00,-72.0,-90.5,-85.5,-120.0,-85.0,-82.75,-77.5,-64.25,-69.5,-93.0,-91.0,kitchen
2017-04-10 14:00:07+00:00,-81.4,-100.0,-86.0,-120.0,-76.5,-91.0,-120.0,-58.5,-84.0,-83.0,-77.33333333333333,kitchen
2017-04-10 14:00:08+00:00,-95.0,-92.0,-120.0,-120.0,-93.0,-82.5,-98.0,-52.2,-82.5,-103.0,-88.0,kitchen
2017-04-10 14:00:09+00:00,-83.0,-97.0,-120.0,-120.0,-84.8,-83.0,-86.5,-64.25,-77.0,-84.0,-89.75,kitchen
2017-04-10 14:00:10+00:00,-81.66666666666667,-120.0,-120.0,-120.0,-83.0,-88.0,-97.0,-56.25,-83.75,-120.0,-99.0,kitchen
2017-04-10 14:00:11+00:00,-76.2,-96.5,-120.0,-120.0,-89.0,-86.33333333333333,-120.0,-53.75,-83.0,-90.0,-91.0,kitchen
2017-04-10 14:00:12+00:00,-77.0,-90.0,-120.0,-100.0,-83.0,-73.5,-86.0,-53.666666666666664,-76.25,-88.5,-73.75,kitchen
2017-04-10 14:00:13+00:00,-75.6,-85.0,-76.0,-87.5,-79.33333333333333,-79.75,-88.0,-50.333333333333336,-71.0,-89.25,-78.4,kitchen
2017-04-10 14:00:14+00:00,-82.0,-83.25,-88.0,-84.66666666666667,-73.75,-76.5,-70.0,-60.5,-57.333333333333336,-81.25,-72.4,living_area_A
2017-04-10 14:00:15+00:00,-84.0,-79.0,-80.5,-88.6,-74.8,-72.0,-76.5,-72.6,-50.6,-76.25,-61.666666666666664,living_area_A
2017-04-10 14:00:16+00:00,-78.66666666666667,-78.0,-78.4,-80.66666666666667,-69.75,-71.2,-79.6,-74.25,-54.75,-75.0,-65.33333333333333,living_area_A
2017-04-10 14:00:17+00:00,-81.0,-81.0,-83.66666666666667,-84.5,-63.25,-73.5,-73.5,-81.0,-60.666666666666664,-71.5,-72.4,living_area_A
2017-04-10 14:00:18+00:00,-86.0,-76.25,-82.8,-87.0,-61.75,-67.33333333333333,-72.5,-90.0,-56.333333333333336,-74.66666666666667,-69.0,living_area_A
2017-04-10 14:00:19+00:00,-84.0,-73.75,-82.0,-77.0,-60.75,-57.666666666666664,-69.25,-79.8,-56.666666666666664,-74.4,-70.25,living_area_A
2017-04-10 14:00:20+00:00,-82.66666666666667,-79.0,-73.0,-84.66666666666667,-58.666666666666664,-64.5,-69.5,-80.0,-68.75,-76.0,-77.66666666666667,living_area_A
2017-04-10 14:00:21+00:00,-84.66666666666667,-74.4,-77.0,-79.25,-60.8,-64.6,-83.5,-79.33333333333333,-61.0,-73.5,-63.8,living_area_A
2017-04-10 14:00:22+00:00,-84.4,-66.0,-72.25,-80.66666666666667,-65.66666666666667,-71.2,-85.2,-73.0,-54.6,-74.4,-67.8,living_area_A
2017-04-10 14:00:23+00:00,-88.25,-73.5,-72.66666666666667,-77.33333333333333,-120.0,-68.25,-73.0,-80.4,-55.5,-74.5,-69.2,living_area_A
2017-04-10 14:00:24+00:00,-82.66666666666667,-76.0,-68.4,-72.2,-61.6,-71.33333333333333,-78.25,-77.66666666666667,-60.8,-68.5,-78.0,living_area_A
2017-04-10 14:00:25+00:00,-79.33333333333333,-76.0,-73.25,-77.2,-58.4,-71.8,-68.25,-81.0,-59.4,-69.0,-70.0,living_area_A
2017-04-10 14:00:26+00:00,-81.0,-71.75,-71.66666666666667,-74.0,-66.33333333333333,-66.2,-74.25,-82.0,-66.33333333333333,-72.5,-70.4,living_area_A
2017-04-10 14:00:27+00:00,-84.2,-71.0,-68.4,-75.66666666666667,-63.333333333333336,-66.5,-74.2,-79.25,-77.0,-71.2,-75.4,living_area_A
2017-04-10 14:00:28+00:00,-82.0,-70.6,-72.0,-76.8,-65.0,-58.5,-74.5,-88.0,-67.33333333333333,-72.66666666666667,-74.66666666666667,living_area_A
2017-04-10 14:00:29+00:00,-86.66666666666667,-84.5,-73.25,-72.0,-65.8,-66.0,-63.75,-79.6,-53.0,-63.666666666666664,-73.25,living_area_A
2017-04-10 14:00:30+00:00,-85.6,-73.0,-75.66666666666667,-72.0,-62.6,-60.0,-65.75,-73.0,-67.5,-74.75,-68.5,living_area_A
2017-04-10 14:00:31+00:00,-80.4,-81.5,-77.75,-75.25,-66.0,-72.5,-82.75,-68.8,-60.75,-69.0,-64.0,living_area_A
2017-04-10 14:00:32+00:00,-78.75,-81.0,-79.66666666666667,-85.6,-81.25,-68.0,-81.25,-72.5,-63.75,-77.25,-66.66666666666667,living_area_A
2017-04-10 14:00:33+00:00,-74.0,-82.5,-82.0,-87.5,-78.25,-81.25,-82.75,-70.0,-75.66666666666667,-83.5,-66.6,living_area_A
2017-04-10 14:00:37+00:00,-85.0,-72.0,-67.0,-75.66666666666667,-69.0,-68.5,-84.5,-76.0,-48.0,-72.66666666666667,-78.25,living_area_A
2017-04-10 14:00:38+00:00,-88.75,-77.0,-74.5,-85.0,-70.66666666666667,-70.0,-71.4,-85.0,-67.5,-64.0,-69.8,living_area_A
2017-04-10 14:00:39+00:00,-93.33333333333333,-72.2,-63.0,-69.0,-65.0,-70.8,-63.8,-79.0,-45.0,-69.2,-61.8,living_area_A
2017-04-10 14:00:40+00:00,-86.0,-73.33333333333333,-78.0,-64.8,-65.0,-73.2,-72.5,-78.0,-55.5,-74.0,-58.75,living_area_A
2017-04-10 14:00:41+00:00,-95.5,-64.25,-75.0,-67.4,-70.8,-66.8,-71.0,-81.4,-57.2,-67.75,-66.8,living_area_A
2017-04-10 14:00:42+00:00,-120.0,-70.8,-67.33333333333333,-65.25,-120.0,-78.5,-68.75,-82.0,-53.5,-75.33333333333333,-72.25,living_area_A
2017-04-10 14:00:43+00:00,-82.5,-73.5,-74.25,-74.5,-69.66666666666667,-70.5,-73.33333333333333,-76.33333333333333,-61.333333333333336,-75.5,-71.0,living_area_A
2017-04-10 14:00:44+00:00,-85.33333333333333,-87.33333333333333,-81.33333333333333,-68.0,-67.2,-81.66666666666667,-75.25,-78.0,-58.0,-78.0,-69.75,living_area_A
2017-04-10 14:00:45+00:00,-89.0,-79.6,-63.6,-66.8,-66.0,-61.0,-70.8,-79.0,-61.333333333333336,-77.0,-67.75,living_area_B
2017-04-10 14:00:46+00:00,-91.0,-78.33333333333333,-61.5,-62.5,-62.25,-59.75,-83.5,-88.33333333333333,-77.0,-86.33333333333333,-79.5,living_area_B
2017-04-10 14:00:50+00:00,-97.5,-68.25,-79.0,-75.0,-72.5,-55.75,-93.5,-94.0,-78.33333333333333,-79.25,-78.0,living_area_B
2017-04-10 14:00:51+00:00,-89.5,-69.5,-63.5,-76.33333333333333,-72.66666666666667,-50.5,-74.25,-83.5,-68.25,-74.6,-74.8,living_area_B
2017-04-10 14:00:52+00:00,-87.0,-67.25,-74.75,-74.75,-70.8,-43.0,-84.0,-76.5,-73.0,-77.75,-71.6,living_area_B
2017-04-10 14:00:53+00:00,-88.66666666666667,-64.2,-77.2,-76.8,-66.33333333333333,-42.333333333333336,-80.66666666666667,-92.75,-68.0,-76.0,-69.0,living_area_B
2017-04-10 14:00:54+00:00,-87.33333333333333,-66.33333333333333,-74.25,-71.5,-65.4,-36.25,-79.0,-81.0,-73.5,-70.6,-74.6,living_area_B
2017-04-10 14:00:55+00:00,-84.5,-58.2,-78.0,-79.33333333333333,-60.333333333333336,-43.2,-75.75,-83.0,-59.5,-70.25,-74.75,living_area_B
2017-04-10 14:00:56+00:00,-85.0,-61.75,-64.2,-81.33333333333333,-57.666666666666664,-39.2,-80.5,-77.0,-91.0,-71.6,-69.2,living_area_B
2017-04-10 14:00:57+00:00,-94.0,-62.25,-79.33333333333333,-71.5,-61.333333333333336,-47.25,-69.5,-96.0,-76.8,-70.0,-73.6,living_area_B
2017-04-10 14:00:58+00:00,-85.0,-61.2,-73.66666666666667,-76.4,-58.666666666666664,-35.5,-88.0,-78.0,-72.0,-75.0,-67.5,living_area_B
2017-04-10 14:00:59+00:00,-82.0,-63.6,-74.75,-71.75,-63.25,-44.2,-79.5,-91.0,-74.33333333333333,-73.75,-71.66666666666667,living_area_B
2017-04-10 14:01:00+00:00,-96.0,-62.0,-73.75,-76.4,-70.5,-41.4,-81.4,-84.33333333333333,-74.0,-82.0,-76.0,living_area_B
2017-04-10 14:01:01+00:00,-88.0,-69.4,-76.2,-73.5,-60.25,-39.5,-82.25,-92.66666666666667,-66.5,-72.2,-77.4,living_area_B
2017-04-10 14:01:02+00:00,-94.0,-63.2,-73.5,-72.5,-74.2,-46.0,-82.75,-91.75,-75.5,-81.5,-78.6,living_area_B
2017-04-10 14:01:03+00:00,-88.5,-58.333333333333336,-72.0,-77.25,-71.5,-47.2,-88.0,-85.0,-69.4,-72.0,-78.75,living_area_B
2017-04-10 14:01:04+00:00,-96.0,-70.0,-71.33333333333333,-73.75,-71.33333333333333,-59.666666666666664,-71.0,-79.0,-59.0,-80.25,-75.0,living_area_B
2017-04-10 14:01:05+00:00,-89.0,-75.33333333333333,-66.4,-78.75,-60.75,-61.2,-80.8,-81.0,-65.0,-81.2,-73.5,living_area_B
2017-04-10 14:01:06+00:00,-86.0,-80.4,-78.0,-88.5,-72.5,-71.5,-81.66666666666667,-74.75,-77.5,-70.0,-74.0,living_area_A
2017-04-10 14:01:07+00:00,-81.33333333333333,-86.0,-83.0,-77.5,-74.5,-65.0,-69.75,-74.0,-64.0,-72.5,-57.666666666666664,living_area_A
2017-04-10 14:01:08+00:00,-75.5,-83.0,-78.66666666666667,-85.25,-77.8,-67.33333333333333,-79.5,-74.75,-63.75,-73.5,-66.75,living_area_A
2017-04-10 14:01:09+00:00,-84.5,-72.5,-80.0,-85.5,-83.75,-67.0,-68.5,-75.5,-65.0,-72.5,-67.6,living_area_A
2017-04-10 14:01:10+00:00,-77.33333333333333,-72.0,-71.25,-84.6,-79.0,-62.25,-80.75,-77.66666666666667,-71.0,-72.33333333333333,-63.333333333333336,living_area_A
2017-04-10 14:01:11+00:00,-84.0,-66.66666666666667,-79.0,-84.0,-80.0,-65.0,-73.5,-72.8,-68.33333333333333,-73.25,-64.5,living_area_A
2017-04-10 14:01:12+00:00,-88.5,-67.75,-73.66666666666667,-88.5,-80.8,-59.0,-72.33333333333333,-77.0,-59.25,-76.25,-65.0,living_area_A
2017-04-10 14:01:13+00:00,-85.0,-75.5,-82.0,-82.0,-81.75,-59.333333333333336,-76.0,-72.5,-62.5,-79.25,-73.8,living_area_A
2017-04-10 14:01:14+00:00,-86.0,-80.75,-84.25,-89.5,-81.25,-59.4,-68.0,-76.25,-67.0,-76.25,-60.333333333333336,living_area_A
2017-04-10 14:01:15+00:00,-86.0,-85.0,-84.0,-93.0,-76.33333333333333,-76.0,-61.5,-69.6,-70.5,-78.33333333333333,-70.2,living_area_A
2017-04-10 14:01:16+00:00,-80.5,-77.0,-89.75,-87.0,-86.25,-71.25,-67.5,-74.5,-61.333333333333336,-78.0,-62.75,living_area_A
2017-04-10 14:01:17+00:00,-84.0,-74.2,-79.6,-82.0,-77.5,-69.8,-74.5,-69.25,-59.0,-74.6,-70.75,living_area_A
2017-04-10 14:01:18+00:00,-87.75,-78.33333333333333,-77.5,-87.33333333333333,-75.25,-61.75,-64.6,-78.0,-63.25,-84.66666666666667,-71.0,living_area_A
2017-04-10 14:01:19+00:00,-81.8,-75.75,-76.5,-89.0,-70.33333333333333,-66.75,-70.33333333333333,-75.5,-64.8,-80.0,-65.25,living_area_A
2017-04-10 14:01:20+00:00,-88.66666666666667,-82.0,-76.75,-77.0,-80.25,-67.75,-71.75,-74.66666666666667,-58.5,-76.0,-69.75,living_area_A
2017-04-10 14:01:21+00:00,-89.66666666666667,-73.33333333333333,-79.33333333333333,-90.0,-83.0,-62.6,-68.0,-72.4,-68.66666666666667,-78.4,-68.0,living_area_A
2017-04-10 14:01:22+00:00,-94.0,-70.5,-79.0,-86.4,-78.33333333333333,-61.8,-77.0,-76.6,-61.2,-70.33333333333333,-73.0,living_area_A
2017-04-10 14:01:23+00:00,-86.33333333333333,-72.0,-76.6,-80.0,-82.6,-69.0,-68.75,-75.5,-60.0,-76.0,-73.25,living_area_A
2017-04-10 14:01:24+00:00,-94.0,-78.6,-77.8,-83.66666666666667,-82.75,-66.5,-61.25,-76.25,-69.0,-75.75,-68.5,living_area_A
2017-04-10 14:01:25+00:00,-85.66666666666667,-72.5,-79.0,-85.33333333333333,-85.5,-58.0,-71.25,-75.75,-60.0,-70.75,-71.2,living_area_A
2017-04-10 14:01:26+00:00,-85.5,-75.25,-81.0,-85.0,-78.5,-61.6,-76.8,-70.25,-64.0,-78.5,-77.33333333333333,living_area_A
2017-04-10 14:01:27+00:00,-88.2,-72.4,-81.33333333333333,-83.2,-71.4,-68.75,-86.5,-81.0,-57.0,-72.2,-75.25,living_area_A
2017-04-10 14:01:28+00:00,-83.0,-77.33333333333333,-82.0,-87.0,-83.2,-71.0,-68.25,-66.5,-61.0,-66.5,-70.8,living_area_A
2017-04-10 14:01:29+00:00,-83.33333333333333,-80.5,-84.5,-88.25,-86.33333333333333,-71.5,-61.8,-74.4,-62.8,-68.0,-63.25,living_area_A
2017-04-10 14:01:34+00:00,-83.0,-67.5,-86.5,-75.5,-74.5,-61.0,-85.66666666666667,-71.25,-72.5,-77.6,-72.0,living_area_A
2017-04-10 14:01:35+00:00,-74.25,-77.0,-83.5,-83.33333333333333,-72.0,-73.2,-82.0,-72.5,-67.33333333333333,-74.5,-68.75,living_area_A
2017-04-10 14:01:36+00:00,-86.8,-87.5,-84.66666666666667,-88.33333333333333,-75.4,-80.75,-77.33333333333333,-72.25,-66.0,-80.66666666666667,-51.333333333333336,living_area_A
2017-04-10 14:01:37+00:00,-88.75,-82.0,-82.5,-88.5,-75.33333333333333,-75.0,-75.25,-71.0,-59.0,-79.5,-65.0,living_area_A
2017-04-10 14:01:38+00:00,-77.0,-74.0,-83.0,-82.0,-74.33333333333333,-77.8,-73.0,-76.0,-67.25,-75.0,-61.5,living_area_A
2017-04-10 14:01:39+00:00,-77.2,-72.33333333333333,-79.0,-75.0,-70.4,-68.8,-81.33333333333333,-77.5,-74.5,-68.25,-73.33333333333333,living_area_A
2017-04-10 14:01:40+00:00,-66.25,-86.66666666666667,-87.25,-86.33333333333333,-75.33333333333333,-74.0,-79.75,-69.25,-70.75,-85.0,-77.75,kitchen
2017-04-10 14:01:41+00:00,-66.4,-89.0,-78.5,-90.5,-84.75,-76.66666666666667,-120.0,-58.333333333333336,-72.5,-87.66666666666667,-84.0,kitchen
2017-04-10 14:01:42+00:00,-62.0,-87.5,-98.0,-120.0,-79.25,-84.5,-88.0,-56.2,-80.0,-93.0,-82.5,kitchen
2017-04-10 14:01:43+00:00,-75.66666666666667,-87.0,-90.5,-84.5,-81.4,-82.75,-93.0,-52.4,-70.66666666666667,-94.5,-83.66666666666667,kitchen
2017-04-10 14:01:44+00:00,-85.4,-120.0,-120.0,-120.0,-93.66666666666667,-79.5,-98.0,-73.0,-89.5,-85.0,-83.33333333333333,kitchen
2017-04-10 14:01:45+00:00,-79.25,-80.0,-80.0,-79.0,-81.25,-81.0,-89.5,-58.5,-72.66666666666667,-80.5,-84.0,kitchen
2017-04-10 14:01:46+00:00,-77.5,-83.75,-87.0,-86.5,-70.66666666666667,-71.0,-78.0,-50.0,-73.25,-83.0,-81.2,kitchen
2017-04-10 14:01:47+00:00,-81.8,-87.0,-80.0,-81.0,-76.0,-89.5,-71.0,-69.75,-73.33333333333333,-92.5,-81.2,kitchen
2017-04-10 14:01:48+00:00,-76.5,-87.0,-120.0,-87.0,-86.5,-85.66666666666667,-92.0,-69.0,-77.0,-80.0,-88.0,kitchen
2017-04-10 14:01:49+00:00,-73.0,-86.33333333333333,-120.0,-88.5,-83.6,-79.75,-85.5,-60.2,-82.0,-88.0,-81.8,kitchen
2017-04-10 14:01:50+00:00,-74.25,-88.66666666666667,-85.5,-87.66666666666667,-80.5,-76.4,-81.33333333333333,-52.2,-69.0,-85.8,-71.4,kitchen
2017-04-10 14:01:51+00:00,-60.666666666666664,-100.0,-120.0,-84.0,-80.25,-78.5,-83.0,-52.8,-75.5,-96.0,-87.0,kitchen
2017-04-10 14:01:52+00:00,-71.4,-90.66666666666667,-97.0,-120.0,-87.66666666666667,-88.0,-120.0,-56.5,-120.0,-83.75,-85.0,kitchen
2017-04-10 14:01:53+00:00,-70.8,-90.66666666666667,-90.0,-120.0,-83.66666666666667,-87.0,-91.0,-50.75,-88.0,-120.0,-76.0,kitchen
2017-04-10 14:01:54+00:00,-79.66666666666667,-89.25,-120.0,-120.0,-90.75,-89.5,-89.0,-51.25,-82.0,-120.0,-76.5,kitchen
2017-04-10 14:01:55+00:00,-69.66666666666667,-96.0,-88.33333333333333,-120.0,-86.75,-87.75,-120.0,-53.4,-77.0,-92.0,-80.0,kitchen
2017-04-10 14:01:56+00:00,-75.66666666666667,-98.0,-86.33333333333333,-96.0,-85.0,-82.33333333333333,-88.66666666666667,-47.4,-74.66666666666667,-82.0,-77.75,kitchen
2017-04-10 14:01:57+00:00,-72.5,-88.0,-84.0,-120.0,-77.0,-76.0,-99.0,-49.25,-120.0,-89.33333333333333,-74.75,kitchen
2017-04-10 14:01:58+00:00,-71.0,-88.5,-90.0,-120.0,-90.0,-81.5,-93.0,-51.5,-74.66666666666667,-90.0,-80.66666666666667,kitchen
2017-04-10 14:01:59+00:00,-63.333333333333336,-89.0,-120.0,-100.0,-80.0,-87.0,-82.0,-52.25,-78.66666666666667,-86.25,-75.25,kitchen
2017-04-10 14:02:00+00:00,-69.75,-120.0,-120.0,-120.0,-84.0,-89.0,-100.0,-52.75,-75.4,-89.0,-76.4,kitchen
2017-04-10 14:02:01+00:00,-73.75,-87.0,-89.0,-120.0,-120.0,-90.0,-86.5,-49.666666666666664,-74.5,-120.0,-81.4,kitchen
2017-04-10 14:02:02+00:00,-70.75,-120.0,-88.0,-120.0,-88.6,-89.66666666666667,-90.0,-54.6,-70.0,-88.66666666666667,-74.25,kitchen
2017-04-10 14:02:03+00:00,-68.8,-93.0,-120.0,-93.5,-80.33333333333333,-81.33333333333333,-86.0,-46.25,-74.0,-78.0,-79.6,kitchen
2017-04-10 14:02:04+00:00,-78.75,-88.0,-91.5,-120.0,-96.0,-78.0,-97.0,-54.25,-85.0,-84.33333333333333,-70.75,kitchen
2017-04-10 14:02:05+00:00,-75.2,-87.0,-91.0,-84.0,-84.0,-81.0,-84.0,-52.8,-72.33333333333333,-85.5,-73.8,kitchen
2017-04-10 14:02:06+00:00,-72.5,-91.5,-120.0,-120.0,-77.0,-80.5,-94.5,-56.0,-72.33333333333333,-88.5,-97.0,kitchen
2017-04-10 14:02:07+00:00,-68.5,-92.0,-120.0,-120.0,-93.0,-87.0,-90.0,-49.0,-64.33333333333333,-97.0,-77.0,kitchen
2017-04-10 14:02:13+00:00,-62.0,-89.0,-100.0,-120.0,-95.33333333333333,-84.33333333333333,-91.0,-53.8,-62.333333333333336,-89.0,-76.0,kitchen
2017-04-10 14:02:14+00:00,-72.33333333333333,-95.5,-120.0,-120.0,-87.33333333333333,-77.66666666666667,-90.0,-56.75,-84.33333333333333,-100.0,-73.33333333333333,kitchen
2017-04-10 14:02:15+00:00,-65.2,-92.66666666666667,-120.0,-120.0,-93.0,-86.75,-98.0,-51.0,-65.5,-84.0,-68.5,kitchen
2017-04-10 14:02:16+00:00,-78.0,-92.0,-120.0,-99.0,-87.33333333333333,-85.75,-120.0,-55.0,-86.0,-86.5,-78.6,kitchen
2017-04-10 14:02:17+00:00,-74.0,-85.0,-82.5,-84.0,-88.0,-78.66666666666667,-90.33333333333333,-58.5,-77.25,-82.5,-78.25,kitchen
2017-04-10 14:02:18+00:00,-72.0,-94.0,-82.66666666666667,-120.0,-81.75,-81.0,-84.0,-51.333333333333336,-79.33333333333333,-87.0,-77.2,kitchen
2017-04-10 14:02:19+00:00,-74.4,-87.0,-85.0,-120.0,-88.5,-86.66666666666667,-91.0,-57.25,-71.0,-91.5,-79.4,kitchen
2017-04-10 14:02:20+00:00,-68.75,-86.0,-90.5,-120.0,-82.5,-86.25,-94.5,-52.2,-74.5,-83.5,-83.0,kitchen
2017-04-10 14:02:21+00:00,-69.0,-120.0,-120.0,-120.0,-89.75,-81.0,-86.0,-48.0,-77.0,-88.0,-77.33333333333333,kitchen
2017-04-10 14:02:22+00:00,-68.25,-85.0,-88.0,-84.0,-92.2,-90.0,-87.0,-50.6,-73.5,-89.0,-67.66666666666667,kitchen
2017-04-10 14:02:23+00:00,-71.5,-85.0,-88.33333333333333,-120.0,-87.0,-86.5,-85.5,-50.0,-79.66666666666667,-92.5,-88.0,kitchen
2017-04-10 14:02:24+00:00,-61.5,-92.5,-92.0,-86.0,-85.33333333333333,-87.5,-95.0,-46.5,-79.33333333333333,-81.66666666666667,-64.0,kitchen
2017-04-10 14:02:25+00:00,-66.4,-89.0,-84.0,-82.0,-93.0,-85.0,-84.0,-39.666666666666664,-73.66666666666667,-85.75,-69.5,kitchen
2017-04-10 14:02:26+00:00,-70.8,-90.0,-87.0,-120.0,-97.0,-81.0,-84.0,-53.666666666666664,-78.25,-89.25,-82.0,kitchen
2017-04-10 14:02:27+00:00,-68.0,-92.66666666666667,-84.0,-120.0,-87.0,-84.5,-87.66666666666667,-51.4,-79.33333333333333,-89.75,-72.5,kitchen
2017-04-10 14:02:28+00:00,-71.5,-89.0,-98.0,-120.0,-88.0,-84.0,-88.5,-54.333333333333336,-81.0,-88.0,-74.5,kitchen
2017-04-10 14:02:29+00:00,-72.5,-120.0,-120.0,-120.0,-85.75,-84.0,-85.0,-55.333333333333336,-78.0,-89.0,-75.4,kitchen
2017-04-10 14:02:30+00:00,-71.0,-96.0,-96.0,-120.0,-89.33333333333333,-81.5,-88.75,-55.4,-74.0,-93.0,-78.0,kitchen
2017-04-10 14:02:31+00:00,-67.4,-92.0,-120.0,-120.0,-82.0,-82.33333333333333,-85.75,-60.25,-75.25,-93.0,-76.5,kitchen
2017-04-10 14:02:32+00:00,-63.5,-82.0,-120.0,-120.0,-82.0,-78.0,-83.0,-52.0,-72.2,-120.0,-79.2,kitchen
2017-04-10 14:02:33+00:00,-69.2,-89.0,-93.5,-83.0,-82.2,-83.5,-98.0,-50.25,-77.5,-92.0,-79.0,kitchen
2017-04-10 14:02:34+00:00,-80.25,-87.66666666666667,-84.33333333333333,-92.0,-81.5,-65.66666666666667,-90.33333333333333,-48.75,-64.33333333333333,-81.75,-77.25,kitchen
2017-04-10 14:02:35+00:00,-82.8,-84.25,-88.8,-81.0,-77.0,-73.0,-85.0,-58.5,-68.66666666666667,-84.0,-81.0,kitchen
2017-04-10 14:02:36+00:00,-77.4,-76.5,-86.25,-87.0,-81.75,-77.25,-85.33333333333333,-53.5,-72.5,-86.0,-83.5,kitchen
2017-04-10 14:02:37+00:00,-82.0,-83.0,-71.6,-79.4,-69.25,-66.33333333333333,-72.75,-71.2,-66.2,-80.0,-70.5,living_area_A
2017-04-10 14:02:38+00:00,-86.0,-80.66666666666667,-72.5,-80.25,-71.5,-70.25,-65.2,-79.4,-54.0,-81.25,-64.25,living_area_A
2017-04-10 14:02:39+00:00,-120.0,-82.0,-78.5,-79.4,-67.2,-69.25,-69.0,-77.5,-49.0,-77.0,-67.4,living_area_A
2017-04-10 14:02:40+00:00,-87.0,-80.4,-70.25,-83.0,-69.66666666666667,-64.8,-67.0,-83.5,-56.75,-78.0,-69.5,living_area_B
2017-04-10 14:02:41+00:00,-95.0,-76.0,-64.75,-81.66666666666667,-76.0,-72.0,-69.0,-73.5,-49.0,-81.6,-71.25,living_area_B
2017-04-10 14:02:42+00:00,-86.5,-70.0,-66.0,-79.5,-72.25,-74.25,-78.75,-73.25,-58.5,-82.0,-63.4,living_area_A
2017-04-10 14:02:43+00:00,-81.5,-81.5,-60.5,-83.0,-67.25,-65.0,-67.75,-72.5,-68.0,-82.4,-60.25,living_area_A
2017-04-10 14:02:44+00:00,-80.0,-71.75,-70.6,-86.66666666666667,-74.66666666666667,-65.6,-74.6,-85.0,-56.0,-80.75,-70.8,living_area_A
2017-04-10 14:02:45+00:00,-85.4,-76.33333333333333,-69.75,-81.66666666666667,-68.0,-68.5,-77.0,-73.2,-62.333333333333336,-81.25,-61.333333333333336,living_area_A
2017-04-10 14:02:46+00:00,-82.75,-73.0,-72.0,-77.33333333333333,-73.5,-71.0,-76.33333333333333,-66.5,-67.4,-83.5,-64.0,living_area_A
2017-04-10 14:02:47+00:00,-89.5,-83.2,-62.75,-82.66666666666667,-67.66666666666667,-70.0,-80.0,-73.4,-59.5,-81.33333333333333,-58.0,living_area_A
2017-04-10 14:02:48+00:00,-87.66666666666667,-78.4,-65.66666666666667,-79.25,-71.66666666666667,-69.5,-73.0,-79.0,-57.666666666666664,-82.33333333333333,-60.25,living_area_A
2017-04-10 14:02:49+00:00,-85.8,-78.0,-69.0,-79.0,-77.75,-69.0,-76.66666666666667,-72.8,-69.0,-76.0,-68.5,living_area_A
2017-04-10 14:02:50+00:00,-85.0,-80.0,-78.5,-78.0,-74.8,-72.8,-78.0,-75.4,-54.0,-77.25,-67.0,living_area_A
2017-04-10 14:02:51+00:00,-84.0,-77.0,-78.33333333333333,-88.25,-88.0,-66.75,-73.0,-72.0,-60.25,-74.0,-59.25,living_area_A
2017-04-10 14:02:52+00:00,-83.75,-77.25,-71.0,-82.5,-68.0,-72.66666666666667,-70.66666666666667,-70.2,-71.0,-82.5,-67.75,living_area_A
2017-04-10 14:02:53+00:00,-82.0,-81.5,-80.5,-95.0,-82.5,-73.25,-77.75,-69.0,-63.0,-74.33333333333333,-61.8,living_area_A
2017-04-10 14:02:54+00:00,-84.4,-80.5,-77.0,-91.25,-84.2,-78.2,-69.2,-69.5,-54.75,-76.0,-61.2,living_area_A
2017-04-10 14:02:55+00:00,-83.0,-82.0,-84.0,-83.33333333333333,-79.0,-73.25,-71.0,-68.4,-65.5,-79.25,-60.0,living_area_A
2017-04-10 14:02:56+00:00,-86.0,-77.75,-85.0,-85.0,-79.5,-69.8,-69.75,-69.66666666666667,-67.0,-73.33333333333333,-63.5,living_area_A
2017-04-10 14:02:57+00:00,-84.6,-77.0,-84.66666666666667,-90.0,-78.4,-75.4,-72.66666666666667,-73.0,-59.0,-71.4,-60.8,living_area_A
2017-04-10 14:02:58+00:00,-83.25,-76.0,-75.2,-82.25,-73.0,-71.4,-75.4,-67.4,-66.0,-79.5,-61.0,living_area_A
2017-04-10 14:47:01+00:00,-81.0,-82.75,-86.0,-74.0,-76.0,-70.66666666666667,-67.66666666666667,-82.5,-52.5,-79.0,-59.75,living_area_B
2017-04-10 14:47:02+00:00,-96.0,-75.66666666666667,-69.4,-67.6,-71.0,-63.8,-74.0,-85.0,-71.25,-83.66666666666667,-77.6,living_area_B
2017-04-10 14:47:03+00:00,-120.0,-74.0,-71.0,-74.5,-85.0,-63.2,-77.0,-75.5,-52.5,-84.75,-60.5,living_area_B
2017-04-10 14:47:04+00:00,-82.33333333333333,-79.4,-56.0,-73.0,-58.5,-71.25,-70.66666666666667,-72.75,-65.0,-74.5,-60.666666666666664,living_area_B
2017-04-10 14:47:05+00:00,-87.25,-82.6,-68.0,-81.0,-68.33333333333333,-70.75,-80.66666666666667,-71.6,-55.5,-82.0,-62.6,living_area_B
2017-04-10 14:47:06+00:00,-81.0,-79.8,-59.75,-84.75,-69.25,-72.4,-81.8,-86.66666666666667,-72.0,-80.75,-68.4,living_area_B
2017-04-10 14:47:07+00:00,-99.0,-81.0,-64.75,-81.0,-65.5,-66.0,-70.75,-82.0,-68.8,-84.0,-67.0,living_area_B
2017-04-10 14:47:08+00:00,-89.0,-83.0,-57.0,-83.6,-70.33333333333333,-71.6,-73.25,-72.5,-52.0,-78.0,-64.2,living_area_B
2017-04-10 14:47:09+00:00,-85.25,-82.0,-66.75,-80.75,-68.0,-64.0,-78.0,-74.4,-71.0,-80.5,-67.8,living_area_B
2017-04-10 14:47:10+00:00,-84.0,-74.0,-64.0,-82.5,-70.8,-64.0,-85.0,-74.4,-62.333333333333336,-77.5,-62.6,living_area_B
2017-04-10 14:47:11+00:00,-91.0,-83.0,-66.0,-74.33333333333333,-69.66666666666667,-70.5,-75.8,-76.5,-63.4,-81.5,-62.0,living_area_B
2017-04-10 14:47:12+00:00,-86.0,-75.0,-69.0,-80.75,-74.4,-69.5,-79.5,-78.5,-60.0,-76.25,-59.6,living_area_B
2017-04-10 14:47:13+00:00,-85.5,-83.66666666666667,-71.0,-75.6,-74.4,-64.33333333333333,-74.66666666666667,-75.0,-61.0,-82.0,-63.0,living_area_B
2017-04-10 14:47:14+00:00,-80.2,-79.33333333333333,-66.0,-81.0,-71.4,-70.0,-72.75,-72.5,-59.75,-79.0,-72.0,living_area_B
2017-04-10 14:47:15+00:00,-78.0,-72.8,-69.66666666666667,-74.75,-76.6,-62.5,-67.25,-75.33333333333333,-72.0,-81.0,-74.2,living_area_A
2017-04-10 14:47:19+00:00,-77.33333333333333,-72.33333333333333,-77.33333333333333,-82.5,-67.25,-63.333333333333336,-69.33333333333333,-73.2,-67.0,-82.0,-67.25,living_area_A
2017-04-10 14:47:20+00:00,-82.6,-69.25,-74.75,-80.33333333333333,-66.75,-59.75,-82.75,-77.4,-74.75,-76.25,-67.75,living_area_A
2017-04-10 14:47:21+00:00,-77.0,-76.25,-79.4,-79.8,-73.4,-67.5,-72.75,-76.75,-64.25,-74.8,-71.6,living_area_A
2017-04-10 14:47:22+00:00,-75.66666666666667,-70.0,-84.0,-79.5,-76.5,-70.4,-74.0,-64.2,-67.0,-77.33333333333333,-65.5,living_area_A
2017-04-10 14:47:23+00:00,-70.75,-78.25,-86.66666666666667,-80.5,-70.0,-73.0,-79.33333333333333,-74.75,-72.2,-81.0,-72.33333333333333,living_area_A
2017-04-10 14:47:24+00:00,-73.5,-88.0,-85.0,-91.0,-80.0,-81.75,-80.0,-68.5,-71.66666666666667,-81.6,-82.8,kitchen
2017-04-10 14:47:41+00:00,-81.25,-83.66666666666667,-76.0,-76.75,-76.0,-72.0,-73.0,-60.2,-53.0,-82.33333333333333,-73.4,living_area_A
2017-04-10 14:47:42+00:00,-84.0,-78.0,-76.8,-86.25,-73.8,-74.2,-67.75,-81.0,-52.5,-85.0,-69.0,living_area_A
2017-04-10 14:47:43+00:00,-82.33333333333333,-74.0,-79.8,-87.0,-78.0,-69.75,-65.0,-81.5,-59.25,-76.5,-60.25,living_area_A
2017-04-10 14:47:44+00:00,-78.33333333333333,-80.66666666666667,-84.0,-83.0,-83.75,-77.25,-81.0,-72.66666666666667,-62.6,-79.0,-59.6,living_area_A
2017-04-10 14:47:45+00:00,-72.0,-70.25,-74.66666666666667,-82.66666666666667,-74.0,-63.0,-80.75,-69.0,-65.0,-62.5,-72.75,living_area_A
2017-04-10 14:47:46+00:00,-78.5,-68.25,-81.25,-82.5,-77.25,-71.75,-80.75,-74.0,-66.33333333333333,-70.75,-75.66666666666667,living_area_A
2017-04-10 14:47:47+00:00,-83.0,-82.0,-82.66666666666667,-85.25,-80.0,-70.66666666666667,-82.33333333333333,-76.0,-75.0,-81.75,-72.75,living_area_A
2017-04-10 14:47:48+00:00,-71.33333333333333,-92.75,-78.0,-87.0,-75.66666666666667,-88.0,-88.0,-59.0,-67.0,-81.0,-80.25,kitchen
2017-04-10 14:47:49+00:00,-74.0,-84.25,-90.66666666666667,-97.0,-80.6,-85.66666666666667,-81.0,-60.4,-69.6,-83.0,-77.5,kitchen
2017-04-10 14:47:50+00:00,-64.6,-86.0,-88.0,-120.0,-82.5,-80.5,-90.5,-55.666666666666664,-77.66666666666667,-91.0,-80.33333333333333,kitchen
2017-04-10 14:47:51+00:00,-66.0,-92.5,-95.0,-84.66666666666667,-83.0,-85.6,-88.5,-62.5,-72.0,-88.33333333333333,-84.75,kitchen
2017-04-10 14:47:52+00:00,-74.8,-84.0,-79.0,-87.4,-77.6,-86.5,-93.0,-60.0,-69.75,-86.5,-82.0,kitchen
2017-04-10 14:47:53+00:00,-66.4,-83.5,-87.33333333333333,-92.5,-86.0,-80.66666666666667,-72.0,-57.0,-68.0,-86.0,-81.66666666666667,kitchen
2017-04-10 14:47:54+00:00,-75.5,-90.66666666666667,-83.0,-84.0,-71.33333333333333,-79.0,-72.33333333333333,-70.33333333333333,-67.5,-78.75,-85.66666666666667,kitchen
2017-04-10 14:48:04+00:00,-82.75,-82.8,-77.25,-84.0,-74.5,-70.66666666666667,-67.25,-62.75,-56.8,-79.2,-58.4,living_area_A
2017-04-10 14:48:05+00:00,-120.0,-83.66666666666667,-89.0,-88.0,-70.0,-80.2,-73.5,-68.0,-66.75,-83.0,-66.66666666666667,living_area_A
2017-04-10 14:48:06+00:00,-87.33333333333333,-84.66666666666667,-79.25,-77.75,-72.25,-69.25,-80.0,-77.0,-61.0,-80.0,-59.0,living_area_A
2017-04-10 14:48:07+00:00,-84.0,-75.0,-67.33333333333333,-72.66666666666667,-74.75,-70.33333333333333,-64.66666666666667,-73.5,-50.5,-74.33333333333333,-63.0,living_area_A
2017-04-10 14:48:08+00:00,-95.0,-80.0,-64.25,-78.8,-75.2,-66.6,-67.0,-81.5,-47.5,-78.75,-67.8,living_area_B
2017-04-10 14:48:09+00:00,-89.0,-81.66666666666667,-70.0,-81.75,-52.5,-62.2,-82.75,-83.33333333333333,-75.0,-90.0,-71.75,living_area_B
2017-04-10 14:48:11+00:00,-84.8,-69.0,-82.0,-76.33333333333333,-77.5,-72.25,-79.5,-84.5,-58.333333333333336,-73.0,-71.0,living_area_A
2017-04-10 14:48:12+00:00,-80.66666666666667,-70.75,-84.0,-88.66666666666667,-84.5,-82.25,-78.25,-72.33333333333333,-59.0,-69.66666666666667,-62.25,living_area_A
2017-04-10 14:48:13+00:00,-86.0,-84.33333333333333,-70.0,-75.4,-73.5,-69.6,-65.66666666666667,-70.33333333333333,-61.8,-89.33333333333333,-60.0,living_area_A
2017-04-10 14:48:14+00:00,-90.66666666666667,-73.75,-70.25,-59.75,-74.0,-70.25,-72.5,-83.0,-51.333333333333336,-81.66666666666667,-71.75,living_area_B
2017-04-10 14:48:15+00:00,-84.5,-79.0,-61.75,-58.333333333333336,-67.75,-66.0,-78.0,-81.33333333333333,-69.66666666666667,-86.25,-80.0,living_area_B
2017-04-10 14:48:16+00:00,-91.33333333333333,-80.5,-65.8,-69.0,-64.6,-65.75,-70.25,-84.25,-73.0,-86.25,-79.66666666666667,living_area_B
2017-04-10 14:48:21+00:00,-77.0,-75.2,-62.0,-77.5,-79.25,-60.666666666666664,-76.0,-83.75,-67.5,-77.75,-78.5,living_area_B
2017-04-10 14:48:22+00:00,-89.0,-69.6,-75.25,-81.5,-65.33333333333333,-57.8,-79.0,-76.0,-77.5,-73.5,-67.66666666666667,living_area_B
2017-04-10 14:48:23+00:00,-87.0,-72.25,-89.0,-83.5,-69.33333333333333,-79.5,-73.0,-80.25,-71.0,-78.33333333333333,-58.666666666666664,living_area_A
2017-04-10 14:48:24+00:00,-86.25,-77.2,-84.0,-81.5,-74.4,-68.25,-76.66666666666667,-67.5,-73.0,-74.8,-74.25,living_area_A
2017-04-10 14:48:25+00:00,-81.33333333333333,-79.75,-83.25,-81.66666666666667,-80.8,-77.5,-82.75,-64.8,-56.5,-80.0,-67.6,living_area_A
2017-04-10 14:48:26+00:00,-76.0,-88.0,-83.5,-86.5,-78.33333333333333,-75.75,-76.33333333333333,-61.8,-65.0,-83.66666666666667,-84.33333333333333,kitchen
2017-04-10 14:48:27+00:00,-75.33333333333333,-82.0,-87.5,-82.0,-75.75,-85.4,-75.0,-58.333333333333336,-78.0,-83.5,-82.75,kitchen
2017-04-10 14:48:41+00:00,-77.4,-82.33333333333333,-76.75,-92.0,-72.66666666666667,-69.0,-71.0,-58.4,-55.75,-73.5,-76.75,living_area_A
2017-04-10 14:48:42+00:00,-74.8,-87.66666666666667,-87.6,-84.33333333333333,-75.8,-77.66666666666667,-76.0,-59.0,-58.0,-79.25,-62.0,living_area_A
2017-04-10 14:48:43+00:00,-74.0,-85.75,-78.0,-90.5,-73.0,-74.0,-76.6,-62.25,-62.666666666666664,-77.0,-64.66666666666667,living_area_A
2017-04-10 14:48:44+00:00,-79.25,-76.0,-83.0,-77.0,-77.2,-73.5,-78.0,-74.6,-59.666666666666664,-80.4,-63.0,living_area_A
2017-04-10 14:48:45+00:00,-80.6,-83.5,-79.4,-92.33333333333333,-73.6,-71.8,-79.2,-71.25,-69.5,-76.75,-69.4,living_area_A
2017-04-10 14:48:46+00:00,-88.0,-84.0,-74.25,-83.5,-66.75,-73.0,-83.66666666666667,-75.75,-54.2,-75.4,-67.4,living_area_A
2017-04-10 14:48:47+00:00,-82.25,-67.5,-76.0,-79.33333333333333,-66.5,-64.25,-72.0,-85.75,-61.0,-79.5,-71.5,living_area_A
2017-04-10 14:48:48+00:00,-88.0,-68.33333333333333,-76.0,-78.66666666666667,-61.666666666666664,-64.66666666666667,-72.0,-81.8,-59.25,-74.2,-68.0,living_area_A
2017-04-10 14:48:49+00:00,-73.0,-74.0,-120.0,-96.0,-75.5,-81.75,-90.66666666666667,-67.4,-70.75,-80.0,-78.5,kitchen
2017-04-10 14:48:50+00:00,-68.0,-87.5,-89.0,-81.5,-80.0,-85.33333333333333,-82.66666666666667,-61.75,-74.66666666666667,-93.0,-79.75,kitchen
2017-04-10 14:48:51+00:00,-66.33333333333333,-89.5,-84.5,-84.0,-74.25,-87.33333333333333,-83.66666666666667,-57.2,-86.0,-87.0,-81.33333333333333,kitchen
2017-04-10 14:48:52+00:00,-82.2,-85.0,-85.5,-120.0,-86.0,-79.75,-88.0,-56.8,-63.0,-120.0,-87.33333333333333,kitchen
2017-04-10 14:48:56+00:00,-83.33333333333333,-98.0,-82.0,-88.0,-85.75,-87.0,-81.5,-69.2,-84.5,-84.5,-80.4,kitchen
2017-04-10 14:48:57+00:00,-78.0,-120.0,-120.0,-120.0,-91.0,-84.66666666666667,-86.0,-61.5,-120.0,-90.0,-92.66666666666667,kitchen
2017-04-10 14:48:58+00:00,-76.25,-98.0,-120.0,-120.0,-85.0,-94.0,-82.0,-64.33333333333333,-76.66666666666667,-94.0,-91.33333333333333,kitchen
2017-04-10 14:48:59+00:00,-81.33333333333333,-85.0,-92.0,-95.0,-92.33333333333333,-91.0,-83.5,-67.0,-79.0,-95.5,-83.0,kitchen
2017-04-10 14:49:00+00:00,-64.0,-89.0,-89.0,-84.0,-77.0,-75.66666666666667,-82.5,-57.2,-71.5,-79.8,-75.8,kitchen
2017-04-10 14:49:01+00:00,-68.0,-91.33333333333333,-90.0,-87.33333333333333,-78.25,-76.0,-74.8,-67.0,-50.0,-85.66666666666667,-79.4,kitchen
2017-04-10 14:49:04+00:00,-70.6,-78.8,-79.25,-88.75,-83.2,-120.0,-82.0,-65.5,-72.0,-87.75,-80.0,kitchen
2017-04-10 14:49:05+00:00,-77.66666666666667,-88.66666666666667,-84.0,-82.0,-72.0,-88.5,-78.5,-63.25,-63.5,-91.0,-76.33333333333333,kitchen
2017-04-10 14:49:06+00:00,-72.25,-92.66666666666667,-86.5,-85.33333333333333,-86.66666666666667,-75.0,-87.0,-56.0,-76.5,-85.5,-86.6,kitchen
2017-04-10 14:49:07+00:00,-70.75,-120.0,-85.0,-120.0,-81.33333333333333,-82.25,-83.5,-56.75,-75.0,-90.0,-82.6,kitchen
2017-04-10 14:49:08+00:00,-83.33333333333333,-92.5,-86.0,-90.0,-79.33333333333333,-87.0,-88.25,-55.25,-84.0,-86.0,-88.5,kitchen
2017-04-10 14:49:09+00:00,-79.5,-120.0,-88.0,-87.0,-83.25,-75.33333333333333,-98.0,-60.333333333333336,-77.0,-87.33333333333333,-88.25,kitchen
2017-04-10 14:49:10+00:00,-83.0,-120.0,-83.0,-120.0,-86.33333333333333,-79.66666666666667,-85.66666666666667,-48.75,-65.5,-85.66666666666667,-84.5,kitchen
2017-04-10 14:49:11+00:00,-79.66666666666667,-87.0,-84.0,-120.0,-85.0,-74.0,-89.33333333333333,-62.25,-76.5,-98.0,-89.0,kitchen
2017-04-10 14:49:12+00:00,-72.0,-120.0,-94.0,-120.0,-83.2,-87.33333333333333,-86.5,-59.0,-68.5,-94.0,-81.0,kitchen
2017-04-10 14:49:13+00:00,-74.33333333333333,-120.0,-86.0,-88.0,-87.0,-82.4,-93.33333333333333,-51.0,-64.0,-87.0,-88.0,kitchen
2017-04-10 14:49:14+00:00,-72.5,-120.0,-94.0,-87.0,-84.5,-82.66666666666667,-76.0,-52.8,-68.5,-91.0,-81.6,kitchen
2017-04-10 14:49:15+00:00,-76.25,-101.0,-90.0,-120.0,-79.5,-90.5,-92.5,-61.4,-79.66666666666667,-88.5,-89.2,kitchen
2017-04-10 14:49:16+00:00,-84.5,-88.0,-93.0,-89.0,-83.5,-83.0,-89.66666666666667,-49.25,-71.0,-84.0,-87.2,kitchen
2017-04-10 14:49:17+00:00,-78.4,-120.0,-84.0,-120.0,-84.0,-82.0,-95.0,-57.2,-79.0,-120.0,-74.0,kitchen
2017-04-10 14:49:18+00:00,-71.5,-120.0,-84.0,-120.0,-86.0,-85.0,-87.5,-56.5,-81.66666666666667,-89.5,-84.33333333333333,kitchen
2017-04-10 14:49:19+00:00,-76.8,-120.0,-88.0,-87.0,-83.75,-85.25,-89.0,-52.6,-89.66666666666667,-91.5,-79.66666666666667,kitchen
2017-04-10 14:49:20+00:00,-72.0,-120.0,-94.0,-87.0,-82.0,-91.33333333333333,-86.0,-49.75,-79.33333333333333,-90.0,-84.0,kitchen
2017-04-10 14:49:21+00:00,-76.25,-87.5,-86.66666666666667,-94.0,-85.0,-83.66666666666667,-85.33333333333333,-56.333333333333336,-75.0,-87.0,-81.5,kitchen
2017-04-10 14:49:22+00:00,-69.25,-120.0,-100.0,-120.0,-77.0,-81.0,-87.66666666666667,-54.25,-71.5,-84.33333333333333,-70.5,kitchen
2017-04-10 14:49:23+00:00,-73.0,-120.0,-96.5,-120.0,-82.0,-87.0,-97.0,-62.8,-69.0,-120.0,-84.0,kitchen
2017-04-10 14:49:34+00:00,-78.66666666666667,-120.0,-120.0,-97.0,-83.0,-84.33333333333333,-98.0,-60.0,-66.5,-84.0,-83.25,kitchen
2017-04-10 14:49:35+00:00,-81.25,-120.0,-86.0,-120.0,-78.75,-88.0,-87.33333333333333,-72.6,-74.5,-84.5,-83.75,kitchen
2017-04-10 14:49:36+00:00,-74.0,-90.0,-120.0,-120.0,-83.66666666666667,-76.66666666666667,-93.0,-58.4,-76.0,-91.5,-90.0,kitchen
2017-04-10 14:49:37+00:00,-82.66666666666667,-86.33333333333333,-91.66666666666667,-120.0,-97.0,-89.0,-96.0,-64.0,-77.33333333333333,-90.5,-79.5,kitchen
2017-04-10 14:49:38+00:00,-71.25,-97.33333333333333,-90.5,-120.0,-80.5,-79.5,-120.0,-58.25,-71.5,-78.0,-84.66666666666667,kitchen
2017-04-10 14:49:39+00:00,-82.0,-89.0,-89.5,-120.0,-87.4,-84.33333333333333,-87.33333333333333,-60.75,-68.0,-79.5,-80.8,kitchen
2017-04-10 14:49:40+00:00,-70.0,-102.0,-92.0,-120.0,-86.6,-85.75,-98.0,-64.66666666666667,-87.5,-84.0,-84.66666666666667,kitchen
2017-04-10 14:49:41+00:00,-74.75,-86.0,-100.0,-120.0,-89.8,-84.0,-84.0,-56.0,-76.33333333333333,-120.0,-84.2,kitchen
2017-04-10 14:49:42+00:00,-67.0,-91.0,-120.0,-120.0,-85.0,-81.6,-120.0,-52.0,-83.0,-96.0,-85.0,kitchen
2017-04-10 14:49:43+00:00,-76.25,-98.0,-120.0,-120.0,-83.0,-81.0,-98.0,-50.0,-73.0,-91.0,-87.8,kitchen
2017-04-10 14:49:44+00:00,-78.0,-91.5,-120.0,-120.0,-88.0,-80.75,-81.0,-68.8,-80.0,-83.0,-81.5,kitchen
2017-04-10 14:49:45+00:00,-76.0,-96.0,-100.0,-120.0,-84.0,-80.33333333333333,-91.66666666666667,-61.0,-82.0,-120.0,-91.0,kitchen
2017-04-10 14:49:46+00:00,-76.33333333333333,-91.5,-120.0,-120.0,-85.66666666666667,-93.0,-120.0,-55.5,-77.0,-93.0,-120.0,kitchen
2017-04-10 14:49:47+00:00,-77.0,-91.0,-120.0,-120.0,-81.6,-88.5,-86.0,-65.5,-76.66666666666667,-81.5,-84.5,kitchen
2017-04-10 14:49:48+00:00,-72.5,-85.0,-95.0,-120.0,-120.0,-92.5,-120.0,-55.5,-77.33333333333333,-90.0,-77.33333333333333,kitchen
2017-04-10 14:49:49+00:00,-75.5,-120.0,-85.0,-120.0,-88.25,-82.0,-89.66666666666667,-64.5,-72.0,-84.0,-81.6,kitchen
2017-04-10 14:49:50+00:00,-74.2,-102.0,-88.0,-120.0,-80.33333333333333,-84.5,-85.0,-47.25,-80.66666666666667,-97.0,-77.75,kitchen
2017-04-10 14:49:51+00:00,-77.8,-120.0,-88.0,-87.33333333333333,-81.0,-89.5,-85.0,-64.5,-81.75,-89.0,-91.25,kitchen
2017-04-10 14:49:52+00:00,-75.5,-120.0,-120.0,-120.0,-79.8,-81.33333333333333,-83.0,-58.666666666666664,-86.5,-88.5,-88.33333333333333,kitchen
2017-04-10 14:49:53+00:00,-77.0,-94.0,-104.0,-120.0,-84.0,-82.0,-120.0,-61.8,-71.0,-85.66666666666667,-87.66666666666667,kitchen
2017-04-10 14:49:54+00:00,-73.25,-94.0,-120.0,-120.0,-86.33333333333333,-83.75,-120.0,-63.0,-88.0,-87.0,-90.4,kitchen
2017-04-10 14:49:55+00:00,-76.2,-120.0,-92.66666666666667,-120.0,-84.0,-81.66666666666667,-86.0,-64.0,-84.5,-88.5,-95.5,kitchen
2017-04-10 14:49:56+00:00,-69.5,-120.0,-120.0,-120.0,-80.33333333333333,-84.33333333333333,-84.0,-71.25,-83.0,-87.5,-89.0,kitchen
2017-04-10 14:49:57+00:00,-76.0,-120.0,-120.0,-120.0,-76.0,-95.0,-89.0,-75.4,-88.0,-81.0,-83.5,kitchen
2017-04-10 14:49:58+00:00,-73.8,-120.0,-120.0,-120.0,-81.0,-83.0,-90.5,-70.0,-74.5,-92.5,-85.66666666666667,kitchen
2017-04-10 14:49:59+00:00,-64.66666666666667,-120.0,-120.0,-120.0,-78.0,-93.5,-90.5,-63.75,-80.0,-89.33333333333333,-92.66666666666667,kitchen
2017-04-10 14:50:00+00:00,-79.8,-120.0,-94.0,-120.0,-78.0,-94.0,-120.0,-73.0,-76.66666666666667,-86.8,-87.0,kitchen
2017-04-10 14:50:01+00:00,-81.0,-120.0,-120.0,-120.0,-82.66666666666667,-84.0,-84.0,-73.75,-87.0,-94.0,-94.5,kitchen
2017-04-10 14:50:02+00:00,-69.75,-96.0,-86.66666666666667,-120.0,-81.0,-90.0,-84.0,-70.0,-74.0,-95.0,-90.25,kitchen
2017-04-10 14:50:03+00:00,-73.0,-99.0,-97.0,-120.0,-86.0,-84.0,-87.0,-74.5,-71.66666666666667,-89.66666666666667,-83.5,kitchen
2017-04-10 14:50:04+00:00,-57.333333333333336,-93.5,-120.0,-120.0,-87.66666666666667,-81.5,-86.0,-68.33333333333333,-81.0,-85.0,-88.0,kitchen
2017-04-10 14:50:05+00:00,-65.75,-98.0,-95.0,-120.0,-78.66666666666667,-85.4,-86.5,-62.25,-81.75,-91.4,-83.25,kitchen
2017-04-10 14:50:06+00:00,-68.0,-120.0,-120.0,-87.0,-93.0,-82.0,-120.0,-58.0,-64.0,-92.66666666666667,-89.0,kitchen
2017-04-10 14:50:07+00:00,-72.5,-87.0,-120.0,-120.0,-80.0,-91.0,-95.0,-52.25,-79.0,-88.0,-82.33333333333333,kitchen
2017-04-10 14:50:11+00:00,-62.5,-90.8,-120.0,-120.0,-82.75,-84.0,-120.0,-48.5,-74.33333333333333,-87.0,-72.2,kitchen
2017-04-10 14:50:12+00:00,-67.33333333333333,-98.0,-120.0,-120.0,-97.0,-83.0,-85.0,-53.75,-86.5,-98.0,-76.5,kitchen
2017-04-10 14:50:13+00:00,-63.25,-85.0,-120.0,-120.0,-75.0,-120.0,-120.0,-60.0,-66.0,-86.33333333333333,-83.75,kitchen
2017-04-10 14:50:14+00:00,-68.33333333333333,-87.5,-120.0,-120.0,-85.5,-88.0,-88.5,-52.4,-74.0,-84.0,-84.0,kitchen
2017-04-10 14:50:15+00:00,-71.0,-86.0,-120.0,-120.0,-80.66666666666667,-82.0,-90.33333333333333,-53.4,-78.25,-87.5,-79.5,kitchen
2017-04-10 14:50:16+00:00,-72.75,-87.0,-120.0,-120.0,-78.0,-83.25,-82.5,-50.4,-84.5,-88.75,-75.66666666666667,kitchen
2017-04-10 14:50:20+00:00,-69.33333333333333,-92.66666666666667,-97.0,-120.0,-87.0,-72.33333333333333,-87.0,-56.5,-71.5,-79.33333333333333,-76.0,kitchen
2017-04-10 14:50:21+00:00,-72.33333333333333,-83.8,-85.0,-84.0,-82.0,-80.2,-75.66666666666667,-49.25,-73.33333333333333,-81.0,-74.0,kitchen
2017-04-10 14:50:45+00:00,-78.33333333333333,-81.0,-84.33333333333333,-79.33333333333333,-73.4,-76.0,-71.5,-65.5,-62.333333333333336,-76.5,-79.5,kitchen
2017-04-10 14:50:50+00:00,-72.33333333333333,-86.6,-91.66666666666667,-89.0,-80.33333333333333,-85.66666666666667,-86.33333333333333,-61.5,-73.0,-84.0,-85.25,kitchen
2017-04-10 14:50:51+00:00,-78.0,-85.8,-79.25,-88.0,-79.5,-73.25,-76.0,-62.5,-70.5,-88.0,-75.8,kitchen
2017-04-10 14:50:52+00:00,-69.0,-82.0,-90.0,-85.0,-74.75,-83.0,-82.0,-61.6,-69.4,-82.0,-80.2,kitchen
2017-04-10 14:50:53+00:00,-71.5,-99.5,-94.5,-120.0,-85.33333333333333,-84.5,-95.0,-69.0,-62.0,-87.0,-81.75,kitchen
2017-04-10 14:50:54+00:00,-72.5,-86.0,-93.0,-120.0,-83.0,-92.0,-93.0,-66.66666666666667,-73.0,-93.75,-81.0,kitchen
2017-04-10 14:50:55+00:00,-73.2,-120.0,-120.0,-120.0,-79.6,-84.4,-85.33333333333333,-51.666666666666664,-76.0,-80.5,-78.5,kitchen
2017-04-10 14:50:56+00:00,-76.4,-120.0,-120.0,-120.0,-87.5,-87.33333333333333,-87.5,-63.6,-61.5,-91.66666666666667,-80.5,kitchen
2017-04-10 14:50:57+00:00,-120.0,-90.5,-99.0,-120.0,-84.66666666666667,-92.5,-86.5,-63.5,-75.66666666666667,-73.0,-79.5,kitchen
2017-04-10 14:50:58+00:00,-72.2,-84.0,-120.0,-120.0,-83.0,-80.66666666666667,-87.0,-60.0,-73.5,-92.5,-77.0,kitchen
2017-04-10 14:50:59+00:00,-78.6,-120.0,-91.5,-120.0,-81.25,-89.33333333333333,-83.5,-60.0,-74.0,-94.0,-80.8,kitchen
2017-04-10 14:51:00+00:00,-71.8,-86.0,-88.75,-120.0,-92.0,-84.75,-86.0,-60.0,-73.6,-84.5,-82.5,kitchen
2017-04-10 14:51:01+00:00,-73.6,-89.0,-83.0,-120.0,-85.0,-88.75,-83.33333333333333,-66.75,-79.0,-94.33333333333333,-80.0,kitchen
2017-04-10 14:51:02+00:00,-65.4,-120.0,-84.5,-120.0,-82.6,-78.0,-120.0,-61.0,-73.25,-87.25,-76.0,kitchen
2017-04-10 14:51:03+00:00,-71.75,-120.0,-120.0,-120.0,-81.5,-83.0,-89.66666666666667,-58.0,-70.0,-91.0,-83.5,kitchen
2017-04-10 14:51:04+00:00,-72.25,-92.0,-120.0,-120.0,-88.2,-88.0,-92.33333333333333,-64.0,-84.66666666666667,-84.0,-83.5,kitchen
2017-04-10 14:51:07+00:00,-69.0,-98.0,-84.0,-120.0,-81.0,-83.75,-89.33333333333333,-57.333333333333336,-76.0,-83.66666666666667,-75.0,kitchen
2017-04-10 14:51:08+00:00,-78.5,-120.0,-94.0,-84.0,-84.75,-89.0,-120.0,-67.0,-80.75,-96.0,-84.0,kitchen
2017-04-10 14:51:09+00:00,-76.25,-89.0,-89.0,-99.0,-87.0,-86.0,-86.66666666666667,-58.6,-86.0,-120.0,-83.0,kitchen
2017-04-10 14:51:12+00:00,-65.8,-87.0,-86.5,-74.0,-72.75,-80.25,-88.0,-62.25,-81.0,-90.66666666666667,-91.66666666666667,kitchen
2017-04-10 14:51:13+00:00,-63.6,-120.0,-87.0,-120.0,-91.0,-90.0,-93.0,-52.75,-69.0,-82.5,-86.0,kitchen
2017-04-10 14:51:15+00:00,-82.33333333333333,-88.0,-120.0,-120.0,-91.33333333333333,-81.0,-120.0,-77.0,-72.33333333333333,-88.0,-85.0,kitchen
2017-04-10 14:51:16+00:00,-83.0,-120.0,-92.0,-89.5,-83.0,-84.25,-94.0,-64.75,-78.0,-76.0,-86.33333333333333,kitchen
2017-04-10 14:51:19+00:00,-76.8,-83.5,-84.75,-98.0,-78.0,-82.5,-86.0,-57.0,-69.5,-84.66666666666667,-87.66666666666667,kitchen
2017-04-10 14:51:20+00:00,-73.8,-98.0,-89.0,-120.0,-76.5,-92.33333333333333,-74.0,-72.4,-73.66666666666667,-87.33333333333333,-82.0,kitchen
2017-04-10 14:51:21+00:00,-79.6,-120.0,-120.0,-120.0,-90.5,-89.5,-89.0,-65.66666666666667,-120.0,-90.33333333333333,-87.0,kitchen
2017-04-10 14:51:22+00:00,-73.66666666666667,-96.0,-84.0,-83.33333333333333,-82.6,-85.0,-92.0,-66.5,-72.66666666666667,-84.5,-83.33333333333333,kitchen
2017-04-10 14:51:23+00:00,-73.5,-80.33333333333333,-79.66666666666667,-87.33333333333333,-74.0,-76.25,-86.0,-56.25,-73.33333333333333,-76.0,-76.5,kitchen
2017-04-10 14:51:24+00:00,-71.0,-86.2,-76.66666666666667,-86.33333333333333,-64.5,-67.0,-72.5,-67.2,-55.666666666666664,-82.33333333333333,-82.25,living_area_A
2017-04-10 14:51:25+00:00,-80.5,-84.2,-76.25,-80.5,-79.8,-80.0,-71.66666666666667,-60.0,-52.6,-78.25,-61.0,living_area_A
2017-04-10 14:51:26+00:00,-78.75,-84.4,-77.5,-92.0,-71.6,-71.75,-76.5,-71.75,-57.2,-81.8,-56.4,living_area_A
2017-04-10 14:51:27+00:00,-81.75,-92.0,-81.5,-83.5,-80.75,-81.33333333333333,-74.8,-84.0,-49.75,-78.66666666666667,-59.25,living_area_A
2017-04-10 14:51:28+00:00,-91.0,-86.25,-75.75,-86.0,-77.75,-78.8,-59.8,-79.4,-51.25,-74.33333333333333,-51.5,living_area_A
2017-04-10 14:51:29+00:00,-86.0,-81.2,-74.5,-80.0,-83.75,-73.2,-60.0,-80.5,-60.25,-83.66666666666667,-60.0,living_area_A
2017-04-10 14:51:30+00:00,-89.5,-84.0,-69.25,-88.0,-78.0,-71.75,-64.8,-83.66666666666667,-56.25,-78.0,-68.0,living_area_A
2017-04-10 14:51:31+00:00,-88.66666666666667,-84.25,-72.75,-78.66666666666667,-70.75,-77.8,-66.75,-84.0,-55.333333333333336,-81.75,-63.5,living_area_A
2017-04-10 14:51:32+00:00,-96.0,-72.4,-65.75,-79.0,-67.0,-73.5,-65.5,-83.66666666666667,-55.25,-87.0,-74.75,living_area_A
2017-04-10 14:51:33+00:00,-120.0,-76.5,-57.25,-66.8,-69.4,-71.5,-69.8,-87.0,-70.0,-85.25,-72.66666666666667,living_area_B
2017-04-10 14:51:34+00:00,-120.0,-84.5,-72.0,-61.25,-62.0,-71.75,-73.75,-85.25,-70.66666666666667,-86.33333333333333,-73.5,living_area_B
2017-04-10 14:51:35+00:00,-87.0,-82.25,-70.25,-75.5,-63.5,-65.0,-80.75,-80.33333333333333,-68.5,-89.33333333333333,-72.8,living_area_B
2017-04-10 14:51:36+00:00,-88.4,-83.75,-72.33333333333333,-81.66666666666667,-64.75,-63.333333333333336,-86.0,-86.2,-70.0,-90.0,-73.8,living_area_B
2017-04-10 14:51:37+00:00,-88.0,-75.75,-70.5,-74.66666666666667,-53.25,-58.4,-80.5,-80.25,-58.2,-83.66666666666667,-71.25,living_area_B
2017-04-10 14:51:38+00:00,-85.5,-76.0,-70.0,-74.6,-60.4,-65.5,-76.5,-86.75,-73.33333333333333,-87.4,-74.25,living_area_B
2017-04-10 14:51:39+00:00,-98.0,-75.5,-70.25,-72.33333333333333,-50.0,-67.0,-78.0,-79.0,-80.0,-81.0,-73.5,living_area_B
2017-04-10 14:51:40+00:00,-87.0,-79.5,-75.0,-76.0,-53.333333333333336,-65.5,-78.25,-85.0,-68.0,-81.75,-77.25,living_area_B
2017-04-10 14:51:41+00:00,-84.75,-81.75,-68.8,-81.66666666666667,-67.0,-69.25,-73.0,-75.0,-67.25,-76.0,-65.5,living_area_B
2017-04-10 14:51:42+00:00,-89.0,-73.0,-64.75,-70.33333333333333,-65.33333333333333,-59.5,-77.0,-79.0,-60.75,-77.5,-74.2,living_area_B
2017-04-10 14:51:43+00:00,-93.0,-71.33333333333333,-79.0,-76.25,-58.25,-59.0,-73.0,-77.0,-66.66666666666667,-74.75,-66.6,living_area_B
2017-04-10 14:51:44+00:00,-120.0,-75.75,-76.5,-64.4,-60.0,-59.2,-83.0,-87.0,-64.0,-85.0,-85.0,living_area_B
2017-04-10 14:51:45+00:00,-120.0,-71.5,-72.25,-63.5,-57.4,-59.5,-76.66666666666667,-79.4,-78.5,-85.33333333333333,-79.33333333333333,living_area_B
2017-04-10 14:51:46+00:00,-120.0,-78.5,-73.66666666666667,-59.0,-51.0,-65.33333333333333,-85.0,-84.66666666666667,-77.0,-89.66666666666667,-69.5,living_area_B
2017-04-10 14:51:47+00:00,-96.0,-74.25,-68.0,-63.6,-57.0,-63.0,-81.75,-83.2,-63.25,-82.75,-70.25,living_area_B
2017-04-10 14:51:48+00:00,-87.25,-74.2,-70.0,-80.5,-61.25,-64.2,-75.75,-78.5,-67.75,-71.66666666666667,-63.5,living_area_B
2017-04-10 14:51:49+00:00,-81.5,-71.5,-83.25,-90.6,-74.8,-71.0,-86.0,-72.8,-70.6,-77.8,-73.75,living_area_A
2017-04-10 14:51:50+00:00,-92.0,-77.6,-88.33333333333333,-85.5,-81.0,-69.75,-77.75,-73.2,-68.0,-80.0,-76.33333333333333,living_area_A
2017-04-10 14:51:51+00:00,-79.0,-68.0,-80.2,-78.0,-79.33333333333333,-73.2,-81.4,-68.2,-66.75,-71.25,-72.25,living_area_A
2017-04-10 14:51:52+00:00,-77.0,-73.66666666666667,-79.66666666666667,-85.0,-72.5,-77.66666666666667,-82.8,-76.6,-67.25,-77.75,-67.5,living_area_A
2017-04-10 14:51:53+00:00,-84.5,-65.5,-86.2,-88.0,-79.33333333333333,-78.5,-65.0,-74.4,-65.33333333333333,-76.0,-70.25,living_area_A
2017-04-10 14:51:54+00:00,-65.5,-90.0,-84.33333333333333,-89.5,-85.33333333333333,-82.25,-78.25,-58.2,-61.5,-84.75,-75.2,kitchen
2017-04-10 14:51:55+00:00,-69.25,-88.0,-94.0,-120.0,-82.66666666666667,-86.33333333333333,-88.0,-60.6,-66.0,-84.5,-82.2,living_area_A
2017-04-10 14:51:56+00:00,-70.25,-99.0,-101.0,-97.0,-80.66666666666667,-84.33333333333333,-120.0,-50.0,-78.75,-82.0,-78.33333333333333,kitchen
2017-04-10 14:51:57+00:00,-77.33333333333333,-120.0,-89.5,-120.0,-75.75,-81.5,-83.0,-57.75,-72.5,-77.0,-89.5,kitchen
2017-04-10 14:51:58+00:00,-63.4,-120.0,-89.5,-120.0,-87.2,-94.0,-89.0,-55.5,-73.66666666666667,-91.0,-82.5,kitchen
2017-04-10 14:51:59+00:00,-76.25,-84.0,-90.0,-120.0,-79.0,-82.66666666666667,-83.5,-62.2,-74.5,-90.0,-77.5,kitchen
2017-04-10 14:52:00+00:00,-70.8,-89.0,-82.5,-120.0,-89.5,-120.0,-73.0,-58.25,-73.5,-120.0,-82.33333333333333,kitchen
2017-04-10 14:52:02+00:00,-78.75,-91.5,-87.75,-85.0,-81.25,-84.0,-94.0,-67.0,-78.33333333333333,-85.66666666666667,-86.5,kitchen
2017-04-10 14:52:03+00:00,-79.0,-88.5,-84.5,-88.0,-79.4,-74.8,-81.5,-59.0,-72.75,-85.33333333333333,-75.25,kitchen
2017-04-10 14:52:04+00:00,-81.0,-120.0,-99.0,-81.0,-92.5,-86.5,-91.0,-59.25,-83.0,-120.0,-89.5,kitchen
2017-04-10 14:52:05+00:00,-84.25,-82.0,-120.0,-120.0,-85.66666666666667,-85.33333333333333,-88.0,-63.6,-90.0,-120.0,-80.0,kitchen
2017-04-10 14:52:06+00:00,-75.4,-92.5,-120.0,-85.0,-79.2,-86.25,-99.0,-61.25,-83.33333333333333,-85.0,-81.75,kitchen
2017-04-10 14:52:07+00:00,-67.5,-92.5,-87.0,-120.0,-79.0,-85.33333333333333,-85.66666666666667,-55.666666666666664,-73.5,-90.0,-73.4,kitchen
2017-04-10 14:52:08+00:00,-69.4,-92.33333333333333,-120.0,-120.0,-84.66666666666667,-91.25,-120.0,-48.0,-68.33333333333333,-97.0,-71.5,kitchen
2017-04-10 14:52:09+00:00,-72.25,-95.0,-93.0,-87.0,-86.25,-83.0,-74.0,-53.75,-75.5,-92.0,-77.2,kitchen
2017-04-10 14:52:10+00:00,-69.0,-99.0,-94.0,-120.0,-87.5,-77.33333333333333,-91.5,-49.8,-72.66666666666667,-86.75,-81.0,kitchen
2017-04-10 14:52:11+00:00,-68.0,-82.33333333333333,-120.0,-85.0,-80.5,-82.25,-85.5,-52.8,-69.75,-84.2,-77.8,kitchen
2017-04-10 14:52:12+00:00,-74.6,-84.66666666666667,-73.66666666666667,-91.0,-78.6,-79.0,-82.5,-57.2,-60.75,-85.4,-68.0,living_area_A
2017-04-10 14:52:13+00:00,-79.33333333333333,-79.5,-74.8,-81.33333333333333,-70.5,-79.25,-86.0,-75.8,-61.6,-75.5,-59.25,living_area_A
2017-04-10 14:52:14+00:00,-75.0,-80.5,-87.33333333333333,-77.0,-84.25,-78.33333333333333,-83.5,-74.0,-69.5,-86.5,-53.0,living_area_A
2017-04-10 14:52:15+00:00,-76.66666666666667,-83.8,-78.33333333333333,-91.66666666666667,-75.4,-85.0,-79.2,-67.25,-64.0,-78.0,-63.0,living_area_A
2017-04-10 14:52:16+00:00,-79.6,-87.75,-85.4,-94.0,-78.0,-78.33333333333333,-81.5,-76.25,-63.25,-83.0,-66.5,living_area_A
2017-04-10 14:52:17+00:00,-78.0,-80.0,-82.4,-120.0,-80.0,-78.0,-77.66666666666667,-71.0,-62.0,-81.0,-71.0,living_area_A
2017-04-10 14:52:18+00:00,-74.0,-97.5,-86.6,-84.25,-71.75,-77.66666666666667,-77.25,-72.25,-51.5,-87.75,-62.5,living_area_A
2017-04-10 14:52:19+00:00,-72.5,-76.8,-81.5,-77.5,-74.0,-71.8,-81.66666666666667,-70.0,-63.8,-80.5,-67.0,living_area_A
2017-04-10 14:52:20+00:00,-82.5,-70.4,-75.0,-83.5,-79.4,-75.6,-69.25,-63.25,-62.8,-80.66666666666667,-71.2,living_area_A
2017-04-10 14:52:21+00:00,-82.66666666666667,-74.75,-81.5,-80.33333333333333,-81.75,-66.66666666666667,-56.5,-77.0,-56.5,-80.5,-60.2,living_area_A
2017-04-10 14:52:22+00:00,-94.0,-78.0,-79.5,-85.25,-78.25,-73.66666666666667,-62.0,-82.0,-48.0,-76.75,-58.25,living_area_A
2017-04-10 14:52:23+00:00,-89.0,-86.2,-76.0,-86.0,-81.0,-75.0,-72.25,-78.0,-41.0,-79.5,-58.5,living_area_A
2017-04-10 14:52:24+00:00,-120.0,-80.75,-77.66666666666667,-76.75,-74.0,-75.4,-61.666666666666664,-75.0,-49.5,-77.0,-70.75,living_area_A
2017-04-10 14:52:25+00:00,-86.66666666666667,-80.0,-74.0,-79.75,-75.2,-75.0,-61.6,-71.8,-54.75,-75.0,-67.0,living_area_A
2017-04-10 14:52:26+00:00,-78.2,-79.66666666666667,-85.0,-82.0,-78.5,-76.0,-75.25,-72.0,-66.6,-80.0,-59.0,living_area_A
2017-04-10 14:52:27+00:00,-73.0,-80.25,-81.8,-91.33333333333333,-85.0,-73.4,-75.25,-60.5,-75.0,-85.0,-69.4,living_area_A
2017-04-10 14:52:28+00:00,-120.0,-73.0,-85.0,-79.33333333333333,-86.25,-77.4,-75.2,-77.4,-66.6,-90.0,-49.6,living_area_A
2017-04-10 14:52:29+00:00,-120.0,-79.5,-78.0,-120.0,-87.0,-75.2,-79.5,-70.0,-66.8,-84.0,-45.0,living_area_A
2017-04-10 14:52:30+00:00,-120.0,-81.2,-85.8,-83.0,-84.33333333333333,-79.25,-77.33333333333333,-72.0,-69.33333333333333,-77.0,-47.0,living_area_A
2017-04-10 14:52:31+00:00,-95.0,-76.5,-83.0,-86.0,-82.66666666666667,-72.33333333333333,-72.0,-73.6,-78.66666666666667,-76.66666666666667,-51.666666666666664,living_area_A
2017-04-10 14:52:32+00:00,-120.0,-81.2,-71.66666666666667,-93.0,-83.25,-79.0,-88.33333333333333,-68.5,-60.0,-87.33333333333333,-55.75,living_area_A
2017-04-10 14:52:33+00:00,-120.0,-74.33333333333333,-88.66666666666667,-82.0,-88.0,-77.6,-86.66666666666667,-74.0,-77.66666666666667,-87.0,-52.25,living_area_A
2017-04-10 14:52:34+00:00,-120.0,-78.2,-73.5,-89.0,-79.5,-76.33333333333333,-67.0,-75.4,-53.6,-82.0,-59.5,living_area_A
2017-04-10 14:52:35+00:00,-92.66666666666667,-72.25,-69.25,-80.75,-67.6,-65.25,-66.5,-81.0,-63.75,-77.0,-75.0,living_area_A
2017-04-10 14:52:36+00:00,-120.0,-75.33333333333333,-85.66666666666667,-81.66666666666667,-75.6,-84.66666666666667,-68.33333333333333,-74.5,-44.0,-90.0,-61.0,living_area_A
2017-04-10 14:52:37+00:00,-120.0,-72.0,-83.0,-84.66666666666667,-70.0,-79.5,-81.5,-74.0,-60.4,-85.0,-38.25,living_area_A
2017-04-10 14:52:38+00:00,-85.0,-79.0,-82.0,-87.0,-78.33333333333333,-71.0,-87.0,-74.8,-69.33333333333333,-88.0,-44.333333333333336,living_area_A
2017-04-10 14:52:39+00:00,-98.0,-80.0,-84.0,-120.0,-88.0,-79.5,-89.0,-78.75,-73.0,-92.6,-54.0,living_area_A
2017-04-10 14:52:40+00:00,-120.0,-75.66666666666667,-82.66666666666667,-120.0,-85.25,-93.0,-81.5,-72.4,-63.0,-93.25,-52.0,living_area_A
2017-04-10 14:52:41+00:00,-120.0,-73.6,-66.0,-77.0,-74.66666666666667,-78.8,-72.33333333333333,-76.75,-61.0,-81.66666666666667,-53.75,living_area_A
2017-04-10 14:52:42+00:00,-81.33333333333333,-78.75,-82.0,-81.0,-60.0,-63.75,-69.75,-81.25,-62.25,-79.4,-73.0,living_area_A
2017-04-10 14:52:43+00:00,-73.5,-80.0,-92.0,-78.6,-68.5,-64.33333333333333,-76.25,-64.0,-64.25,-76.6,-63.8,living_area_A
2017-04-10 14:52:44+00:00,-79.75,-85.66666666666667,-87.25,-88.75,-73.2,-82.0,-70.33333333333333,-69.25,-53.5,-78.5,-64.2,living_area_A
2017-04-10 14:52:46+00:00,-79.5,-86.33333333333333,-80.66666666666667,-90.0,-66.33333333333333,-75.66666666666667,-63.0,-77.6,-71.66666666666667,-79.5,-78.0,living_area_A
2017-04-10 14:52:47+00:00,-78.33333333333333,-87.33333333333333,-78.8,-87.25,-61.0,-71.2,-70.0,-82.75,-120.0,-81.75,-74.75,living_area_A
2017-04-10 14:52:48+00:00,-86.5,-74.6,-74.0,-78.0,-69.0,-69.4,-75.4,-73.33333333333333,-68.4,-80.6,-70.6,living_area_A
2017-04-10 14:52:49+00:00,-79.75,-77.66666666666667,-76.0,-83.0,-62.0,-75.5,-77.5,-74.5,-65.2,-68.25,-71.66666666666667,living_area_A
2017-04-10 14:52:51+00:00,-85.0,-75.8,-85.33333333333333,-72.25,-67.66666666666667,-66.0,-62.5,-73.5,-57.0,-69.0,-68.5,living_area_A
2017-04-10 14:52:52+00:00,-79.66666666666667,-82.75,-74.6,-82.5,-71.5,-71.0,-71.2,-74.25,-67.0,-63.0,-71.66666666666667,living_area_A
2017-04-10 14:52:53+00:00,-88.33333333333333,-79.0,-80.25,-74.0,-63.25,-70.5,-69.33333333333333,-85.33333333333333,-57.4,-63.5,-61.25,living_area_A
2017-04-10 14:52:54+00:00,-83.0,-84.5,-78.0,-81.75,-63.4,-73.25,-69.0,-79.5,-55.6,-70.0,-52.666666666666664,living_area_A
2017-04-10 14:52:55+00:00,-90.0,-82.0,-80.0,-85.0,-62.5,-73.4,-75.6,-75.0,-49.5,-76.0,-62.75,living_area_A
2017-04-10 14:52:56+00:00,-89.0,-69.33333333333333,-76.6,-83.33333333333333,-57.4,-72.0,-83.75,-77.25,-59.2,-72.8,-73.0,living_area_A
2017-04-10 14:52:57+00:00,-84.33333333333333,-72.6,-86.5,-77.5,-64.25,-73.6,-69.4,-79.5,-56.5,-78.2,-76.0,living_area_A
2017-04-10 14:52:58+00:00,-83.5,-70.33333333333333,-73.0,-76.0,-59.666666666666664,-69.4,-74.5,-79.33333333333333,-66.0,-76.33333333333333,-68.0,living_area_A
2017-04-10 14:52:59+00:00,-78.66666666666667,-77.4,-72.33333333333333,-77.0,-59.0,-70.0,-67.0,-76.5,-75.66666666666667,-76.5,-69.0,living_area_A
2017-04-10 14:53:00+00:00,-83.66666666666667,-71.0,-71.33333333333333,-77.0,-62.0,-67.6,-69.6,-78.66666666666667,-58.5,-73.5,-78.66666666666667,living_area_A
2017-04-10 14:53:01+00:00,-92.5,-75.75,-79.0,-72.66666666666667,-66.4,-75.0,-67.75,-82.0,-65.0,-72.4,-79.4,living_area_A
2017-04-10 14:53:02+00:00,-83.0,-72.0,-73.0,-66.33333333333333,-68.33333333333333,-72.5,-67.0,-75.0,-51.8,-77.0,-66.75,living_area_A
2017-04-10 14:53:03+00:00,-94.0,-75.4,-85.0,-74.5,-60.75,-67.75,-86.0,-76.25,-69.5,-75.0,-73.6,living_area_A
2017-04-10 14:53:04+00:00,-77.0,-81.0,-66.66666666666667,-81.33333333333333,-65.2,-73.75,-69.66666666666667,-80.33333333333333,-57.25,-74.6,-77.33333333333333,living_area_A
2017-04-10 14:53:05+00:00,-79.0,-79.75,-85.5,-81.0,-64.6,-82.5,-73.25,-91.0,-67.5,-88.0,-81.4,living_area_A
2017-04-10 14:53:06+00:00,-88.33333333333333,-89.25,-81.2,-93.33333333333333,-63.0,-78.0,-67.4,-74.0,-67.5,-81.4,-72.75,living_area_A
2017-04-10 14:53:07+00:00,-93.0,-85.0,-77.0,-83.0,-63.333333333333336,-83.75,-73.5,-80.6,-70.5,-77.0,-79.2,living_area_A
2017-04-10 14:53:08+00:00,-80.33333333333333,-81.0,-83.25,-68.5,-63.75,-71.5,-74.75,-80.0,-60.75,-75.5,-59.666666666666664,living_area_A
2017-04-10 14:53:09+00:00,-77.0,-86.8,-74.66666666666667,-87.5,-77.0,-68.25,-79.0,-73.5,-77.0,-73.33333333333333,-63.0,living_area_A
2017-04-10 14:53:10+00:00,-69.6,-81.66666666666667,-87.25,-84.66666666666667,-76.75,-77.66666666666667,-81.33333333333333,-68.25,-68.5,-80.6,-66.4,living_area_A
2017-04-10 14:53:11+00:00,-75.6,-95.0,-78.25,-88.33333333333333,-74.75,-77.33333333333333,-83.5,-65.2,-65.75,-79.25,-70.0,living_area_A
2017-04-10 14:53:12+00:00,-83.4,-87.8,-79.6,-95.0,-79.66666666666667,-74.33333333333333,-74.33333333333333,-74.6,-58.666666666666664,-95.0,-64.33333333333333,living_area_A
2017-04-10 14:53:13+00:00,-82.0,-88.0,-74.66666666666667,-80.0,-77.33333333333333,-84.0,-79.0,-76.25,-65.0,-79.66666666666667,-54.5,living_area_A
2017-04-10 14:53:14+00:00,-120.0,-76.5,-78.0,-88.0,-87.0,-67.0,-68.25,-75.0,-77.33333333333333,-83.0,-50.5,living_area_A
2017-04-10 14:53:15+00:00,-79.0,-69.4,-72.25,-82.4,-65.4,-71.25,-74.0,-75.75,-59.0,-77.8,-67.4,living_area_A
2017-04-10 14:53:16+00:00,-94.75,-77.0,-71.75,-78.75,-77.25,-77.25,-74.33333333333333,-77.2,-57.0,-73.5,-64.25,living_area_A
2017-04-10 14:53:17+00:00,-84.66666666666667,-78.4,-72.0,-76.6,-66.5,-70.5,-66.75,-81.2,-51.0,-73.25,-73.6,living_area_A
2017-04-10 14:53:18+00:00,-82.5,-78.8,-73.4,-71.0,-64.0,-70.0,-68.25,-79.25,-60.25,-76.33333333333333,-79.0,living_area_A
2017-04-10 14:53:21+00:00,-83.0,-81.0,-81.5,-79.75,-78.25,-66.75,-84.33333333333333,-72.66666666666667,-57.75,-71.75,-68.5,living_area_A
2017-04-10 14:53:22+00:00,-83.25,-79.25,-80.6,-80.0,-68.25,-75.0,-81.5,-73.6,-67.66666666666667,-77.0,-64.2,living_area_A
2017-04-10 14:53:23+00:00,-84.66666666666667,-75.66666666666667,-83.0,-78.33333333333333,-60.5,-76.0,-81.0,-81.5,-62.5,-72.75,-75.25,living_area_A
2017-04-10 14:53:24+00:00,-83.25,-90.5,-84.25,-83.25,-74.8,-78.4,-84.5,-77.66666666666667,-65.0,-74.4,-70.5,living_area_A
2017-04-10 14:53:25+00:00,-81.0,-73.5,-82.75,-81.0,-66.66666666666667,-69.0,-75.5,-77.5,-66.75,-75.25,-70.5,living_area_A
2017-04-10 14:53:26+00:00,-76.33333333333333,-83.5,-80.25,-77.8,-66.6,-75.5,-80.25,-74.66666666666667,-67.25,-82.5,-73.33333333333333,living_area_A
2017-04-10 14:53:27+00:00,-72.0,-81.2,-78.0,-82.5,-67.0,-78.5,-79.0,-75.66666666666667,-60.333333333333336,-83.8,-80.25,living_area_A
2017-04-10 14:53:28+00:00,-77.5,-78.75,-74.75,-76.66666666666667,-77.0,-70.4,-73.8,-71.25,-55.5,-82.5,-78.66666666666667,living_area_A
2017-04-10 14:53:29+00:00,-74.0,-79.75,-77.33333333333333,-80.5,-73.0,-73.75,-81.66666666666667,-81.5,-74.0,-84.33333333333333,-72.0,living_area_A
2017-04-10 14:53:30+00:00,-78.0,-88.8,-89.0,-83.5,-83.33333333333333,-78.0,-76.0,-70.0,-56.75,-85.5,-67.0,living_area_A
2017-04-10 14:53:31+00:00,-83.5,-85.75,-82.0,-84.5,-79.0,-75.6,-74.0,-72.5,-69.33333333333333,-86.0,-62.2,living_area_A
2017-04-10 14:53:32+00:00,-88.0,-83.0,-68.33333333333333,-73.4,-80.6,-67.5,-68.25,-81.25,-54.25,-83.75,-62.4,living_area_A
2017-04-10 14:53:33+00:00,-88.0,-81.2,-83.33333333333333,-83.0,-78.66666666666667,-70.8,-54.0,-78.5,-40.333333333333336,-75.6,-68.2,living_area_A
2017-04-10 14:53:34+00:00,-85.0,-81.0,-83.33333333333333,-84.5,-82.25,-70.66666666666667,-61.5,-74.0,-56.6,-81.25,-63.0,living_area_A
2017-04-10 14:53:35+00:00,-81.66666666666667,-87.33333333333333,-74.0,-92.66666666666667,-96.5,-81.75,-66.4,-70.66666666666667,-61.0,-80.25,-55.25,living_area_A
2017-04-10 14:53:36+00:00,-82.5,-91.0,-76.6,-86.5,-88.33333333333333,-82.4,-69.4,-74.33333333333333,-52.0,-86.0,-66.2,living_area_A
2017-04-10 14:53:37+00:00,-84.5,-80.75,-82.0,-86.0,-83.0,-83.66666666666667,-74.0,-72.5,-55.5,-84.2,-65.2,living_area_A
2017-04-10 14:53:38+00:00,-92.0,-77.5,-80.25,-81.0,-81.0,-74.4,-63.0,-78.0,-53.0,-84.5,-58.0,living_area_A
2017-04-10 14:53:39+00:00,-76.0,-85.5,-95.0,-84.33333333333333,-86.25,-83.66666666666667,-75.25,-82.8,-51.4,-79.5,-57.0,living_area_A
2017-04-10 14:53:40+00:00,-76.0,-87.0,-84.0,-88.33333333333333,-87.2,-75.6,-75.5,-79.0,-64.0,-84.2,-55.4,living_area_A
2017-04-10 14:53:41+00:00,-81.5,-89.0,-89.33333333333333,-90.0,-80.66666666666667,-79.25,-82.75,-75.0,-56.0,-82.33333333333333,-53.75,living_area_A
2017-04-10 14:53:42+00:00,-87.33333333333333,-89.5,-82.33333333333333,-87.0,-74.75,-73.0,-67.66666666666667,-79.75,-64.0,-89.75,-56.0,living_area_A
2017-04-10 14:53:43+00:00,-81.4,-89.0,-87.0,-79.0,-87.25,-76.0,-63.25,-79.25,-61.0,-77.4,-55.333333333333336,living_area_A
2017-04-10 14:53:44+00:00,-76.33333333333333,-81.6,-86.0,-85.66666666666667,-85.33333333333333,-72.33333333333333,-75.5,-73.25,-69.0,-85.5,-60.0,living_area_A
2017-04-10 14:53:45+00:00,-80.75,-78.0,-80.66666666666667,-86.66666666666667,-83.66666666666667,-78.0,-79.75,-66.0,-56.0,-84.6,-60.0,living_area_A
2017-04-10 14:53:46+00:00,-80.0,-83.0,-79.0,-120.0,-84.0,-76.5,-82.0,-61.4,-65.6,-81.5,-58.0,living_area_A
2017-04-10 14:53:47+00:00,-120.0,-79.6,-82.4,-84.0,-82.0,-79.0,-75.5,-72.75,-69.8,-85.6,-51.4,living_area_A
2017-04-10 14:53:48+00:00,-120.0,-79.0,-85.66666666666667,-86.0,-82.66666666666667,-76.0,-73.66666666666667,-82.33333333333333,-74.0,-88.66666666666667,-44.0,living_area_A
2017-04-10 14:53:49+00:00,-120.0,-76.5,-77.75,-79.2,-77.0,-75.0,-66.75,-85.66666666666667,-61.5,-80.0,-53.6,living_area_A
2017-04-10 14:53:50+00:00,-86.0,-89.4,-80.66666666666667,-80.0,-82.75,-75.33333333333333,-59.333333333333336,-86.6,-67.0,-83.33333333333333,-58.5,living_area_A
2017-04-10 14:53:51+00:00,-98.0,-76.75,-81.8,-82.75,-85.6,-69.75,-68.4,-89.0,-50.8,-77.5,-73.0,living_area_A
2017-04-10 14:53:52+00:00,-88.0,-85.5,-82.25,-82.0,-81.33333333333333,-80.4,-68.33333333333333,-86.66666666666667,-59.0,-84.8,-71.75,living_area_A
2017-04-10 14:53:53+00:00,-88.0,-77.0,-74.5,-84.25,-89.2,-70.75,-65.25,-83.25,-42.5,-75.4,-72.5,living_area_A
2017-04-10 14:53:54+00:00,-120.0,-87.4,-67.5,-82.4,-83.6,-67.8,-67.8,-90.66666666666667,-37.4,-77.2,-77.4,living_area_A
2017-04-10 14:53:55+00:00,-100.0,-72.0,-75.25,-80.0,-79.33333333333333,-70.4,-56.2,-76.0,-40.8,-78.0,-65.25,living_area_A
2017-04-10 14:53:56+00:00,-92.5,-82.33333333333333,-76.8,-79.5,-77.0,-63.4,-60.6,-77.0,-51.5,-70.25,-73.33333333333333,living_area_A
2017-04-10 14:53:57+00:00,-83.0,-73.0,-78.75,-77.25,-66.6,-65.8,-69.5,-83.0,-66.4,-76.6,-69.0,living_area_A
2017-04-10 14:53:58+00:00,-81.5,-65.75,-71.0,-70.5,-66.5,-69.0,-62.25,-79.8,-60.0,-72.0,-80.0,living_area_A
2017-04-10 14:53:59+00:00,-85.0,-72.75,-71.5,-75.8,-64.0,-69.0,-60.0,-83.0,-48.0,-74.75,-69.25,living_area_A
2017-04-10 14:54:00+00:00,-120.0,-74.0,-70.5,-80.25,-64.75,-58.0,-70.25,-87.0,-57.6,-77.0,-69.5,living_area_A
2017-04-10 14:54:01+00:00,-120.0,-79.6,-59.4,-78.75,-62.4,-67.2,-69.0,-86.5,-65.25,-83.5,-72.75,living_area_B
2017-04-10 14:54:02+00:00,-120.0,-77.25,-74.5,-66.0,-54.75,-57.75,-85.25,-120.0,-74.0,-83.75,-82.0,living_area_B
2017-04-10 14:54:03+00:00,-83.0,-86.33333333333333,-54.0,-70.2,-54.6,-60.6,-78.8,-90.0,-67.25,-80.25,-78.0,living_area_B
2017-04-10 14:54:04+00:00,-87.75,-73.75,-70.4,-70.0,-65.0,-60.5,-71.0,-80.0,-68.33333333333333,-81.5,-68.0,living_area_B
2017-04-10 14:54:05+00:00,-84.0,-74.0,-75.5,-75.5,-70.33333333333333,-63.0,-82.75,-79.6,-62.0,-75.25,-65.66666666666667,living_area_B
2017-04-10 14:54:06+00:00,-84.5,-75.8,-96.0,-82.0,-66.0,-72.2,-75.33333333333333,-77.5,-74.5,-71.0,-77.6,living_area_A
2017-04-10 14:54:07+00:00,-79.8,-63.5,-80.66666666666667,-73.0,-75.25,-76.0,-75.25,-72.4,-71.33333333333333,-79.5,-69.5,living_area_A
2017-04-10 14:54:08+00:00,-79.25,-77.75,-80.75,-84.75,-77.0,-69.0,-76.5,-69.0,-65.66666666666667,-73.2,-72.0,living_area_A
2017-04-10 14:54:09+00:00,-91.0,-76.0,-77.0,-85.0,-78.0,-78.0,-74.2,-63.25,-58.333333333333336,-78.0,-67.5,living_area_A
2017-04-10 14:54:10+00:00,-79.2,-77.33333333333333,-82.33333333333333,-81.0,-79.75,-85.66666666666667,-70.66666666666667,-73.0,-57.0,-86.0,-70.2,living_area_A
2017-04-10 14:54:11+00:00,-82.0,-84.33333333333333,-70.0,-77.25,-77.66666666666667,-79.4,-69.5,-77.4,-61.8,-78.25,-64.25,living_area_A
2017-04-10 14:54:12+00:00,-84.0,-79.75,-84.0,-84.0,-65.2,-74.25,-76.33333333333333,-74.0,-65.75,-85.0,-60.75,living_area_A
2017-04-10 14:54:13+00:00,-87.0,-82.75,-72.66666666666667,-78.0,-61.4,-69.33333333333333,-73.33333333333333,-81.0,-63.666666666666664,-78.0,-77.6,living_area_B
2017-04-10 14:54:14+00:00,-120.0,-70.8,-68.66666666666667,-74.25,-56.4,-60.8,-77.5,-84.33333333333333,-69.5,-81.0,-80.25,living_area_B
2017-04-10 14:54:15+00:00,-120.0,-77.2,-69.2,-74.75,-55.0,-60.2,-75.75,-89.33333333333333,-66.66666666666667,-79.25,-79.75,living_area_B
2017-04-10 14:54:16+00:00,-120.0,-81.0,-61.0,-66.5,-52.25,-67.0,-80.75,-89.33333333333333,-70.5,-79.75,-66.66666666666667,living_area_B
2017-04-10 14:54:17+00:00,-86.66666666666667,-75.2,-69.8,-74.25,-64.0,-69.5,-80.0,-76.5,-73.0,-75.25,-66.5,living_area_B
2017-04-10 14:54:18+00:00,-81.75,-77.5,-86.33333333333333,-80.0,-76.5,-73.5,-79.25,-76.75,-70.0,-78.66666666666667,-64.75,living_area_A
2017-04-10 14:54:19+00:00,-85.0,-83.8,-78.0,-79.0,-76.6,-77.25,-70.0,-74.5,-61.75,-72.0,-58.6,living_area_A
2017-04-10 14:54:20+00:00,-81.4,-81.0,-81.75,-80.0,-76.75,-81.75,-69.8,-68.33333333333333,-57.4,-81.33333333333333,-62.0,living_area_A
2017-04-10 14:54:21+00:00,-78.75,-83.33333333333333,-82.66666666666667,-82.0,-82.5,-79.75,-66.0,-72.5,-63.0,-77.0,-58.75,living_area_A
2017-04-10 14:54:22+00:00,-90.0,-82.75,-75.0,-81.8,-86.0,-71.75,-58.5,-80.8,-44.666666666666664,-77.33333333333333,-61.4,living_area_A
2017-04-10 14:54:24+00:00,-77.0,-86.2,-81.33333333333333,-85.5,-73.5,-77.0,-65.5,-76.5,-61.5,-83.0,-51.5,living_area_A
2017-04-10 14:54:25+00:00,-91.0,-72.0,-82.8,-87.33333333333333,-79.25,-80.25,-78.0,-69.6,-64.2,-89.0,-56.4,living_area_A
2017-04-10 14:54:26+00:00,-77.0,-70.75,-78.5,-86.33333333333333,-80.5,-81.25,-83.33333333333333,-70.6,-71.25,-78.75,-71.25,living_area_A
2017-04-10 14:54:27+00:00,-78.0,-74.0,-73.25,-84.75,-70.2,-70.4,-75.75,-72.25,-67.5,-69.75,-75.0,living_area_A
2017-04-10 14:54:28+00:00,-75.66666666666667,-77.0,-80.75,-84.0,-73.25,-72.75,-79.0,-70.8,-65.4,-81.66666666666667,-66.0,kitchen
2017-04-10 14:54:29+00:00,-72.33333333333333,-120.0,-98.0,-120.0,-77.66666666666667,-87.0,-86.5,-56.5,-69.0,-87.66666666666667,-84.66666666666667,kitchen
2017-04-10 14:54:30+00:00,-69.25,-82.5,-81.0,-86.0,-75.25,-83.5,-94.0,-68.6,-74.0,-84.0,-79.25,kitchen
2017-04-10 14:54:31+00:00,-70.8,-120.0,-84.75,-81.0,-84.0,-80.25,-82.0,-67.4,-71.75,-84.66666666666667,-76.66666666666667,kitchen
2017-04-10 14:54:32+00:00,-73.25,-92.5,-85.5,-120.0,-81.5,-85.0,-83.0,-61.0,-70.33333333333333,-92.5,-83.0,kitchen
2017-04-10 14:54:33+00:00,-71.0,-92.0,-87.66666666666667,-93.0,-84.75,-83.0,-91.33333333333333,-61.0,-77.33333333333333,-95.66666666666667,-79.33333333333333,kitchen
2017-04-10 14:54:34+00:00,-70.66666666666667,-91.0,-89.0,-87.66666666666667,-77.6,-82.6,-99.0,-60.2,-76.0,-90.66666666666667,-82.8,kitchen
2017-04-10 14:54:35+00:00,-69.0,-92.0,-120.0,-120.0,-82.25,-81.0,-120.0,-66.0,-79.66666666666667,-94.5,-82.8,kitchen
2017-04-10 14:54:36+00:00,-70.25,-88.0,-85.0,-86.0,-76.75,-78.5,-81.6,-57.0,-73.5,-85.0,-83.25,kitchen
2017-04-10 14:54:37+00:00,-73.0,-92.5,-85.75,-120.0,-77.66666666666667,-90.0,-91.0,-54.75,-68.5,-120.0,-88.33333333333333,kitchen
2017-04-10 14:54:38+00:00,-74.5,-88.75,-83.0,-89.0,-75.5,-91.0,-85.0,-65.33333333333333,-68.25,-85.75,-81.0,kitchen
2017-04-10 14:54:39+00:00,-67.2,-86.33333333333333,-76.5,-80.5,-73.6,-75.66666666666667,-86.5,-62.75,-75.0,-82.0,-83.5,kitchen
2017-04-10 14:54:40+00:00,-79.5,-84.0,-82.75,-82.66666666666667,-77.75,-74.0,-79.2,-59.333333333333336,-74.0,-94.0,-82.5,kitchen
2017-04-10 14:54:41+00:00,-83.5,-95.0,-86.5,-90.0,-75.25,-73.75,-68.0,-60.8,-79.5,-70.66666666666667,-82.25,kitchen
2017-04-10 14:54:42+00:00,-74.0,-82.0,-77.5,-85.5,-75.5,-68.75,-85.5,-56.6,-76.0,-78.5,-81.2,kitchen
2017-04-10 14:54:43+00:00,-78.0,-87.33333333333333,-78.75,-85.0,-78.25,-76.0,-84.0,-54.4,-67.75,-84.0,-75.0,kitchen
2017-04-10 14:54:44+00:00,-81.0,-78.5,-86.0,-86.5,-74.8,-66.6,-66.0,-65.2,-62.25,-81.25,-66.0,living_area_A
2017-04-10 14:54:45+00:00,-84.33333333333333,-79.0,-74.75,-76.0,-71.8,-69.4,-66.6,-75.2,-54.0,-73.4,-62.6,living_area_A
2017-04-10 14:54:46+00:00,-87.25,-73.0,-78.75,-74.5,-68.75,-69.25,-76.33333333333333,-78.66666666666667,-56.0,-74.25,-66.5,living_area_A
2017-04-10 14:54:47+00:00,-120.0,-76.0,-65.33333333333333,-64.0,-65.4,-78.75,-66.0,-83.8,-55.75,-68.0,-61.0,living_area_A
2017-04-10 14:54:48+00:00,-120.0,-68.0,-70.2,-70.5,-70.0,-67.75,-76.33333333333333,-80.66666666666667,-67.66666666666667,-60.0,-57.0,living_area_A
2017-04-10 14:54:49+00:00,-86.0,-81.5,-74.75,-75.5,-71.25,-66.33333333333333,-68.66666666666667,-80.25,-59.75,-67.75,-71.75,living_area_A
2017-04-10 14:54:50+00:00,-79.0,-78.25,-79.5,-83.0,-64.75,-57.333333333333336,-64.0,-78.8,-56.5,-80.75,-69.25,living_area_A
2017-04-10 14:54:51+00:00,-87.33333333333333,-84.5,-74.75,-78.0,-74.2,-74.33333333333333,-67.25,-69.66666666666667,-67.33333333333333,-83.0,-50.8,living_area_A
2017-04-10 14:54:52+00:00,-78.0,-73.5,-78.0,-79.8,-68.2,-74.6,-67.2,-79.75,-51.2,-74.0,-67.4,living_area_A
2017-04-10 14:54:53+00:00,-79.0,-77.0,-83.33333333333333,-84.33333333333333,-71.25,-78.25,-72.66666666666667,-74.5,-57.666666666666664,-75.5,-61.75,living_area_A
2017-04-10 14:54:54+00:00,-95.0,-74.66666666666667,-87.25,-80.75,-80.33333333333333,-74.4,-62.0,-78.5,-56.4,-75.5,-55.0,living_area_A
2017-04-10 14:54:55+00:00,-120.0,-79.25,-74.4,-77.0,-75.66666666666667,-69.0,-64.0,-75.5,-48.666666666666664,-77.33333333333333,-64.75,living_area_A
2017-04-10 14:54:56+00:00,-86.0,-77.0,-75.5,-68.6,-79.4,-65.75,-59.0,-84.75,-51.8,-83.33333333333333,-70.2,living_area_A
2017-04-10 14:54:57+00:00,-120.0,-80.5,-70.33333333333333,-54.0,-75.5,-67.2,-75.33333333333333,-87.5,-66.5,-92.0,-82.66666666666667,living_area_B
2017-04-10 14:54:58+00:00,-120.0,-80.5,-71.66666666666667,-72.5,-70.4,-62.5,-70.0,-76.66666666666667,-74.6,-86.33333333333333,-83.75,living_area_B
2017-04-10 14:54:59+00:00,-90.0,-78.0,-68.0,-71.0,-76.75,-67.25,-83.66666666666667,-85.5,-78.0,-78.0,-79.75,living_area_B
2017-04-10 14:55:00+00:00,-85.0,-71.0,-74.0,-64.33333333333333,-67.33333333333333,-66.25,-79.5,-85.5,-82.0,-88.0,-88.0,living_area_B
2017-04-10 14:55:01+00:00,-91.0,-83.0,-78.75,-69.33333333333333,-77.75,-65.0,-75.33333333333333,-82.75,-62.6,-86.0,-68.75,living_area_B
2017-04-10 14:55:02+00:00,-77.0,-76.0,-83.5,-84.25,-74.5,-74.4,-76.8,-69.0,-62.0,-80.0,-71.0,living_area_A
2017-04-10 14:55:03+00:00,-70.0,-83.4,-83.2,-95.0,-80.5,-73.0,-74.5,-70.5,-79.0,-78.75,-66.0,living_area_A
2017-04-10 14:55:04+00:00,-79.5,-85.33333333333333,-81.0,-84.0,-80.66666666666667,-72.66666666666667,-72.0,-75.0,-54.0,-77.5,-62.0,living_area_A
2017-04-10 14:55:05+00:00,-71.33333333333333,-82.4,-79.0,-91.66666666666667,-72.0,-77.33333333333333,-78.8,-76.33333333333333,-74.0,-72.25,-62.0,living_area_A
2017-04-10 14:55:06+00:00,-76.25,-86.5,-82.2,-89.0,-79.6,-67.2,-67.0,-75.5,-62.0,-79.0,-65.0,living_area_A
2017-04-10 14:55:07+00:00,-81.0,-82.25,-74.0,-92.0,-82.0,-68.66666666666667,-72.0,-70.0,-60.0,-83.0,-63.0,living_area_A
2017-04-10 14:55:08+00:00,-79.75,-85.66666666666667,-87.33333333333333,-89.66666666666667,-82.75,-69.0,-77.0,-72.66666666666667,-58.75,-74.25,-65.0,living_area_A
2017-04-10 14:55:09+00:00,-78.25,-82.0,-81.75,-85.0,-81.0,-69.0,-77.0,-73.2,-68.0,-72.0,-66.0,living_area_A
2017-04-10 14:55:10+00:00,-80.6,-79.25,-77.4,-87.5,-77.25,-71.0,-74.25,-69.6,-58.666666666666664,-77.6,-60.4,living_area_A
2017-04-10 14:55:11+00:00,-80.4,-72.66666666666667,-83.33333333333333,-85.0,-81.0,-78.4,-74.33333333333333,-74.75,-71.75,-77.4,-67.8,living_area_A
2017-04-10 14:55:12+00:00,-82.0,-77.25,-84.0,-83.25,-77.33333333333333,-78.75,-63.666666666666664,-75.0,-57.6,-84.0,-63.8,living_area_A
2017-04-10 14:55:13+00:00,-89.66666666666667,-80.8,-70.0,-80.75,-77.66666666666667,-72.75,-60.4,-75.33333333333333,-54.4,-74.4,-60.2,living_area_A
2017-04-10 14:55:14+00:00,-99.0,-75.5,-70.75,-81.33333333333333,-85.5,-71.6,-65.25,-77.5,-56.0,-80.5,-62.666666666666664,living_area_A
2017-04-10 14:55:15+00:00,-85.0,-80.5,-72.0,-80.25,-79.0,-65.0,-60.5,-84.0,-50.5,-87.66666666666667,-69.8,living_area_A
2017-04-10 14:55:16+00:00,-85.0,-84.66666666666667,-72.75,-80.25,-75.25,-73.5,-73.0,-77.5,-70.0,-77.75,-76.0,living_area_A
2017-04-10 14:55:17+00:00,-86.5,-82.6,-72.0,-71.4,-57.666666666666664,-66.5,-63.75,-79.0,-47.0,-63.0,-72.25,living_area_A
2017-04-10 14:55:18+00:00,-86.0,-90.0,-82.75,-87.0,-75.25,-74.75,-72.0,-84.75,-56.4,-97.0,-62.5,living_area_A
2017-04-10 14:55:19+00:00,-87.66666666666667,-120.0,-66.0,-120.0,-84.0,-75.0,-65.0,-76.75,-48.2,-80.0,-56.333333333333336,living_area_A
2017-04-10 14:55:20+00:00,-93.0,-81.5,-76.5,-81.0,-75.4,-73.4,-65.0,-82.0,-52.0,-74.0,-62.6,living_area_A
2017-04-10 14:55:21+00:00,-92.0,-78.0,-66.0,-77.4,-63.0,-68.5,-72.0,-76.5,-57.5,-73.6,-76.6,living_area_A
2017-04-10 14:55:22+00:00,-92.0,-71.5,-62.666666666666664,-74.6,-70.25,-67.75,-70.66666666666667,-78.66666666666667,-56.0,-76.0,-78.66666666666667,living_area_A
2017-04-10 14:55:23+00:00,-83.33333333333333,-60.25,-77.8,-77.33333333333333,-64.66666666666667,-71.33333333333333,-82.0,-82.5,-75.75,-67.2,-79.0,hallway_lower
2017-04-10 14:55:24+00:00,-83.66666666666667,-68.0,-78.33333333333333,-79.8,-73.25,-71.8,-88.0,-86.2,-78.5,-67.8,-81.0,hallway_lower
2017-04-10 14:55:25+00:00,-83.0,-62.4,-86.5,-80.0,-66.4,-75.33333333333333,-87.66666666666667,-84.75,-79.75,-77.8,-83.6,hallway_lower
2017-04-10 14:55:26+00:00,-84.0,-69.25,-72.5,-86.25,-69.0,-71.6,-81.25,-75.0,-74.0,-81.0,-75.6,hallway_lower
2017-04-10 14:55:27+00:00,-94.0,-61.5,-87.25,-73.5,-69.6,-78.25,-92.5,-94.0,-77.0,-74.4,-80.75,hallway_lower
2017-04-10 14:55:28+00:00,-81.33333333333333,-61.4,-78.8,-75.66666666666667,-69.6,-74.6,-88.33333333333333,-84.0,-79.66666666666667,-76.5,-74.0,hallway_lower
2017-04-10 14:55:30+00:00,-75.0,-80.5,-84.4,-90.5,-87.33333333333333,-78.66666666666667,-78.0,-80.0,-120.0,-72.66666666666667,-67.5,stairs
2017-04-10 14:55:33+00:00,-72.0,-92.0,-83.0,-81.0,-89.5,-88.75,-88.4,-89.33333333333333,-73.5,-75.5,-73.5,stairs
2017-04-10 14:55:36+00:00,-61.2,-84.0,-91.0,-88.0,-94.0,-84.75,-80.0,-77.0,-64.0,-67.5,-80.0,hallway_upper
2017-04-10 14:55:37+00:00,-59.0,-94.33333333333333,-90.0,-120.0,-89.0,-92.0,-85.5,-67.4,-80.0,-73.4,-75.75,hallway_upper
2017-04-10 14:55:38+00:00,-52.25,-90.0,-87.75,-87.0,-120.0,-82.0,-76.0,-80.0,-84.0,-78.6,-77.75,hallway_upper
2017-04-10 14:55:39+00:00,-63.25,-83.75,-75.25,-78.33333333333333,-87.33333333333333,-84.66666666666667,-69.75,-83.33333333333333,-78.33333333333333,-70.25,-78.0,hallway_upper
2017-04-10 14:55:40+00:00,-79.5,-80.75,-77.0,-88.0,-82.33333333333333,-80.0,-60.5,-120.0,-86.75,-62.666666666666664,-82.75,hallway_upper
2017-04-10 14:55:41+00:00,-79.5,-78.0,-78.5,-75.66666666666667,-87.5,-87.4,-66.0,-94.0,-86.0,-80.0,-81.66666666666667,hallway_upper
2017-04-10 14:55:42+00:00,-79.5,-83.66666666666667,-60.666666666666664,-74.4,-81.0,-80.0,-67.5,-95.0,-89.2,-59.5,-91.0,hallway_upper
2017-04-10 14:55:43+00:00,-81.6,-85.66666666666667,-65.25,-72.0,-76.6,-75.0,-73.8,-88.0,-75.25,-55.2,-85.6,bedroom_1
2017-04-10 14:55:44+00:00,-81.4,-83.25,-62.25,-60.0,-79.0,-72.8,-77.66666666666667,-120.0,-79.0,-64.25,-86.0,bedroom_1
2017-04-10 14:55:49+00:00,-82.0,-71.5,-68.5,-62.75,-70.25,-75.33333333333333,-85.66666666666667,-120.0,-84.0,-64.25,-87.0,bedroom_1
2017-04-10 14:55:50+00:00,-86.0,-85.8,-59.0,-62.0,-63.5,-65.5,-68.66666666666667,-120.0,-80.0,-71.0,-89.5,bedroom_1
2017-04-10 14:55:51+00:00,-81.25,-87.33333333333333,-63.5,-55.6,-77.5,-78.25,-81.8,-120.0,-86.5,-68.6,-86.66666666666667,bedroom_1
2017-04-10 14:55:54+00:00,-99.66666666666667,-87.5,-66.75,-71.0,-76.75,-73.0,-75.25,-120.0,-87.0,-78.0,-85.5,bedroom_1
2017-04-10 14:55:55+00:00,-94.0,-84.6,-66.4,-57.2,-79.5,-69.25,-82.0,-120.0,-85.5,-76.66666666666667,-86.0,bedroom_1
2017-04-10 14:55:56+00:00,-84.5,-73.0,-58.6,-46.333333333333336,-59.0,-66.25,-68.5,-120.0,-81.0,-72.75,-92.33333333333333,bedroom_1
2017-04-10 14:55:58+00:00,-85.0,-85.8,-59.2,-51.333333333333336,-63.5,-64.33333333333333,-85.66666666666667,-120.0,-80.5,-73.66666666666667,-87.33333333333333,bedroom_1
2017-04-10 14:55:59+00:00,-68.33333333333333,-79.75,-48.6,-58.0,-72.8,-74.5,-69.33333333333333,-97.0,-81.0,-64.75,-85.33333333333333,bedroom_1
2017-04-10 14:56:00+00:00,-72.66666666666667,-79.0,-55.4,-61.2,-80.25,-77.0,-69.33333333333333,-88.0,-74.0,-61.6,-89.0,bedroom_1
2017-04-10 14:56:01+00:00,-65.66666666666667,-86.5,-57.75,-65.33333333333333,-85.0,-79.4,-80.6,-86.0,-84.33333333333333,-64.2,-81.2,bedroom_1
2017-04-10 14:56:02+00:00,-74.66666666666667,-97.0,-63.75,-75.25,-77.66666666666667,-83.0,-76.66666666666667,-89.5,-85.0,-70.75,-84.75,bedroom_1
2017-04-10 14:56:03+00:00,-77.5,-84.8,-67.5,-73.8,-80.0,-89.0,-79.0,-120.0,-75.5,-65.4,-94.5,bedroom_1
2017-04-10 14:56:04+00:00,-82.0,-88.66666666666667,-71.25,-73.5,-79.33333333333333,-77.6,-98.0,-86.0,-77.0,-72.25,-84.66666666666667,bedroom_1
2017-04-10 14:56:05+00:00,-76.25,-83.25,-64.6,-74.75,-75.75,-81.0,-70.5,-120.0,-81.33333333333333,-74.75,-84.0,bedroom_1
2017-04-10 14:56:06+00:00,-71.0,-85.33333333333333,-61.25,-73.4,-86.66666666666667,-80.2,-74.4,-81.5,-78.66666666666667,-59.25,-86.5,bedroom_1
2017-04-10 14:56:07+00:00,-72.75,-86.5,-58.5,-69.4,-80.6,-76.5,-72.5,-81.0,-75.0,-67.2,-89.5,bedroom_1
2017-04-10 14:56:08+00:00,-72.75,-91.25,-64.0,-70.0,-72.2,-85.5,-74.0,-78.2,-76.0,-67.0,-87.0,bedroom_1
2017-04-10 14:56:09+00:00,-70.75,-87.75,-58.4,-71.25,-77.33333333333333,-79.0,-68.66666666666667,-83.0,-120.0,-66.5,-89.0,bedroom_1
2017-04-10 14:56:10+00:00,-75.5,-86.66666666666667,-63.666666666666664,-75.4,-82.4,-80.2,-76.2,-86.5,-80.0,-66.4,-84.0,bedroom_1
2017-04-10 14:56:11+00:00,-82.5,-80.25,-70.33333333333333,-67.66666666666667,-79.5,-80.0,-75.0,-91.66666666666667,-90.0,-66.2,-93.5,bedroom_1
2017-04-10 14:56:12+00:00,-78.0,-80.66666666666667,-68.4,-81.5,-81.5,-72.0,-69.5,-91.0,-88.0,-65.0,-91.0,bedroom_1
2017-04-10 14:56:13+00:00,-84.5,-88.66666666666667,-75.66666666666667,-72.66666666666667,-85.66666666666667,-80.66666666666667,-65.0,-84.0,-85.0,-63.75,-94.33333333333333,bedroom_1
2017-04-10 14:56:14+00:00,-70.5,-84.5,-69.4,-75.6,-82.75,-81.75,-77.66666666666667,-120.0,-92.0,-64.25,-93.66666666666667,bedroom_1
2017-04-10 14:56:15+00:00,-78.4,-78.66666666666667,-69.0,-75.25,-83.5,-81.0,-75.0,-92.33333333333333,-88.5,-68.5,-98.0,bedroom_1
2017-04-10 14:56:16+00:00,-83.33333333333333,-85.6,-72.0,-69.6,-78.5,-73.8,-90.0,-120.0,-84.5,-72.2,-86.0,bedroom_1
2017-04-10 14:56:17+00:00,-82.25,-82.25,-63.4,-78.8,-80.0,-78.75,-80.0,-84.0,-90.0,-63.4,-87.6,bedroom_1
2017-04-10 14:56:18+00:00,-80.66666666666667,-80.25,-76.33333333333333,-77.75,-79.33333333333333,-88.0,-89.66666666666667,-81.66666666666667,-73.0,-58.0,-76.33333333333333,hallway_upper
2017-04-10 14:56:19+00:00,-74.0,-88.0,-77.5,-87.33333333333333,-86.33333333333333,-84.4,-79.66666666666667,-90.0,-76.0,-63.0,-83.4,hallway_upper
2017-04-10 14:56:20+00:00,-71.25,-90.0,-86.0,-79.0,-75.5,-83.25,-77.0,-79.0,-71.5,-52.0,-79.0,hallway_upper
2017-04-10 14:56:21+00:00,-67.0,-83.0,-81.0,-84.5,-93.5,-78.0,-75.33333333333333,-80.4,-68.0,-67.6,-79.8,hallway_upper
2017-04-10 14:56:22+00:00,-68.2,-76.25,-78.5,-89.25,-85.0,-83.6,-75.0,-87.4,-82.5,-68.4,-82.5,hallway_upper
2017-04-10 14:56:23+00:00,-75.0,-83.5,-82.0,-82.0,-82.5,-87.66666666666667,-67.5,-76.0,-120.0,-63.666666666666664,-76.5,bathroom_toilet
2017-04-10 14:56:24+00:00,-58.4,-84.4,-93.33333333333333,-90.0,-88.0,-95.0,-89.0,-72.0,-120.0,-79.8,-86.33333333333333,bathroom_toilet
2017-04-10 14:56:25+00:00,-52.25,-89.25,-84.0,-120.0,-94.0,-87.0,-88.0,-75.0,-78.5,-74.0,-88.0,bathroom_toilet
2017-04-10 14:56:27+00:00,-43.333333333333336,-84.5,-91.0,-120.0,-99.0,-83.5,-120.0,-68.5,-90.0,-84.0,-105.0,bathroom_toilet
2017-04-10 14:56:28+00:00,-50.0,-84.33333333333333,-80.75,-120.0,-120.0,-90.66666666666667,-90.0,-74.6,-85.0,-75.5,-89.0,bathroom_toilet
2017-04-10 14:56:29+00:00,-49.4,-81.75,-91.5,-120.0,-89.0,-92.5,-91.5,-72.0,-85.0,-71.0,-95.66666666666667,bathroom_toilet
2017-04-10 14:56:30+00:00,-47.0,-83.4,-90.25,-120.0,-120.0,-88.0,-120.0,-78.75,-81.5,-77.0,-89.66666666666667,bathroom_toilet
2017-04-10 14:56:31+00:00,-64.66666666666667,-88.75,-77.0,-120.0,-98.0,-90.0,-84.0,-77.25,-83.0,-71.33333333333333,-120.0,bathroom_toilet
2017-04-10 14:56:32+00:00,-56.0,-91.33333333333333,-92.5,-99.0,-81.5,-89.0,-85.0,-71.8,-83.0,-75.0,-79.0,bathroom_toilet
2017-04-10 14:56:33+00:00,-58.4,-87.0,-84.0,-120.0,-95.5,-91.0,-90.0,-66.0,-81.0,-77.25,-84.5,bathroom_toilet
2017-04-10 14:56:34+00:00,-63.666666666666664,-89.66666666666667,-84.25,-82.2,-88.0,-87.0,-84.0,-75.8,-85.0,-76.25,-90.0,bathroom_toilet
2017-04-10 14:56:35+00:00,-58.25,-120.0,-78.6,-88.5,-90.75,-82.33333333333333,-88.66666666666667,-75.0,-79.66666666666667,-74.0,-93.66666666666667,bathroom_toilet
2017-04-10 14:56:36+00:00,-56.8,-88.75,-83.0,-82.5,-81.75,-83.75,-81.66666666666667,-73.8,-75.75,-70.25,-80.5,bathroom_toilet
2017-04-10 14:56:37+00:00,-62.5,-79.0,-81.75,-87.0,-91.75,-82.25,-85.33333333333333,-65.33333333333333,-83.0,-78.0,-89.25,bathroom_toilet
2017-04-10 14:56:38+00:00,-58.0,-86.2,-85.4,-88.5,-86.5,-79.33333333333333,-84.0,-70.2,-81.75,-76.5,-91.66666666666667,bathroom_toilet
2017-04-10 14:56:39+00:00,-59.0,-86.25,-71.0,-83.33333333333333,-89.0,-89.66666666666667,-78.5,-73.5,-86.0,-76.5,-81.5,bathroom_toilet
2017-04-10 14:56:40+00:00,-55.8,-89.4,-77.25,-86.5,-85.75,-82.5,-86.5,-70.25,-76.5,-78.75,-85.25,bathroom_toilet
2017-04-10 14:56:41+00:00,-56.5,-88.25,-78.5,-82.66666666666667,-88.33333333333333,-89.33333333333333,-87.5,-74.75,-75.33333333333333,-69.75,-77.0,bathroom_toilet
2017-04-10 14:56:42+00:00,-59.4,-83.0,-85.8,-85.0,-92.0,-83.75,-80.0,-67.33333333333333,-90.0,-76.5,-89.66666666666667,bathroom_toilet
2017-04-10 14:56:43+00:00,-65.6,-87.0,-86.0,-120.0,-90.0,-87.5,-74.66666666666667,-74.2,-83.66666666666667,-81.5,-90.0,bathroom_toilet
2017-04-10 14:56:44+00:00,-50.75,-86.5,-79.5,-87.0,-120.0,-90.0,-88.0,-69.5,-90.0,-75.75,-120.0,bathroom_toilet
2017-04-10 14:56:45+00:00,-60.666666666666664,-90.0,-85.5,-120.0,-88.0,-93.25,-80.0,-72.2,-78.0,-72.0,-90.0,bathroom_toilet
2017-04-10 14:56:46+00:00,-60.0,-87.0,-85.0,-120.0,-92.0,-91.0,-120.0,-68.0,-80.0,-77.2,-82.66666666666667,bathroom_toilet
2017-04-10 14:56:47+00:00,-54.0,-92.5,-88.0,-84.0,-90.5,-120.0,-84.33333333333333,-76.25,-120.0,-75.66666666666667,-88.0,bathroom_toilet
2017-04-10 14:56:48+00:00,-53.0,-88.0,-84.0,-91.0,-88.5,-84.0,-80.0,-71.25,-85.5,-79.0,-87.5,bathroom_toilet
2017-04-10 14:56:49+00:00,-46.333333333333336,-86.0,-89.33333333333333,-85.0,-86.0,-98.0,-120.0,-71.0,-120.0,-77.8,-98.0,bathroom_toilet
2017-04-10 14:56:51+00:00,-41.25,-92.0,-84.75,-87.0,-85.0,-85.5,-120.0,-70.8,-86.0,-79.0,-81.0,bathroom_toilet
2017-04-10 14:56:52+00:00,-41.5,-91.0,-83.5,-87.66666666666667,-104.0,-120.0,-97.0,-72.0,-120.0,-76.25,-93.0,bathroom_toilet
2017-04-10 14:56:53+00:00,-40.75,-90.5,-80.0,-93.0,-120.0,-82.0,-94.0,-61.0,-83.0,-83.25,-82.0,bathroom_toilet
2017-04-10 14:56:54+00:00,-56.5,-88.0,-84.0,-86.0,-100.0,-90.25,-94.0,-83.33333333333333,-79.0,-77.5,-87.5,bathroom_toilet
2017-04-10 14:56:55+00:00,-40.5,-91.66666666666667,-86.0,-120.0,-120.0,-83.0,-90.0,-69.0,-120.0,-83.0,-85.0,bathroom_toilet
2017-04-10 14:56:58+00:00,-35.25,-86.0,-95.0,-120.0,-102.0,-83.0,-75.0,-76.0,-92.0,-75.33333333333333,-85.0,bathroom_toilet
2017-04-10 14:57:10+00:00,-27.0,-91.5,-90.0,-120.0,-120.0,-120.0,-92.0,-68.75,-85.5,-76.66666666666667,-97.0,bathroom_toilet
2017-04-10 14:57:12+00:00,-56.5,-120.0,-95.0,-90.0,-86.0,-120.0,-95.33333333333333,-61.4,-77.0,-76.25,-86.6,bathroom_toilet
2017-04-10 14:57:13+00:00,-48.25,-92.5,-88.0,-89.0,-103.0,-86.66666666666667,-80.0,-70.0,-84.5,-78.33333333333333,-84.5,bathroom_toilet
2017-04-10 14:57:14+00:00,-56.6,-83.66666666666667,-91.0,-82.0,-120.0,-89.66666666666667,-86.0,-74.4,-92.0,-77.25,-90.0,bathroom_toilet
2017-04-10 14:57:15+00:00,-50.666666666666664,-85.66666666666667,-92.0,-82.0,-83.0,-90.5,-120.0,-74.0,-75.0,-74.25,-79.0,bathroom_toilet
2017-04-10 14:57:16+00:00,-66.5,-85.0,-85.0,-83.33333333333333,-76.0,-77.0,-82.8,-73.0,-120.0,-69.0,-87.0,bathroom_toilet
2017-04-10 14:57:17+00:00,-66.25,-81.4,-80.5,-98.5,-79.0,-79.5,-79.75,-79.33333333333333,-79.0,-68.0,-103.0,bathroom_toilet
2017-04-10 14:57:18+00:00,-55.25,-81.8,-88.4,-88.0,-100.0,-79.33333333333333,-78.4,-77.6,-79.5,-68.75,-93.5,bathroom_toilet
2017-04-10 14:57:19+00:00,-47.333333333333336,-85.0,-84.0,-87.0,-92.0,-88.25,-76.0,-72.33333333333333,-78.0,-69.0,-85.75,bathroom_toilet
2017-04-10 14:57:20+00:00,-57.5,-81.4,-86.0,-85.25,-91.33333333333333,-87.25,-81.75,-82.0,-77.66666666666667,-67.8,-88.0,bathroom_toilet
2017-04-10 14:57:21+00:00,-51.0,-95.0,-89.0,-90.0,-89.0,-86.5,-80.0,-69.75,-82.0,-68.75,-88.5,bathroom_toilet
2017-04-10 14:57:22+00:00,-66.5,-81.2,-91.0,-84.75,-92.66666666666667,-93.66666666666667,-77.0,-70.25,-75.66666666666667,-73.5,-93.66666666666667,bathroom_toilet
2017-04-10 14:57:23+00:00,-62.5,-75.0,-73.75,-84.0,-83.0,-83.0,-79.5,-81.25,-74.5,-70.33333333333333,-89.0,bathroom_toilet
2017-04-10 14:57:24+00:00,-55.5,-81.8,-67.0,-89.0,-90.0,-75.5,-82.5,-77.0,-83.33333333333333,-63.75,-88.5,bathroom_toilet
2017-04-10 14:57:25+00:00,-57.75,-76.75,-85.4,-88.0,-89.0,-81.0,-84.0,-68.8,-79.5,-71.0,-87.5,hallway_upper
2017-04-10 14:57:26+00:00,-66.66666666666667,-83.75,-78.0,-83.0,-85.0,-84.66666666666667,-73.75,-86.66666666666667,-79.0,-73.2,-69.0,hallway_upper
2017-04-10 14:57:27+00:00,-74.66666666666667,-94.0,-81.6,-96.0,-94.66666666666667,-72.0,-74.66666666666667,-83.0,-79.5,-71.0,-82.0,hallway_upper
2017-04-10 14:57:28+00:00,-72.6,-88.0,-87.4,-79.0,-120.0,-80.66666666666667,-70.0,-83.66666666666667,-73.0,-69.6,-74.4,hallway_upper
2017-04-10 14:57:29+00:00,-80.0,-85.0,-80.0,-90.0,-120.0,-86.5,-70.5,-93.0,-72.25,-74.75,-76.75,bedroom_2
2017-04-10 14:57:30+00:00,-88.33333333333333,-90.33333333333333,-78.0,-83.5,-89.0,-89.0,-68.33333333333333,-81.66666666666667,-64.66666666666667,-73.25,-80.25,bedroom_2
2017-04-10 14:57:31+00:00,-81.0,-91.0,-81.5,-84.75,-92.5,-77.0,-65.75,-120.0,-80.5,-82.33333333333333,-76.5,bedroom_2
2017-04-10 14:57:32+00:00,-91.0,-82.5,-65.0,-82.0,-94.66666666666667,-78.33333333333333,-58.333333333333336,-84.75,-68.0,-78.5,-60.25,bedroom_2
2017-04-10 14:57:33+00:00,-85.66666666666667,-76.0,-71.6,-74.2,-86.33333333333333,-83.0,-56.666666666666664,-81.0,-82.66666666666667,-74.75,-72.2,bedroom_2
2017-04-10 14:57:34+00:00,-90.5,-120.0,-67.0,-78.5,-81.33333333333333,-82.66666666666667,-50.333333333333336,-89.0,-74.8,-58.5,-68.66666666666667,bedroom_2
2017-04-10 14:57:35+00:00,-84.75,-86.0,-60.5,-76.75,-82.0,-76.33333333333333,-49.75,-120.0,-75.0,-59.75,-83.5,bedroom_2
2017-04-10 14:57:36+00:00,-86.0,-94.66666666666667,-59.25,-76.6,-78.75,-87.0,-55.75,-92.0,-77.0,-61.25,-82.2,bedroom_2
2017-04-10 14:57:37+00:00,-83.33333333333333,-88.0,-61.333333333333336,-80.5,-80.25,-75.0,-65.0,-84.5,-61.666666666666664,-57.0,-81.0,bedroom_2
2017-04-10 14:57:38+00:00,-85.0,-83.33333333333333,-67.0,-76.75,-76.0,-84.0,-69.5,-120.0,-82.5,-64.5,-72.0,bedroom_2
2017-04-10 14:57:39+00:00,-93.5,-89.33333333333333,-71.0,-77.0,-86.4,-79.33333333333333,-59.0,-86.0,-65.0,-61.75,-74.66666666666667,bedroom_2
2017-04-10 14:57:40+00:00,-84.2,-89.66666666666667,-68.25,-78.75,-86.0,-120.0,-61.0,-96.0,-77.0,-65.66666666666667,-81.0,bedroom_2
2017-04-10 14:57:41+00:00,-86.66666666666667,-89.0,-62.666666666666664,-74.0,-87.33333333333333,-90.0,-46.0,-87.0,-69.0,-63.4,-79.6,bedroom_2
2017-04-10 14:57:59+00:00,-84.75,-90.66666666666667,-62.666666666666664,-74.5,-86.5,-85.5,-60.2,-97.0,-69.5,-57.2,-80.75,bedroom_2
2017-04-10 14:58:00+00:00,-80.33333333333333,-93.33333333333333,-60.0,-73.0,-90.5,-82.0,-57.0,-120.0,-65.0,-57.6,-74.0,bedroom_2
2017-04-10 14:58:14+00:00,-81.75,-98.0,-65.0,-76.33333333333333,-85.75,-78.66666666666667,-58.5,-87.66666666666667,-71.75,-59.0,-81.0,bedroom_2
2017-04-10 14:58:24+00:00,-92.0,-81.5,-66.25,-77.8,-90.0,-78.75,-63.4,-88.0,-71.66666666666667,-63.4,-84.66666666666667,bedroom_2
2017-04-10 14:58:31+00:00,-85.33333333333333,-88.33333333333333,-55.0,-79.33333333333333,-83.33333333333333,-90.0,-63.4,-78.0,-77.0,-56.0,-77.5,bedroom_2
2017-04-10 14:58:32+00:00,-87.66666666666667,-86.0,-67.75,-74.0,-87.5,-77.5,-56.333333333333336,-84.75,-78.0,-64.75,-81.0,bedroom_2
2017-04-10 14:58:33+00:00,-84.8,-86.25,-68.5,-87.0,-90.0,-81.0,-70.0,-92.0,-71.4,-65.25,-77.75,bedroom_2
2017-04-10 14:58:34+00:00,-80.66666666666667,-86.0,-68.5,-79.25,-85.5,-72.5,-73.0,-84.0,-78.6,-57.0,-77.5,bedroom_2
2017-04-10 14:58:35+00:00,-82.33333333333333,-91.5,-73.0,-81.0,-95.0,-84.33333333333333,-66.2,-89.0,-72.25,-63.25,-71.25,bedroom_2
2017-04-10 14:58:36+00:00,-82.75,-83.5,-59.5,-78.0,-80.5,-80.33333333333333,-64.2,-88.0,-67.25,-63.25,-76.2,bedroom_2
2017-04-10 14:58:37+00:00,-84.25,-86.75,-67.0,-75.75,-91.33333333333333,-87.75,-60.5,-91.0,-84.25,-59.0,-80.4,bedroom_2
2017-04-10 14:58:38+00:00,-84.4,-95.5,-63.333333333333336,-73.8,-88.8,-91.5,-61.333333333333336,-94.0,-67.33333333333333,-67.2,-81.0,bedroom_2
2017-04-10 14:58:39+00:00,-87.5,-90.5,-63.0,-77.66666666666667,-102.0,-86.0,-65.6,-87.0,-78.5,-69.75,-80.0,bedroom_2
2017-04-10 14:58:40+00:00,-79.5,-88.33333333333333,-73.2,-74.0,-72.0,-76.0,-64.33333333333333,-89.0,-79.0,-57.0,-68.66666666666667,bedroom_2
2017-04-10 14:58:41+00:00,-86.0,-85.5,-78.5,-80.75,-87.5,-120.0,-68.75,-94.5,-75.5,-71.25,-74.0,bedroom_2
2017-04-10 14:58:42+00:00,-82.0,-93.0,-77.0,-72.33333333333333,-86.0,-85.25,-57.2,-120.0,-77.0,-75.4,-79.75,bedroom_2
2017-04-10 14:58:44+00:00,-84.75,-85.0,-69.0,-70.0,-101.0,-86.75,-58.8,-86.5,-84.66666666666667,-72.0,-69.66666666666667,bedroom_2
2017-04-10 14:58:45+00:00,-79.0,-83.33333333333333,-63.5,-72.66666666666667,-84.33333333333333,-84.75,-48.4,-90.0,-74.75,-74.2,-75.2,bedroom_2
2017-04-10 14:58:46+00:00,-79.33333333333333,-85.25,-69.25,-74.75,-96.0,-89.33333333333333,-53.333333333333336,-86.0,-74.5,-63.0,-76.75,bedroom_2
2017-04-10 14:58:47+00:00,-73.0,-79.0,-69.66666666666667,-77.0,-88.0,-87.66666666666667,-57.5,-84.0,-79.0,-72.8,-78.6,hallway_upper
2017-04-10 14:58:48+00:00,-88.5,-101.0,-61.25,-73.66666666666667,-86.66666666666667,-85.33333333333333,-63.333333333333336,-120.0,-71.0,-76.33333333333333,-80.0,bedroom_2
2017-04-10 14:58:49+00:00,-84.66666666666667,-81.0,-70.75,-76.33333333333333,-89.66666666666667,-88.33333333333333,-72.66666666666667,-78.0,-59.5,-68.75,-84.25,bedroom_2
2017-04-10 14:58:50+00:00,-87.75,-95.0,-69.0,-81.0,-86.75,-84.8,-63.333333333333336,-96.33333333333333,-66.33333333333333,-67.5,-76.5,bedroom_2
2017-04-10 14:58:51+00:00,-84.5,-85.66666666666667,-62.666666666666664,-74.5,-86.0,-92.33333333333333,-69.75,-84.0,-76.0,-65.0,-70.75,bedroom_2
2017-04-10 14:58:56+00:00,-84.5,-92.0,-73.66666666666667,-82.5,-120.0,-81.0,-62.0,-82.0,-71.0,-76.5,-68.0,bedroom_2
2017-04-10 14:58:57+00:00,-81.0,-89.0,-72.0,-81.25,-87.0,-120.0,-72.6,-120.0,-82.66666666666667,-80.33333333333333,-86.66666666666667,bedroom_2
2017-04-10 14:59:02+00:00,-80.5,-120.0,-69.4,-80.66666666666667,-92.0,-92.0,-69.6,-91.33333333333333,-78.0,-76.5,-75.8,bedroom_2
2017-04-10 14:59:03+00:00,-90.5,-120.0,-70.6,-83.66666666666667,-92.0,-76.5,-60.0,-88.25,-74.66666666666667,-63.0,-78.0,bedroom_2
2017-04-10 14:59:04+00:00,-87.33333333333333,-79.5,-69.5,-76.66666666666667,-87.5,-87.5,-57.8,-88.0,-71.75,-61.0,-83.0,bedroom_2
2017-04-10 14:59:05+00:00,-87.4,-82.0,-67.2,-78.0,-78.5,-85.66666666666667,-60.75,-91.5,-76.33333333333333,-74.0,-77.6,bedroom_2
2017-04-10 14:59:06+00:00,-89.25,-89.5,-72.0,-81.5,-91.66666666666667,-85.0,-58.8,-77.5,-65.33333333333333,-64.25,-71.0,bedroom_2
2017-04-10 14:59:07+00:00,-89.0,-87.0,-57.5,-80.0,-86.0,-78.33333333333333,-55.0,-97.0,-67.0,-80.5,-77.0,bedroom_2
2017-04-10 14:59:16+00:00,-80.6,-86.66666666666667,-59.75,-82.33333333333333,-85.0,-90.5,-74.0,-97.5,-79.33333333333333,-63.25,-83.33333333333333,bedroom_2
2017-04-10 14:59:23+00:00,-81.0,-88.33333333333333,-64.33333333333333,-72.8,-85.0,-84.0,-60.4,-90.0,-71.0,-77.0,-80.0,bedroom_2
2017-04-10 14:59:24+00:00,-86.75,-90.0,-70.4,-87.33333333333333,-80.5,-82.0,-60.5,-81.0,-77.5,-74.5,-80.6,bedroom_2
2017-04-10 14:59:25+00:00,-83.66666666666667,-90.5,-77.75,-85.5,-74.0,-87.0,-62.5,-91.0,-72.5,-74.0,-79.0,bedroom_2
2017-04-10 14:59:26+00:00,-89.33333333333333,-95.0,-70.6,-78.75,-96.0,-79.66666666666667,-65.2,-85.5,-70.0,-66.5,-83.0,bedroom_2
2017-04-10 14:59:33+00:00,-81.0,-94.5,-59.666666666666664,-78.0,-87.0,-80.0,-54.75,-92.0,-77.0,-70.0,-79.0,bedroom_2
2017-04-10 14:59:34+00:00,-81.33333333333333,-91.25,-66.66666666666667,-82.2,-82.66666666666667,-79.2,-65.75,-82.5,-64.66666666666667,-65.25,-76.5,bedroom_2
2017-04-10 14:59:35+00:00,-78.5,-90.33333333333333,-63.0,-78.2,-77.5,-81.25,-57.4,-91.5,-78.25,-67.8,-78.5,bedroom_2
2017-04-10 14:59:36+00:00,-79.5,-90.0,-61.5,-79.0,-78.0,-89.5,-69.33333333333333,-120.0,-67.25,-72.0,-77.75,bedroom_2
2017-04-10 14:59:37+00:00,-87.0,-90.0,-74.75,-84.5,-90.0,-83.2,-62.75,-78.0,-71.25,-70.6,-65.25,bedroom_2
2017-04-10 14:59:39+00:00,-84.75,-82.0,-55.4,-64.5,-82.5,-86.0,-58.2,-88.0,-70.5,-67.66666666666667,-83.33333333333333,bedroom_2
2017-04-10 14:59:40+00:00,-86.0,-87.0,-57.75,-56.0,-86.0,-84.25,-52.5,-91.66666666666667,-75.66666666666667,-57.333333333333336,-82.0,bedroom_2
2017-04-10 14:59:41+00:00,-120.0,-92.0,-55.75,-62.5,-92.0,-80.66666666666667,-61.0,-84.0,-62.333333333333336,-75.25,-93.0,bedroom_2
2017-04-10 14:59:42+00:00,-83.5,-92.0,-68.0,-63.6,-87.5,-79.5,-44.25,-93.5,-68.0,-58.6,-79.5,bedroom_2
2017-04-10 14:59:43+00:00,-93.0,-91.0,-67.33333333333333,-74.25,-80.0,-73.75,-47.75,-84.0,-65.6,-58.0,-86.2,bedroom_2
2017-04-10 14:59:44+00:00,-84.5,-85.0,-60.0,-73.5,-85.0,-84.0,-42.5,-84.5,-65.33333333333333,-60.666666666666664,-79.66666666666667,bedroom_2
2017-04-10 14:59:45+00:00,-85.66666666666667,-101.0,-66.25,-69.5,-77.8,-81.25,-42.8,-120.0,-65.0,-62.25,-79.0,bedroom_2
2017-04-10 14:59:46+00:00,-90.75,-85.0,-57.2,-73.8,-87.75,-76.2,-49.6,-103.0,-65.75,-54.25,-77.5,bedroom_2
2017-04-10 14:59:47+00:00,-84.0,-120.0,-58.0,-72.5,-85.0,-78.33333333333333,-55.2,-93.66666666666667,-67.25,-54.0,-78.33333333333333,bedroom_2
2017-04-10 14:59:48+00:00,-74.0,-83.0,-68.0,-85.75,-79.66666666666667,-89.0,-60.666666666666664,-81.5,-76.5,-65.75,-74.25,bedroom_2
2017-04-10 14:59:49+00:00,-84.25,-88.5,-69.75,-81.5,-83.5,-77.0,-69.33333333333333,-89.25,-64.66666666666667,-66.8,-79.2,bedroom_2
2017-04-10 14:59:50+00:00,-83.0,-94.0,-69.25,-84.5,-83.0,-86.25,-75.0,-87.75,-82.0,-74.33333333333333,-78.33333333333333,bedroom_2
2017-04-10 14:59:51+00:00,-77.5,-86.0,-78.75,-87.5,-89.0,-86.0,-74.8,-86.0,-69.0,-79.5,-80.25,hallway_upper
2017-04-10 14:59:52+00:00,-83.2,-85.33333333333333,-77.25,-81.0,-84.5,-82.0,-80.66666666666667,-92.0,-83.0,-68.0,-71.5,hallway_upper
2017-04-10 14:59:53+00:00,-83.6,-94.0,-81.66666666666667,-89.0,-85.66666666666667,-78.75,-60.6,-82.5,-75.2,-62.333333333333336,-71.0,hallway_upper
2017-04-10 14:59:54+00:00,-80.0,-85.5,-71.75,-76.4,-86.75,-74.8,-60.8,-82.25,-74.75,-59.4,-80.4,hallway_upper
2017-04-10 14:59:55+00:00,-75.6,-94.75,-65.25,-74.0,-87.0,-73.0,-67.75,-85.0,-72.5,-59.0,-81.0,hallway_upper
2017-04-10 14:59:56+00:00,-87.66666666666667,-84.0,-56.5,-70.0,-71.33333333333333,-65.8,-83.5,-94.0,-120.0,-54.0,-77.0,bedroom_1
2017-04-10 14:59:57+00:00,-84.0,-81.25,-49.0,-60.4,-69.0,-57.0,-68.5,-120.0,-78.0,-72.2,-89.0,bedroom_1
2017-04-10 14:59:58+00:00,-88.0,-82.5,-51.75,-62.5,-74.25,-66.25,-73.0,-99.0,-67.5,-74.0,-83.33333333333333,bedroom_1
2017-04-10 14:59:59+00:00,-81.4,-77.0,-51.0,-60.0,-68.5,-65.0,-72.6,-86.0,-80.5,-60.0,-85.5,bedroom_1
2017-04-10 15:00:00+00:00,-79.75,-77.33333333333333,-51.25,-61.4,-76.6,-73.0,-75.75,-91.0,-79.0,-66.0,-90.25,bedroom_1
2017-04-10 15:01:24+00:00,-86.75,-79.0,-57.5,-67.75,-71.5,-69.8,-75.0,-100.0,-79.0,-72.4,-85.0,bedroom_1
2017-04-10 15:01:33+00:00,-80.75,-75.8,-58.5,-67.75,-75.33333333333333,-66.4,-71.66666666666667,-87.5,-82.5,-65.25,-84.5,bedroom_1
2017-04-10 15:02:23+00:00,-84.75,-80.0,-68.6,-66.66666666666667,-75.5,-76.8,-64.75,-94.5,-76.66666666666667,-69.66666666666667,-89.5,bedroom_1
2017-04-10 15:02:24+00:00,-81.5,-85.5,-58.8,-73.0,-72.33333333333333,-75.25,-74.6,-85.0,-83.0,-56.666666666666664,-95.0,bedroom_1
2017-04-10 15:02:30+00:00,-87.0,-83.5,-59.5,-69.66666666666667,-70.0,-80.25,-77.4,-95.0,-83.4,-61.0,-89.25,bedroom_1
2017-04-10 15:02:31+00:00,-74.66666666666667,-86.33333333333333,-54.0,-71.2,-73.8,-64.5,-76.0,-120.0,-79.5,-65.0,-80.75,bedroom_1
2017-04-10 15:02:45+00:00,-85.5,-83.33333333333333,-59.75,-61.5,-75.66666666666667,-70.0,-74.0,-100.0,-79.5,-63.5,-86.0,bedroom_1
2017-04-10 15:03:05+00:00,-81.0,-80.0,-62.0,-57.333333333333336,-77.25,-76.25,-66.5,-120.0,-88.0,-60.0,-85.0,bedroom_1
2017-04-10 15:03:06+00:00,-77.33333333333333,-89.0,-53.5,-68.0,-81.0,-84.75,-66.0,-90.5,-74.0,-55.666666666666664,-83.0,bedroom_1
2017-04-10 15:03:08+00:00,-81.0,-83.5,-62.5,-70.33333333333333,-82.0,-69.5,-69.5,-84.5,-96.0,-55.5,-86.33333333333333,bedroom_1
2017-04-10 15:03:09+00:00,-81.0,-91.0,-66.0,-65.75,-82.75,-77.5,-73.25,-98.0,-120.0,-66.8,-87.25,bedroom_1
2017-04-10 15:03:13+00:00,-88.0,-83.6,-60.666666666666664,-70.4,-73.0,-69.0,-80.0,-120.0,-94.0,-63.2,-88.75,bedroom_1
2017-04-10 15:03:26+00:00,-77.25,-82.0,-57.666666666666664,-74.66666666666667,-85.33333333333333,-67.25,-70.75,-95.5,-79.33333333333333,-69.33333333333333,-81.0,bedroom_1
2017-04-10 15:03:27+00:00,-88.6,-84.66666666666667,-56.2,-69.5,-79.25,-72.25,-71.0,-85.0,-81.75,-66.2,-96.33333333333333,bedroom_1
2017-04-10 15:03:30+00:00,-86.0,-83.8,-46.75,-64.0,-67.6,-67.75,-61.6,-120.0,-76.0,-67.8,-88.0,bedroom_1
2017-04-10 15:03:31+00:00,-120.0,-81.75,-53.333333333333336,-66.0,-70.75,-62.25,-72.33333333333333,-97.0,-68.5,-77.0,-84.0,bedroom_1
2017-04-10 15:03:33+00:00,-88.5,-86.0,-66.0,-53.0,-61.0,-76.4,-93.0,-120.0,-72.0,-80.0,-86.0,bedroom_1
2017-04-10 15:03:36+00:00,-88.5,-82.8,-52.25,-68.25,-65.0,-64.5,-69.0,-87.0,-77.25,-70.0,-83.4,bedroom_1
2017-04-10 15:03:38+00:00,-120.0,-80.75,-59.25,-56.0,-53.8,-73.25,-79.33333333333333,-120.0,-78.25,-66.75,-88.25,bedroom_1
2017-04-10 15:03:41+00:00,-88.0,-85.25,-65.0,-59.8,-56.5,-63.2,-78.33333333333333,-120.0,-80.66666666666667,-69.0,-91.0,bedroom_1
2017-04-10 15:03:46+00:00,-120.0,-87.33333333333333,-63.5,-64.25,-58.25,-74.75,-82.66666666666667,-120.0,-92.66666666666667,-78.0,-84.0,bedroom_1
2017-04-10 15:03:47+00:00,-120.0,-83.75,-65.0,-57.75,-56.0,-69.0,-74.25,-120.0,-96.0,-67.25,-120.0,bedroom_1
2017-04-10 15:04:00+00:00,-85.0,-85.6,-69.4,-54.0,-60.75,-69.2,-82.0,-120.0,-72.33333333333333,-74.0,-83.66666666666667,bedroom_1
2017-04-10 15:04:01+00:00,-120.0,-84.33333333333333,-68.33333333333333,-48.5,-66.0,-70.0,-75.0,-85.5,-86.0,-78.5,-90.5,bedroom_1
2017-04-10 15:04:04+00:00,-120.0,-83.0,-61.8,-62.4,-59.75,-60.0,-72.75,-120.0,-89.0,-80.4,-81.0,bedroom_1
2017-04-10 15:04:05+00:00,-98.0,-89.0,-70.0,-58.2,-58.4,-66.0,-78.25,-120.0,-83.66666666666667,-75.0,-86.5,bedroom_1
2017-04-10 15:04:06+00:00,-94.0,-87.75,-65.0,-55.0,-68.25,-63.0,-75.0,-120.0,-94.0,-73.75,-85.0,bedroom_1
2017-04-10 15:04:07+00:00,-120.0,-92.0,-64.0,-65.5,-57.333333333333336,-69.4,-74.33333333333333,-120.0,-79.33333333333333,-78.66666666666667,-83.5,bedroom_1
2017-04-10 15:04:08+00:00,-86.0,-90.75,-68.75,-72.5,-79.5,-78.25,-77.0,-120.0,-84.0,-75.0,-99.0,bedroom_1
2017-04-10 15:04:09+00:00,-89.5,-86.0,-68.4,-66.66666666666667,-74.33333333333333,-75.0,-77.0,-120.0,-82.0,-70.5,-90.33333333333333,bedroom_1
2017-04-10 15:04:10+00:00,-88.0,-76.8,-66.4,-58.0,-73.2,-68.4,-74.5,-120.0,-84.5,-73.4,-92.5,bedroom_1
2017-04-10 15:04:11+00:00,-86.5,-83.5,-76.66666666666667,-56.666666666666664,-70.66666666666667,-65.75,-75.0,-99.0,-83.5,-77.33333333333333,-78.0,bedroom_1
2017-04-10 15:04:24+00:00,-88.75,-79.0,-63.0,-56.5,-68.75,-69.75,-69.0,-120.0,-80.66666666666667,-72.5,-93.0,bedroom_1
2017-04-10 15:04:25+00:00,-120.0,-87.2,-56.8,-59.75,-74.5,-67.25,-71.5,-120.0,-74.0,-76.0,-92.25,bedroom_1
2017-04-10 15:04:26+00:00,-79.33333333333333,-82.5,-60.2,-56.333333333333336,-75.66666666666667,-69.4,-75.8,-120.0,-81.5,-73.66666666666667,-91.5,bedroom_1
2017-04-10 15:04:27+00:00,-84.5,-82.66666666666667,-61.666666666666664,-55.75,-78.75,-68.75,-69.25,-120.0,-80.0,-74.75,-88.0,bedroom_1
2017-04-10 15:04:28+00:00,-90.0,-90.0,-68.75,-57.666666666666664,-80.5,-59.75,-69.75,-120.0,-83.0,-78.33333333333333,-100.0,bedroom_1
2017-04-10 15:04:29+00:00,-85.0,-83.33333333333333,-61.2,-52.333333333333336,-67.5,-55.8,-68.25,-120.0,-81.0,-65.5,-91.5,bedroom_1
2017-04-10 15:04:30+00:00,-86.0,-74.33333333333333,-61.0,-57.0,-73.5,-62.6,-79.66666666666667,-120.0,-89.0,-73.25,-120.0,bedroom_1
2017-04-10 15:04:31+00:00,-84.2,-81.0,-69.5,-62.4,-80.2,-58.0,-76.25,-120.0,-87.0,-68.4,-85.75,bedroom_1
2017-04-10 15:04:32+00:00,-76.33333333333333,-73.33333333333333,-63.5,-70.0,-73.0,-70.5,-64.66666666666667,-89.0,-68.0,-63.0,-83.0,bedroom_1
2017-04-10 15:04:33+00:00,-88.0,-79.0,-53.0,-64.75,-73.4,-76.6,-74.25,-120.0,-70.0,-69.8,-87.75,bedroom_1
2017-04-10 15:04:52+00:00,-85.25,-84.0,-56.2,-59.75,-76.6,-66.75,-84.0,-120.0,-120.0,-64.66666666666667,-87.0,bedroom_1
2017-04-10 15:04:53+00:00,-92.0,-83.6,-67.75,-60.2,-69.5,-61.6,-76.33333333333333,-120.0,-89.5,-70.0,-87.0,bedroom_1
2017-04-10 15:04:54+00:00,-75.66666666666667,-87.2,-71.75,-68.2,-81.4,-56.333333333333336,-73.5,-89.0,-82.66666666666667,-62.0,-86.5,bedroom_1
2017-04-10 15:04:55+00:00,-71.25,-78.0,-54.333333333333336,-66.0,-77.0,-66.66666666666667,-78.0,-91.0,-120.0,-63.333333333333336,-88.25,bedroom_1
2017-04-10 15:04:56+00:00,-63.666666666666664,-80.25,-63.5,-74.0,-78.0,-77.66666666666667,-75.75,-89.25,-78.0,-59.666666666666664,-88.0,bedroom_1
2017-04-10 15:04:57+00:00,-63.0,-79.33333333333333,-66.5,-81.0,-86.33333333333333,-80.5,-79.8,-85.25,-73.66666666666667,-58.2,-88.25,bedroom_1
2017-04-10 15:04:58+00:00,-84.5,-85.8,-67.0,-66.8,-75.0,-68.2,-80.0,-120.0,-84.0,-69.4,-88.0,bedroom_1
2017-04-10 15:04:59+00:00,-86.6,-86.25,-58.666666666666664,-61.4,-72.6,-67.6,-71.5,-91.0,-84.0,-69.75,-89.75,bedroom_1
2017-04-10 15:05:00+00:00,-80.66666666666667,-79.66666666666667,-62.2,-52.0,-74.75,-73.0,-72.75,-83.33333333333333,-72.33333333333333,-66.5,-90.0,bedroom_1
2017-04-10 15:05:01+00:00,-85.5,-83.5,-60.5,-64.25,-79.75,-68.5,-68.8,-92.0,-86.66666666666667,-63.2,-84.5,bedroom_1
2017-04-10 15:05:02+00:00,-84.33333333333333,-79.0,-63.6,-58.2,-71.0,-64.6,-72.5,-86.0,-78.2,-73.5,-85.33333333333333,bedroom_1
2017-04-10 15:05:03+00:00,-83.5,-70.5,-65.0,-58.333333333333336,-61.666666666666664,-67.5,-72.0,-120.0,-73.33333333333333,-68.25,-93.25,bedroom_1
2017-04-10 15:05:04+00:00,-79.6,-86.0,-68.0,-71.0,-66.66666666666667,-73.33333333333333,-85.0,-87.0,-77.0,-66.66666666666667,-92.0,bedroom_1
2017-04-10 15:05:09+00:00,-80.0,-80.8,-62.5,-63.4,-72.4,-73.75,-85.33333333333333,-120.0,-77.5,-58.4,-88.0,bedroom_1
2017-04-10 15:05:10+00:00,-85.25,-79.75,-60.0,-63.25,-68.75,-65.75,-70.0,-89.0,-89.0,-68.75,-93.0,bedroom_1
2017-04-10 15:05:11+00:00,-90.25,-85.5,-51.666666666666664,-63.75,-74.0,-70.8,-58.5,-91.0,-84.33333333333333,-71.66666666666667,-87.5,bedroom_1
2017-04-10 15:05:12+00:00,-84.5,-85.66666666666667,-53.6,-58.666666666666664,-75.0,-78.25,-72.5,-120.0,-120.0,-63.25,-89.0,bedroom_1
2017-04-10 15:05:13+00:00,-82.75,-88.5,-56.5,-66.75,-86.0,-76.5,-64.8,-120.0,-80.0,-54.666666666666664,-81.5,bedroom_1
2017-04-10 15:05:14+00:00,-91.33333333333333,-79.25,-51.75,-67.2,-69.4,-74.0,-67.5,-85.0,-87.0,-72.25,-85.33333333333333,bedroom_1
2017-04-10 15:05:15+00:00,-87.0,-86.0,-52.5,-61.75,-74.8,-69.0,-68.0,-92.5,-120.0,-68.6,-87.0,bedroom_1
2017-04-10 15:05:16+00:00,-91.0,-81.0,-49.5,-67.0,-67.75,-65.0,-71.66666666666667,-120.0,-80.0,-69.0,-83.5,bedroom_1
2017-04-10 15:05:17+00:00,-120.0,-94.5,-71.0,-64.66666666666667,-63.0,-68.66666666666667,-76.5,-120.0,-87.33333333333333,-75.0,-91.0,bedroom_1
2017-04-10 15:05:18+00:00,-120.0,-86.5,-64.75,-67.5,-74.0,-72.2,-81.33333333333333,-120.0,-80.0,-73.0,-89.0,bedroom_1
2017-04-10 15:05:19+00:00,-120.0,-79.66666666666667,-68.6,-62.75,-63.4,-68.33333333333333,-79.25,-120.0,-85.0,-77.4,-90.0,bedroom_1
2017-04-10 15:05:20+00:00,-88.66666666666667,-92.0,-67.33333333333333,-64.5,-67.33333333333333,-66.75,-81.0,-120.0,-120.0,-81.0,-120.0,bedroom_1
2017-04-10 15:05:21+00:00,-120.0,-82.5,-73.4,-63.25,-62.5,-62.333333333333336,-79.25,-120.0,-83.0,-77.0,-120.0,bedroom_1
2017-04-10 15:05:22+00:00,-120.0,-85.5,-69.0,-65.0,-60.666666666666664,-59.4,-76.0,-120.0,-84.5,-73.5,-93.5,bedroom_1
2017-04-10 15:05:23+00:00,-86.0,-85.5,-63.666666666666664,-59.4,-55.8,-61.0,-83.0,-120.0,-87.0,-75.8,-98.0,bedroom_1
2017-04-10 15:05:24+00:00,-120.0,-81.5,-65.75,-53.8,-60.6,-61.4,-90.0,-120.0,-75.5,-76.0,-87.0,bedroom_1
2017-04-10 15:05:25+00:00,-84.0,-78.33333333333333,-65.4,-58.25,-65.25,-75.25,-84.33333333333333,-120.0,-85.0,-78.25,-120.0,bedroom_1
2017-04-10 15:05:26+00:00,-98.0,-81.25,-68.0,-63.333333333333336,-68.66666666666667,-70.6,-84.25,-120.0,-93.0,-81.5,-89.0,bedroom_1
2017-04-10 15:05:27+00:00,-91.5,-87.0,-73.2,-71.0,-69.75,-70.8,-89.0,-120.0,-120.0,-81.5,-120.0,bedroom_1
2017-04-10 15:05:28+00:00,-85.66666666666667,-82.8,-66.33333333333333,-50.6,-75.4,-64.25,-80.66666666666667,-120.0,-83.0,-67.2,-84.0,bedroom_1
2017-04-10 15:05:29+00:00,-83.0,-81.25,-65.66666666666667,-56.666666666666664,-69.66666666666667,-67.5,-71.33333333333333,-120.0,-73.0,-75.5,-83.0,bedroom_1
2017-04-10 15:05:30+00:00,-89.0,-81.0,-69.0,-66.75,-59.2,-70.6,-76.66666666666667,-120.0,-79.66666666666667,-68.4,-87.0,bedroom_1
2017-04-10 15:05:31+00:00,-93.5,-78.0,-65.2,-63.25,-70.0,-66.33333333333333,-77.6,-120.0,-85.0,-77.5,-91.0,bedroom_1
2017-04-10 15:05:32+00:00,-86.0,-80.0,-66.25,-60.75,-59.0,-61.0,-68.5,-120.0,-77.0,-66.33333333333333,-79.5,bedroom_1
2017-04-10 15:05:33+00:00,-80.5,-76.5,-62.6,-59.333333333333336,-59.0,-63.0,-74.0,-120.0,-81.0,-70.4,-90.0,bedroom_1
2017-04-10 15:05:34+00:00,-83.0,-72.33333333333333,-57.0,-56.0,-75.0,-67.5,-77.66666666666667,-120.0,-73.5,-72.75,-87.0,bedroom_1
2017-04-10 15:05:35+00:00,-84.66666666666667,-86.0,-57.5,-56.25,-82.25,-74.66666666666667,-71.0,-96.0,-83.0,-72.66666666666667,-92.5,bedroom_1
2017-04-10 15:05:36+00:00,-87.0,-82.33333333333333,-66.0,-62.0,-75.0,-59.0,-72.5,-120.0,-90.5,-76.0,-120.0,bedroom_1
2017-04-10 15:05:37+00:00,-87.0,-86.4,-60.8,-61.75,-76.0,-59.0,-77.33333333333333,-99.0,-120.0,-70.75,-89.0,bedroom_1
2017-04-10 15:05:38+00:00,-85.5,-84.75,-70.0,-61.75,-77.25,-71.25,-85.5,-90.0,-81.0,-75.0,-95.0,bedroom_1
2017-04-10 15:05:39+00:00,-83.0,-79.25,-64.5,-66.6,-79.0,-57.0,-82.66666666666667,-98.0,-86.0,-74.8,-81.75,bedroom_1
2017-04-10 15:05:40+00:00,-81.66666666666667,-85.66666666666667,-60.5,-53.5,-79.33333333333333,-62.6,-85.5,-120.0,-73.0,-79.0,-78.0,bedroom_1
2017-04-10 15:05:41+00:00,-76.0,-82.25,-64.0,-68.25,-81.66666666666667,-74.4,-71.25,-120.0,-82.0,-67.5,-80.5,bedroom_1
2017-04-10 15:05:42+00:00,-74.5,-88.5,-71.2,-70.66666666666667,-74.0,-73.0,-70.5,-100.0,-82.0,-68.75,-96.0,bedroom_1
2017-04-10 15:05:43+00:00,-82.4,-80.33333333333333,-70.25,-71.25,-80.25,-67.0,-78.33333333333333,-94.5,-88.0,-62.0,-83.0,bedroom_1
2017-04-10 15:05:44+00:00,-86.5,-79.33333333333333,-77.0,-73.0,-77.66666666666667,-73.5,-84.0,-120.0,-83.0,-65.66666666666667,-89.0,bedroom_1
2017-04-10 15:05:45+00:00,-87.0,-85.25,-59.5,-69.2,-80.4,-78.75,-83.25,-88.5,-83.5,-65.33333333333333,-83.0,bedroom_1
2017-04-10 15:05:46+00:00,-76.4,-82.25,-68.75,-69.0,-92.0,-71.66666666666667,-75.33333333333333,-89.5,-75.0,-64.5,-85.0,bedroom_1
2017-04-10 15:05:47+00:00,-86.5,-85.0,-69.75,-71.5,-77.0,-81.75,-84.5,-120.0,-76.0,-62.6,-120.0,bedroom_1
2017-04-10 15:05:48+00:00,-86.0,-89.5,-68.0,-70.0,-77.2,-73.0,-88.5,-120.0,-95.0,-68.8,-86.66666666666667,bedroom_1
2017-04-10 15:05:49+00:00,-84.25,-85.75,-76.33333333333333,-65.0,-70.33333333333333,-70.25,-71.5,-120.0,-89.0,-82.0,-87.5,bedroom_1
2017-04-10 15:05:50+00:00,-88.33333333333333,-92.5,-75.33333333333333,-67.75,-81.25,-69.0,-76.0,-120.0,-92.0,-69.75,-95.5,bedroom_1
2017-04-10 15:05:51+00:00,-94.0,-87.66666666666667,-64.75,-51.333333333333336,-74.5,-65.8,-71.0,-120.0,-79.66666666666667,-73.75,-90.25,bedroom_1
2017-04-10 15:05:52+00:00,-90.0,-78.5,-62.4,-64.4,-64.33333333333333,-69.25,-79.33333333333333,-120.0,-85.0,-70.8,-98.0,bedroom_1
2017-04-10 15:05:53+00:00,-75.0,-83.5,-68.0,-74.0,-77.66666666666667,-76.25,-79.0,-120.0,-78.0,-61.666666666666664,-84.5,bedroom_1
2017-04-10 15:05:54+00:00,-80.75,-77.75,-68.0,-64.0,-80.5,-80.66666666666667,-79.0,-84.0,-77.5,-61.0,-120.0,bedroom_1
2017-04-10 15:05:57+00:00,-83.75,-78.5,-62.666666666666664,-67.6,-75.0,-72.5,-78.0,-93.0,-84.0,-64.0,-88.5,bedroom_1
2017-04-10 15:05:58+00:00,-83.0,-85.4,-62.8,-65.4,-79.4,-76.8,-83.0,-82.0,-90.33333333333333,-72.6,-95.66666666666667,bedroom_1
2017-04-10 15:06:01+00:00,-84.66666666666667,-80.0,-69.25,-63.75,-75.4,-65.0,-82.4,-120.0,-84.0,-64.5,-88.66666666666667,bedroom_1
2017-04-10 15:06:02+00:00,-86.6,-88.0,-71.33333333333333,-74.0,-79.25,-77.5,-85.0,-120.0,-75.0,-76.33333333333333,-89.75,bedroom_1
2017-04-10 15:06:07+00:00,-87.5,-81.0,-60.0,-66.0,-80.25,-65.0,-75.6,-85.0,-72.0,-70.0,-90.33333333333333,bedroom_1
2017-04-10 15:06:08+00:00,-76.0,-71.25,-50.75,-66.8,-66.66666666666667,-60.2,-60.666666666666664,-86.66666666666667,-84.0,-60.6,-80.0,bedroom_1
2017-04-10 15:06:09+00:00,-80.2,-80.33333333333333,-53.0,-66.5,-73.25,-65.4,-73.6,-120.0,-83.0,-64.0,-76.66666666666667,bedroom_1
2017-04-10 15:06:10+00:00,-84.2,-81.0,-58.0,-61.4,-76.25,-81.0,-73.0,-94.0,-120.0,-62.8,-87.33333333333333,bedroom_1
2017-04-10 15:06:12+00:00,-85.0,-84.8,-55.0,-65.0,-70.0,-72.0,-65.0,-102.0,-88.66666666666667,-66.66666666666667,-81.5,bedroom_1
2017-04-10 15:06:13+00:00,-82.0,-80.4,-54.25,-72.0,-73.5,-67.0,-70.5,-91.0,-89.0,-65.6,-81.0,bedroom_1
2017-04-10 15:06:14+00:00,-89.33333333333333,-87.0,-53.0,-58.0,-70.5,-72.25,-81.0,-91.0,-76.0,-68.5,-85.0,bedroom_1
2017-04-10 15:06:45+00:00,-89.33333333333333,-88.0,-70.6,-70.0,-75.0,-71.75,-78.0,-91.0,-91.5,-73.0,-85.66666666666667,bedroom_1
2017-04-10 15:06:46+00:00,-82.66666666666667,-80.75,-73.66666666666667,-72.33333333333333,-73.25,-80.0,-82.5,-93.0,-88.0,-66.0,-86.66666666666667,hallway_upper
2017-04-10 15:06:47+00:00,-73.66666666666667,-80.4,-55.333333333333336,-66.8,-80.8,-71.0,-81.33333333333333,-120.0,-79.0,-67.2,-81.5,bedroom_1
2017-04-10 15:06:48+00:00,-81.0,-88.66666666666667,-67.4,-64.5,-76.5,-76.0,-75.0,-120.0,-82.0,-63.666666666666664,-84.2,bedroom_1
2017-04-10 15:06:49+00:00,-84.8,-86.33333333333333,-59.0,-60.5,-79.5,-83.75,-76.0,-120.0,-87.5,-65.8,-80.33333333333333,bedroom_1
2017-04-10 15:06:50+00:00,-84.25,-87.66666666666667,-59.25,-61.0,-70.0,-72.8,-71.0,-120.0,-70.0,-66.8,-82.0,bedroom_1
2017-04-10 15:06:51+00:00,-85.0,-84.5,-65.0,-65.25,-74.2,-71.75,-77.6,-120.0,-82.66666666666667,-65.8,-81.75,bedroom_1
2017-04-10 15:06:52+00:00,-83.66666666666667,-84.5,-65.2,-58.0,-73.5,-79.33333333333333,-73.66666666666667,-120.0,-76.0,-62.75,-76.75,bedroom_1
2017-04-10 15:06:53+00:00,-86.0,-87.33333333333333,-60.6,-64.5,-82.0,-80.5,-73.0,-120.0,-80.5,-58.666666666666664,-81.66666666666667,bedroom_1
2017-04-10 15:06:54+00:00,-83.5,-88.0,-63.2,-61.75,-72.5,-73.66666666666667,-74.33333333333333,-120.0,-82.5,-62.5,-80.66666666666667,bedroom_1
2017-04-10 15:06:55+00:00,-79.66666666666667,-83.75,-65.0,-67.5,-74.8,-74.33333333333333,-82.2,-120.0,-86.5,-65.0,-88.8,bedroom_1
2017-04-10 15:06:56+00:00,-79.33333333333333,-85.0,-64.0,-68.66666666666667,-76.33333333333333,-74.25,-78.66666666666667,-87.0,-91.0,-70.5,-88.0,bedroom_1
2017-04-10 15:06:57+00:00,-79.0,-89.5,-63.666666666666664,-62.8,-76.5,-66.8,-80.6,-120.0,-120.0,-67.2,-89.8,bedroom_1
2017-04-10 15:06:58+00:00,-85.33333333333333,-81.4,-62.333333333333336,-58.25,-83.75,-76.0,-68.0,-120.0,-84.33333333333333,-72.4,-85.0,bedroom_1
2017-04-10 15:07:06+00:00,-83.5,-83.5,-64.33333333333333,-61.0,-79.0,-75.6,-75.2,-87.0,-78.0,-68.75,-120.0,bedroom_1
2017-04-10 15:07:07+00:00,-85.6,-84.75,-73.25,-66.0,-78.5,-79.75,-75.0,-120.0,-120.0,-66.0,-87.0,bedroom_1
2017-04-10 15:07:08+00:00,-79.25,-83.0,-80.33333333333333,-78.25,-86.5,-72.2,-83.25,-90.0,-78.5,-64.8,-78.5,hallway_upper
2017-04-10 15:07:11+00:00,-81.0,-83.5,-72.66666666666667,-68.5,-71.25,-80.66666666666667,-75.66666666666667,-86.0,-72.0,-60.25,-87.0,bedroom_1
2017-04-10 15:07:12+00:00,-81.66666666666667,-80.6,-63.666666666666664,-76.25,-79.75,-67.25,-92.0,-120.0,-85.0,-66.5,-89.0,bedroom_1
2017-04-10 15:07:13+00:00,-81.2,-89.0,-62.2,-60.75,-81.0,-72.0,-73.8,-120.0,-78.5,-65.0,-85.5,bedroom_1
2017-04-10 15:07:21+00:00,-84.25,-81.66666666666667,-73.75,-70.4,-83.2,-80.2,-87.0,-120.0,-88.0,-68.8,-87.66666666666667,bedroom_1
2017-04-10 15:07:22+00:00,-83.0,-86.0,-57.6,-63.0,-82.66666666666667,-75.6,-63.5,-94.0,-83.33333333333333,-65.0,-83.0,bedroom_1
2017-04-10 15:07:23+00:00,-79.75,-81.33333333333333,-64.5,-61.5,-79.75,-77.0,-71.6,-89.0,-87.25,-68.0,-85.75,bedroom_1
2017-04-10 15:07:24+00:00,-82.0,-80.33333333333333,-60.666666666666664,-63.0,-76.25,-73.0,-82.66666666666667,-120.0,-76.5,-75.66666666666667,-93.66666666666667,bedroom_1
2017-04-10 15:07:25+00:00,-86.33333333333333,-86.5,-56.0,-58.75,-71.8,-74.8,-72.33333333333333,-84.0,-77.0,-76.75,-84.5,bedroom_1
2017-04-10 15:07:26+00:00,-90.0,-88.66666666666667,-56.0,-57.75,-71.75,-64.33333333333333,-75.6,-120.0,-82.0,-70.0,-91.5,bedroom_1
2017-04-10 15:07:27+00:00,-85.5,-84.66666666666667,-64.0,-56.75,-77.25,-69.66666666666667,-77.66666666666667,-88.25,-85.5,-67.25,-86.0,bedroom_1
2017-04-10 15:07:28+00:00,-87.0,-86.25,-54.666666666666664,-53.0,-74.0,-78.33333333333333,-79.75,-89.33333333333333,-79.5,-69.25,-90.0,bedroom_1
2017-04-10 15:07:29+00:00,-75.33333333333333,-89.0,-64.5,-58.25,-73.75,-73.2,-80.0,-83.0,-76.0,-71.66666666666667,-102.0,bedroom_1
2017-04-10 15:07:30+00:00,-87.0,-87.66666666666667,-59.5,-60.5,-72.5,-77.6,-78.33333333333333,-120.0,-87.0,-69.8,-99.0,bedroom_1
2017-04-10 15:07:31+00:00,-85.5,-89.75,-62.25,-58.4,-77.4,-72.2,-74.0,-120.0,-90.0,-77.0,-84.5,bedroom_1
2017-04-10 15:07:32+00:00,-80.0,-87.75,-66.0,-69.5,-78.25,-76.25,-69.0,-120.0,-78.66666666666667,-68.25,-79.0,bedroom_1
2017-04-10 15:07:33+00:00,-80.6,-86.33333333333333,-47.5,-64.8,-80.0,-72.0,-73.66666666666667,-85.0,-90.66666666666667,-74.4,-86.0,bedroom_1
2017-04-10 15:07:34+00:00,-78.5,-80.0,-52.75,-64.0,-85.25,-67.5,-59.4,-84.0,-77.33333333333333,-73.0,-85.6,bedroom_1
2017-04-10 15:07:35+00:00,-79.33333333333333,-90.4,-50.0,-58.5,-71.5,-69.25,-67.5,-89.0,-86.0,-72.5,-86.75,bedroom_1
2017-04-10 15:07:36+00:00,-93.5,-83.33333333333333,-54.5,-62.0,-77.75,-58.666666666666664,-66.25,-99.0,-75.5,-76.5,-85.66666666666667,bedroom_1
2017-04-10 15:07:37+00:00,-76.5,-87.66666666666667,-50.25,-52.0,-68.33333333333333,-69.6,-64.75,-84.0,-68.0,-64.5,-84.33333333333333,bedroom_1
2017-04-10 15:07:38+00:00,-86.66666666666667,-83.66666666666667,-51.333333333333336,-65.6,-70.0,-72.2,-59.8,-120.0,-83.25,-66.33333333333333,-80.2,bedroom_1
2017-04-10 15:07:39+00:00,-89.33333333333333,-83.5,-62.5,-69.0,-89.0,-74.5,-62.0,-120.0,-78.5,-63.5,-99.0,bedroom_1
2017-04-10 15:07:40+00:00,-78.5,-77.4,-53.0,-61.0,-74.4,-76.25,-64.8,-89.0,-86.0,-66.0,-85.33333333333333,bedroom_1
2017-04-10 15:07:41+00:00,-89.66666666666667,-87.0,-54.5,-58.0,-75.75,-73.4,-63.6,-86.0,-90.0,-66.75,-83.5,bedroom_1
2017-04-10 15:07:42+00:00,-82.66666666666667,-80.75,-58.6,-66.25,-78.25,-71.8,-57.0,-120.0,-78.5,-69.5,-84.66666666666667,bedroom_1
2017-04-10 15:07:44+00:00,-85.5,-75.75,-68.25,-66.75,-75.66666666666667,-63.5,-77.33333333333333,-120.0,-120.0,-79.33333333333333,-85.0,bedroom_1
2017-04-10 15:07:45+00:00,-86.0,-82.5,-66.6,-58.5,-72.0,-63.6,-77.5,-91.0,-78.0,-73.5,-96.0,bedroom_1
2017-04-10 15:07:46+00:00,-81.0,-82.2,-70.0,-64.5,-79.5,-73.4,-77.66666666666667,-91.0,-77.0,-71.0,-86.0,bedroom_1
2017-04-10 15:07:47+00:00,-77.8,-77.5,-69.5,-72.66666666666667,-70.0,-72.66666666666667,-77.75,-83.0,-92.0,-54.0,-89.66666666666667,hallway_upper
2017-04-10 15:07:48+00:00,-86.2,-85.66666666666667,-75.0,-73.4,-89.0,-82.33333333333333,-78.0,-77.0,-80.0,-64.25,-81.66666666666667,hallway_upper
2017-04-10 15:07:49+00:00,-75.0,-84.0,-77.25,-77.2,-83.0,-84.5,-74.75,-82.5,-74.66666666666667,-68.25,-79.0,hallway_upper
2017-04-10 15:07:50+00:00,-67.75,-83.25,-81.25,-84.33333333333333,-87.0,-84.66666666666667,-67.0,-81.0,-80.0,-68.0,-75.0,hallway_upper
2017-04-10 15:07:51+00:00,-67.66666666666667,-89.0,-79.5,-92.33333333333333,-92.66666666666667,-90.0,-73.4,-86.66666666666667,-75.66666666666667,-84.2,-78.8,bedroom_2
2017-04-10 15:07:52+00:00,-76.66666666666667,-120.0,-77.66666666666667,-93.33333333333333,-120.0,-84.33333333333333,-64.25,-120.0,-77.75,-81.0,-69.75,bedroom_2
2017-04-10 15:07:53+00:00,-86.75,-85.0,-80.5,-90.5,-120.0,-82.0,-68.66666666666667,-85.0,-69.5,-73.5,-77.75,bedroom_2
2017-04-10 15:07:54+00:00,-87.0,-120.0,-73.6,-88.33333333333333,-91.0,-81.0,-59.25,-83.0,-73.5,-72.25,-73.75,bedroom_2
2017-04-10 15:07:55+00:00,-90.0,-93.5,-73.4,-80.75,-85.0,-75.0,-63.333333333333336,-89.5,-64.8,-64.75,-78.8,bedroom_2
2017-04-10 15:07:56+00:00,-84.5,-84.5,-54.0,-75.66666666666667,-87.0,-85.25,-57.0,-84.0,-67.33333333333333,-57.333333333333336,-80.0,bedroom_2
2017-04-10 15:07:57+00:00,-82.33333333333333,-75.5,-67.6,-79.75,-74.5,-82.25,-69.25,-89.75,-75.66666666666667,-60.2,-73.33333333333333,bedroom_2
2017-04-10 15:07:58+00:00,-83.75,-84.0,-66.0,-74.66666666666667,-92.5,-83.5,-64.4,-78.33333333333333,-79.25,-75.66666666666667,-75.4,bedroom_2
2017-04-10 15:07:59+00:00,-78.66666666666667,-92.5,-63.333333333333336,-73.5,-87.0,-88.0,-67.75,-87.0,-89.0,-67.8,-72.75,bedroom_2
2017-04-10 15:08:08+00:00,-86.75,-98.0,-70.0,-75.5,-82.0,-78.0,-61.0,-120.0,-70.33333333333333,-71.0,-79.5,bedroom_2
2017-04-10 15:08:09+00:00,-86.66666666666667,-91.0,-83.0,-82.66666666666667,-120.0,-91.0,-72.0,-85.5,-76.0,-71.0,-75.2,bedroom_2
2017-04-10 15:08:10+00:00,-86.0,-120.0,-61.25,-88.0,-91.0,-91.33333333333333,-59.2,-91.0,-63.666666666666664,-69.0,-81.4,bedroom_2
2017-04-10 15:08:11+00:00,-120.0,-120.0,-66.66666666666667,-78.0,-78.0,-77.33333333333333,-53.0,-86.5,-73.6,-60.0,-71.75,bedroom_2
2017-04-10 15:08:12+00:00,-84.0,-93.0,-60.0,-70.0,-82.0,-81.0,-47.0,-90.66666666666667,-66.66666666666667,-51.25,-80.75,bedroom_2
2017-04-10 15:08:13+00:00,-88.0,-84.0,-62.6,-84.5,-79.0,-88.0,-40.25,-92.0,-66.8,-67.75,-80.75,bedroom_2
2017-04-10 15:08:14+00:00,-120.0,-120.0,-64.33333333333333,-84.33333333333333,-93.0,-89.0,-40.666666666666664,-92.5,-65.5,-64.0,-80.0,bedroom_2
2017-04-10 15:08:15+00:00,-84.0,-88.0,-55.5,-76.5,-92.0,-87.0,-44.75,-86.66666666666667,-65.0,-74.25,-81.0,bedroom_2
2017-04-10 15:08:16+00:00,-120.0,-90.0,-66.0,-81.66666666666667,-84.5,-89.75,-52.0,-89.0,-59.333333333333336,-65.0,-74.2,bedroom_2
2017-04-10 15:08:17+00:00,-120.0,-120.0,-63.0,-80.25,-97.0,-86.0,-51.0,-84.4,-69.0,-63.4,-76.8,bedroom_2
2017-04-10 15:08:18+00:00,-83.2,-90.5,-67.5,-77.8,-89.75,-84.5,-56.5,-84.0,-61.5,-63.4,-87.5,bedroom_2
2017-04-10 15:08:19+00:00,-79.2,-86.66666666666667,-71.6,-86.0,-100.0,-88.66666666666667,-71.0,-81.66666666666667,-67.5,-68.4,-75.75,bedroom_2
2017-04-10 15:08:20+00:00,-77.6,-89.0,-74.0,-81.5,-85.6,-86.0,-56.0,-89.75,-65.5,-65.4,-75.5,bedroom_2
2017-04-10 15:08:21+00:00,-80.0,-92.5,-72.33333333333333,-78.75,-86.0,-87.75,-66.75,-88.0,-71.25,-69.33333333333333,-74.75,bedroom_2
2017-04-10 15:08:22+00:00,-75.25,-89.0,-66.0,-79.2,-82.0,-83.66666666666667,-55.75,-82.0,-72.5,-63.2,-84.5,bedroom_2
2017-04-10 15:08:23+00:00,-82.4,-87.0,-64.75,-70.5,-85.5,-82.75,-57.25,-95.0,-61.75,-64.0,-75.25,bedroom_2
2017-04-10 15:08:24+00:00,-87.2,-87.5,-59.8,-81.4,-85.5,-81.0,-62.6,-92.0,-73.25,-73.75,-74.75,bedroom_2
2017-04-10 15:08:25+00:00,-93.5,-90.0,-65.33333333333333,-79.0,-83.0,-80.0,-55.75,-87.0,-70.33333333333333,-70.75,-80.0,bedroom_2
2017-04-10 15:08:26+00:00,-91.0,-83.66666666666667,-62.6,-81.25,-84.0,-82.6,-48.0,-88.0,-73.0,-71.0,-94.66666666666667,bedroom_2
2017-04-10 15:08:27+00:00,-83.0,-87.25,-63.2,-74.0,-120.0,-80.4,-58.0,-92.33333333333333,-70.0,-73.25,-79.25,bedroom_2
2017-04-10 15:08:28+00:00,-87.0,-89.8,-56.6,-75.4,-94.5,-80.0,-62.333333333333336,-88.0,-73.33333333333333,-72.8,-82.75,bedroom_2
2017-04-10 15:08:29+00:00,-90.5,-93.0,-62.666666666666664,-78.5,-86.0,-83.6,-59.0,-88.0,-61.0,-67.0,-80.0,bedroom_2
2017-04-10 15:08:30+00:00,-85.25,-87.25,-65.0,-79.25,-97.0,-80.5,-55.8,-90.33333333333333,-67.75,-70.0,-81.4,bedroom_2
2017-04-10 15:08:31+00:00,-87.0,-84.0,-63.0,-80.0,-77.0,-81.5,-63.2,-88.25,-73.5,-75.5,-71.0,bedroom_2
2017-04-10 15:08:32+00:00,-90.33333333333333,-85.0,-69.4,-73.5,-87.25,-75.0,-58.4,-82.33333333333333,-69.25,-70.25,-79.0,bedroom_2
2017-04-10 15:08:33+00:00,-85.66666666666667,-92.5,-70.0,-68.0,-78.0,-82.66666666666667,-52.6,-87.5,-77.0,-68.5,-87.66666666666667,bedroom_2
2017-04-10 15:08:34+00:00,-84.66666666666667,-83.0,-63.75,-74.8,-87.0,-80.5,-53.5,-101.0,-69.0,-63.4,-92.2,bedroom_2
2017-04-10 15:08:42+00:00,-85.75,-78.0,-60.2,-78.5,-83.5,-79.4,-62.2,-88.0,-77.66666666666667,-61.5,-70.33333333333333,bedroom_2
2017-04-10 15:08:44+00:00,-80.5,-103.0,-71.0,-83.75,-90.66666666666667,-83.33333333333333,-58.75,-80.0,-85.0,-58.2,-79.25,bedroom_2
2017-04-10 15:08:45+00:00,-87.0,-86.66666666666667,-60.4,-78.75,-85.0,-82.25,-61.8,-87.5,-76.33333333333333,-57.2,-84.6,bedroom_2
2017-04-10 15:09:00+00:00,-82.5,-93.66666666666667,-72.0,-79.0,-80.66666666666667,-86.0,-59.333333333333336,-81.5,-79.33333333333333,-59.0,-83.0,bedroom_2
2017-04-10 15:09:07+00:00,-80.75,-79.0,-73.5,-76.33333333333333,-94.25,-82.0,-64.6,-84.0,-70.5,-55.25,-76.4,bedroom_2
2017-04-10 15:09:08+00:00,-73.5,-93.5,-60.0,-73.75,-81.6,-83.6,-66.0,-88.0,-70.0,-51.666666666666664,-79.6,bedroom_2
2017-04-10 15:09:09+00:00,-86.66666666666667,-88.0,-70.25,-82.5,-85.0,-77.75,-67.0,-85.0,-75.0,-55.2,-83.5,bedroom_2
2017-04-10 15:09:21+00:00,-83.0,-87.66666666666667,-63.0,-77.0,-79.33333333333333,-71.0,-54.4,-80.0,-68.4,-54.0,-81.25,bedroom_2
2017-04-10 15:09:22+00:00,-89.66666666666667,-83.0,-69.75,-87.5,-88.0,-69.75,-55.8,-92.0,-79.66666666666667,-59.25,-75.33333333333333,bedroom_2
2017-04-10 15:09:23+00:00,-84.5,-84.66666666666667,-74.5,-74.6,-84.0,-79.0,-63.0,-87.0,-77.33333333333333,-56.2,-75.0,bedroom_2
2017-04-10 15:09:24+00:00,-85.0,-120.0,-66.0,-77.0,-120.0,-83.0,-71.0,-92.0,-55.0,-60.0,-75.66666666666667,bedroom_2
2017-04-10 15:09:25+00:00,-76.0,-86.0,-69.6,-85.0,-91.5,-78.5,-67.75,-89.25,-69.66666666666667,-76.75,-71.25,bedroom_2
2017-04-10 15:09:28+00:00,-77.5,-120.0,-75.6,-90.0,-81.5,-89.0,-70.33333333333333,-89.66666666666667,-75.0,-77.0,-73.2,bedroom_2
2017-04-10 15:09:29+00:00,-84.5,-87.0,-72.66666666666667,-87.0,-86.0,-88.0,-70.33333333333333,-93.5,-82.33333333333333,-78.33333333333333,-74.75,bedroom_2
2017-04-10 15:09:30+00:00,-82.5,-84.0,-78.0,-85.33333333333333,-91.33333333333333,-82.5,-74.25,-90.0,-71.0,-72.0,-71.0,bedroom_2
2017-04-10 15:09:34+00:00,-73.0,-85.33333333333333,-70.8,-89.0,-91.5,-83.5,-64.25,-84.0,-68.5,-71.66666666666667,-73.33333333333333,bedroom_2
2017-04-10 15:09:35+00:00,-78.0,-90.66666666666667,-72.0,-84.75,-85.5,-84.5,-71.33333333333333,-84.0,-72.66666666666667,-73.4,-74.8,bedroom_2
2017-04-10 15:09:36+00:00,-80.5,-87.0,-73.2,-81.6,-92.5,-94.0,-69.4,-84.0,-67.0,-80.0,-79.2,bedroom_2
2017-04-10 15:09:37+00:00,-81.0,-120.0,-83.33333333333333,-78.0,-94.0,-120.0,-76.75,-87.0,-81.66666666666667,-66.33333333333333,-79.75,bedroom_2
2017-04-10 15:09:38+00:00,-77.25,-89.0,-73.66666666666667,-88.25,-85.0,-81.5,-78.0,-92.0,-71.0,-78.6,-73.2,bedroom_2
2017-04-10 15:09:39+00:00,-73.25,-92.0,-66.5,-79.5,-98.0,-120.0,-64.33333333333333,-120.0,-82.0,-81.25,-74.5,bedroom_2
2017-04-10 15:09:40+00:00,-75.25,-87.0,-78.75,-90.0,-93.0,-85.0,-66.0,-85.0,-84.0,-78.33333333333333,-70.8,bedroom_2
2017-04-10 15:09:41+00:00,-89.0,-96.0,-82.33333333333333,-79.5,-85.0,-68.0,-65.0,-94.0,-78.75,-64.25,-72.5,bedroom_2
2017-04-10 15:09:42+00:00,-85.0,-87.33333333333333,-67.25,-84.5,-96.5,-81.5,-56.5,-79.0,-73.75,-66.0,-70.5,bedroom_2
2017-04-10 15:09:43+00:00,-83.33333333333333,-85.0,-62.666666666666664,-70.0,-86.0,-80.75,-46.333333333333336,-120.0,-68.0,-59.4,-82.33333333333333,bedroom_2
2017-04-10 15:09:44+00:00,-84.0,-87.0,-61.0,-77.25,-84.66666666666667,-71.0,-56.0,-96.0,-60.333333333333336,-59.2,-83.8,bedroom_2
2017-04-10 15:10:07+00:00,-78.66666666666667,-85.0,-60.75,-73.5,-84.5,-73.0,-63.666666666666664,-95.0,-73.5,-61.0,-79.75,bedroom_2
2017-04-10 15:10:12+00:00,-86.4,-86.0,-66.8,-82.0,-82.25,-91.66666666666667,-60.75,-89.0,-77.0,-57.0,-84.0,bedroom_2
2017-04-10 15:10:14+00:00,-87.33333333333333,-82.5,-59.4,-75.8,-82.0,-80.0,-61.0,-120.0,-71.25,-64.4,-81.5,bedroom_2
2017-04-10 15:10:19+00:00,-80.25,-83.0,-58.75,-71.66666666666667,-92.0,-83.0,-61.75,-87.5,-63.333333333333336,-61.666666666666664,-82.66666666666667,bedroom_2
2017-04-10 15:10:35+00:00,-87.5,-93.0,-60.333333333333336,-77.0,-84.2,-76.66666666666667,-69.75,-91.0,-72.0,-60.2,-83.66666666666667,bedroom_2
2017-04-10 15:10:36+00:00,-83.66666666666667,-84.33333333333333,-69.0,-85.0,-87.33333333333333,-78.25,-66.0,-101.0,-78.5,-63.0,-84.0,bedroom_2
2017-04-10 15:10:37+00:00,-89.66666666666667,-84.0,-60.5,-75.25,-82.75,-75.4,-58.0,-88.0,-87.5,-53.333333333333336,-78.66666666666667,bedroom_2
2017-04-10 15:10:38+00:00,-86.66666666666667,-88.5,-57.8,-81.5,-87.5,-82.66666666666667,-58.25,-95.0,-65.5,-60.4,-82.25,bedroom_2
2017-04-10 15:10:45+00:00,-92.0,-86.5,-53.4,-78.33333333333333,-86.75,-79.5,-53.25,-95.0,-60.666666666666664,-57.8,-76.0,bedroom_2
2017-04-10 15:10:46+00:00,-84.33333333333333,-92.0,-53.6,-78.5,-93.0,-84.0,-54.0,-101.0,-71.0,-56.5,-85.33333333333333,bedroom_2
2017-04-10 15:10:53+00:00,-79.0,-91.0,-62.333333333333336,-79.0,-86.0,-80.8,-57.25,-80.33333333333333,-71.0,-58.0,-69.0,bedroom_2
2017-04-10 15:10:54+00:00,-82.66666666666667,-91.0,-73.0,-92.5,-98.0,-88.66666666666667,-64.75,-86.0,-72.75,-120.0,-72.33333333333333,bedroom_2
2017-04-10 15:10:55+00:00,-85.0,-82.0,-68.25,-79.5,-87.66666666666667,-76.66666666666667,-56.25,-88.0,-71.25,-55.25,-75.0,bedroom_2
2017-04-10 15:10:56+00:00,-83.0,-84.2,-63.25,-70.25,-85.2,-89.75,-62.25,-83.0,-73.8,-60.8,-79.0,bedroom_2
2017-04-10 15:10:57+00:00,-85.0,-95.5,-66.75,-82.5,-94.66666666666667,-80.66666666666667,-67.75,-89.0,-75.75,-58.666666666666664,-76.0,bedroom_2
2017-04-10 15:10:58+00:00,-78.5,-92.0,-78.5,-81.0,-91.5,-81.0,-63.75,-82.0,-66.5,-66.5,-69.4,bedroom_2
2017-04-10 15:10:59+00:00,-82.6,-120.0,-67.5,-79.33333333333333,-90.33333333333333,-86.33333333333333,-59.0,-92.66666666666667,-77.2,-72.0,-76.75,hallway_upper
2017-04-10 15:11:00+00:00,-80.8,-84.25,-68.0,-91.5,-85.0,-81.0,-65.33333333333333,-96.0,-72.0,-76.0,-69.25,hallway_upper
2017-04-10 15:11:01+00:00,-74.8,-89.0,-74.25,-87.0,-87.33333333333333,-77.0,-69.5,-82.0,-89.0,-63.5,-82.66666666666667,hallway_upper
2017-04-10 15:11:02+00:00,-76.75,-88.25,-75.5,-77.5,-87.5,-78.0,-51.0,-82.0,-78.0,-69.8,-78.5,hallway_upper
2017-04-10 15:11:03+00:00,-82.5,-87.66666666666667,-63.2,-74.66666666666667,-81.5,-72.33333333333333,-66.0,-120.0,-78.0,-56.666666666666664,-86.0,hallway_upper
2017-04-10 15:11:04+00:00,-81.4,-90.5,-60.6,-66.0,-84.0,-68.0,-80.0,-96.0,-85.0,-67.2,-89.5,bedroom_1
2017-04-10 15:11:05+00:00,-83.66666666666667,-81.0,-49.5,-60.333333333333336,-79.33333333333333,-67.0,-63.5,-87.0,-83.66666666666667,-67.0,-87.0,bedroom_1
2017-04-10 15:11:06+00:00,-81.0,-88.5,-53.666666666666664,-59.4,-77.2,-74.2,-71.5,-94.5,-73.25,-68.4,-85.8,bedroom_1
2017-04-10 15:11:07+00:00,-89.25,-81.25,-52.0,-68.33333333333333,-71.5,-70.0,-66.66666666666667,-120.0,-84.33333333333333,-65.66666666666667,-89.33333333333333,bedroom_1
2017-04-10 15:11:08+00:00,-85.0,-88.0,-49.5,-64.5,-62.0,-72.0,-64.6,-120.0,-69.0,-70.2,-80.0,bedroom_1
2017-04-10 15:11:09+00:00,-82.66666666666667,-88.0,-58.0,-65.33333333333333,-67.0,-71.0,-65.0,-120.0,-84.66666666666667,-73.66666666666667,-91.0,bedroom_1
2017-04-10 15:11:10+00:00,-90.0,-80.5,-65.0,-57.666666666666664,-67.33333333333333,-63.6,-77.33333333333333,-120.0,-120.0,-74.0,-95.0,bedroom_1
2017-04-10 15:11:11+00:00,-84.0,-82.0,-76.0,-68.33333333333333,-78.0,-69.8,-91.0,-120.0,-82.33333333333333,-73.0,-81.0,bedroom_1
2017-04-10 15:11:12+00:00,-120.0,-84.5,-74.75,-62.0,-67.66666666666667,-63.75,-79.2,-120.0,-84.66666666666667,-73.8,-94.0,bedroom_1
2017-04-10 15:11:13+00:00,-120.0,-83.33333333333333,-61.25,-56.25,-68.75,-65.4,-73.5,-90.0,-76.66666666666667,-76.0,-88.0,bedroom_1
2017-04-10 15:11:14+00:00,-85.5,-84.4,-60.25,-59.0,-63.333333333333336,-65.0,-67.0,-87.0,-120.0,-71.75,-94.5,bedroom_1
2017-04-10 15:11:15+00:00,-86.5,-77.75,-59.2,-61.4,-75.8,-68.25,-78.33333333333333,-120.0,-82.5,-75.66666666666667,-90.66666666666667,bedroom_1
2017-04-10 15:11:16+00:00,-84.25,-81.33333333333333,-63.25,-61.0,-78.0,-57.0,-65.4,-120.0,-91.0,-75.33333333333333,-80.33333333333333,bedroom_1
2017-04-10 15:11:17+00:00,-84.5,-83.25,-65.0,-63.4,-85.0,-57.0,-77.25,-120.0,-80.0,-77.8,-120.0,bedroom_1
2017-04-10 15:11:18+00:00,-89.5,-82.25,-67.25,-63.666666666666664,-75.6,-58.8,-78.75,-120.0,-91.0,-77.6,-87.33333333333333,bedroom_1
2017-04-10 15:11:19+00:00,-85.25,-80.25,-67.33333333333333,-63.75,-73.8,-77.25,-75.5,-120.0,-86.5,-75.6,-99.0,bedroom_1
2017-04-10 15:11:20+00:00,-82.0,-72.25,-68.5,-64.66666666666667,-77.25,-74.0,-75.75,-120.0,-81.5,-67.75,-95.0,bedroom_1
2017-04-10 15:11:21+00:00,-86.0,-84.5,-68.66666666666667,-66.25,-80.0,-68.6,-73.2,-89.0,-73.0,-73.0,-81.66666666666667,bedroom_1
2017-04-10 15:11:23+00:00,-81.2,-87.8,-56.8,-58.0,-74.25,-66.0,-68.75,-91.0,-84.0,-68.75,-88.0,bedroom_1
2017-04-10 15:11:25+00:00,-79.33333333333333,-77.4,-66.0,-63.0,-76.5,-64.5,-70.5,-83.0,-82.5,-70.75,-90.5,bedroom_1
2017-04-10 15:11:26+00:00,-86.0,-72.0,-64.0,-61.4,-75.25,-69.75,-73.6,-88.0,-84.33333333333333,-70.8,-80.75,bedroom_1
2017-04-10 15:11:29+00:00,-81.66666666666667,-80.4,-62.0,-61.333333333333336,-63.333333333333336,-73.0,-73.66666666666667,-120.0,-82.5,-71.8,-81.66666666666667,bedroom_1
2017-04-10 15:11:30+00:00,-85.6,-80.0,-50.25,-64.0,-75.0,-63.5,-65.66666666666667,-120.0,-90.0,-70.6,-82.8,bedroom_1
2017-04-10 15:11:32+00:00,-89.0,-80.25,-62.0,-68.0,-59.0,-68.0,-68.5,-120.0,-75.0,-71.0,-86.0,bedroom_1
2017-04-10 15:11:33+00:00,-76.0,-80.0,-59.0,-64.8,-65.25,-72.2,-72.5,-120.0,-78.5,-79.4,-92.0,bedroom_1
2017-04-10 15:11:34+00:00,-82.33333333333333,-84.5,-58.333333333333336,-55.333333333333336,-71.66666666666667,-63.0,-70.0,-98.0,-99.0,-69.75,-90.0,bedroom_1
2017-04-10 15:11:35+00:00,-87.0,-78.5,-69.66666666666667,-54.666666666666664,-73.75,-72.25,-75.5,-98.0,-79.0,-77.75,-85.5,bedroom_1
2017-04-10 15:11:36+00:00,-78.0,-81.33333333333333,-71.8,-71.5,-73.75,-66.75,-74.0,-120.0,-81.33333333333333,-70.66666666666667,-88.0,bedroom_1
2017-04-10 15:11:37+00:00,-82.33333333333333,-78.4,-65.75,-60.75,-79.2,-69.25,-79.5,-120.0,-83.66666666666667,-63.75,-84.25,bedroom_1
2017-04-10 15:11:38+00:00,-76.4,-79.0,-71.0,-71.5,-85.5,-82.6,-80.75,-86.66666666666667,-82.0,-61.0,-86.75,bedroom_1
2017-04-10 15:11:39+00:00,-74.0,-94.5,-63.0,-57.75,-82.5,-83.4,-79.5,-120.0,-80.5,-69.0,-87.5,hallway_upper
2017-04-10 15:11:40+00:00,-83.0,-83.0,-70.5,-72.4,-82.0,-75.25,-89.0,-84.0,-76.75,-58.75,-84.75,hallway_upper
2017-04-10 15:11:41+00:00,-76.5,-85.0,-75.5,-85.8,-87.4,-82.33333333333333,-75.0,-120.0,-85.0,-74.0,-82.66666666666667,hallway_upper
2017-04-10 15:11:42+00:00,-68.8,-87.8,-78.5,-78.5,-91.5,-80.33333333333333,-73.5,-86.33333333333333,-76.0,-67.25,-83.5,hallway_upper
2017-04-10 15:11:43+00:00,-73.6,-90.75,-78.6,-88.0,-83.5,-87.2,-80.0,-79.33333333333333,-88.5,-80.5,-78.0,hallway_upper
2017-04-10 15:11:44+00:00,-69.5,-82.5,-77.0,-79.0,-95.25,-81.0,-72.0,-71.33333333333333,-120.0,-72.75,-80.66666666666667,bathroom_toilet
2017-04-10 15:11:45+00:00,-42.0,-85.0,-85.0,-91.0,-120.0,-86.0,-84.5,-66.75,-80.0,-79.5,-120.0,bathroom_toilet
2017-04-10 15:11:50+00:00,-60.333333333333336,-99.0,-98.0,-120.0,-120.0,-82.0,-93.0,-70.6,-95.0,-82.25,-94.0,bathroom_toilet
2017-04-10 15:11:51+00:00,-58.5,-120.0,-86.33333333333333,-120.0,-120.0,-120.0,-81.75,-75.0,-77.0,-81.0,-100.0,bathroom_toilet
2017-04-10 15:11:53+00:00,-59.666666666666664,-87.0,-92.0,-120.0,-86.0,-120.0,-88.0,-79.0,-89.5,-82.0,-92.0,bathroom_toilet
2017-04-10 15:11:54+00:00,-41.0,-88.4,-81.0,-93.33333333333333,-92.5,-90.5,-90.0,-73.25,-89.66666666666667,-76.0,-120.0,bathroom_toilet
2017-04-10 15:11:55+00:00,-53.0,-94.5,-99.0,-120.0,-120.0,-88.0,-92.5,-73.8,-74.0,-80.75,-120.0,bathroom_toilet
2017-04-10 15:11:56+00:00,-57.25,-80.0,-91.5,-120.0,-120.0,-120.0,-88.0,-72.8,-120.0,-87.0,-99.0,bathroom_toilet
2017-04-10 15:11:57+00:00,-51.333333333333336,-90.0,-89.0,-120.0,-120.0,-88.5,-86.33333333333333,-74.2,-78.0,-76.33333333333333,-120.0,bathroom_toilet
2017-04-10 15:11:58+00:00,-67.6,-87.6,-85.0,-89.33333333333333,-89.0,-81.0,-75.5,-83.66666666666667,-76.33333333333333,-66.75,-74.0,hallway_upper
2017-04-10 15:11:59+00:00,-77.2,-79.25,-76.0,-78.66666666666667,-86.2,-86.0,-73.66666666666667,-88.0,-68.0,-65.4,-75.2,stairs
2017-04-10 15:12:00+00:00,-72.8,-76.25,-77.0,-79.0,-90.66666666666667,-82.0,-71.5,-86.0,-70.5,-72.0,-74.0,stairs
2017-04-10 15:12:02+00:00,-76.0,-67.0,-75.75,-78.5,-64.75,-73.0,-80.5,-80.5,-66.5,-73.5,-75.66666666666667,stairs
2017-04-10 15:12:03+00:00,-84.0,-70.2,-79.75,-85.0,-69.25,-72.4,-73.66666666666667,-91.33333333333333,-53.0,-66.0,-71.8,hallway_lower
2017-04-10 15:12:04+00:00,-88.5,-68.5,-78.5,-92.25,-73.6,-73.25,-72.8,-80.5,-57.666666666666664,-66.8,-78.33333333333333,hallway_lower
2017-04-10 15:12:05+00:00,-83.0,-66.2,-82.66666666666667,-87.25,-73.66666666666667,-74.8,-77.0,-79.0,-59.5,-70.4,-77.66666666666667,hallway_lower
2017-04-10 15:12:06+00:00,-85.2,-62.333333333333336,-76.0,-86.5,-68.2,-77.25,-75.5,-75.66666666666667,-69.5,-72.0,-72.8,hallway_lower
2017-04-10 15:12:07+00:00,-76.8,-65.66666666666667,-88.0,-88.33333333333333,-72.0,-76.5,-75.0,-81.5,-75.75,-76.33333333333333,-71.6,hallway_lower
2017-04-10 15:12:08+00:00,-71.8,-65.0,-78.5,-87.66666666666667,-73.5,-77.66666666666667,-78.75,-69.0,-84.5,-69.0,-73.0,hallway_lower
2017-04-10 15:12:09+00:00,-79.5,-62.25,-87.0,-87.5,-71.5,-78.0,-73.0,-78.75,-71.0,-68.66666666666667,-78.66666666666667,hallway_lower
2017-04-10 15:12:10+00:00,-72.66666666666667,-54.75,-82.33333333333333,-87.0,-79.75,-74.4,-78.0,-77.5,-67.33333333333333,-72.0,-79.0,hallway_lower
2017-04-10 15:12:11+00:00,-74.75,-63.0,-78.66666666666667,-87.0,-72.33333333333333,-71.8,-73.0,-79.5,-86.0,-72.75,-78.0,hallway_lower
2017-04-10 15:12:12+00:00,-79.8,-62.25,-85.6,-86.4,-76.0,-75.75,-75.5,-85.0,-62.666666666666664,-76.0,-74.75,hallway_lower
2017-04-10 15:12:13+00:00,-72.75,-57.6,-82.5,-88.25,-76.75,-75.33333333333333,-72.66666666666667,-78.5,-86.33333333333333,-70.8,-71.5,hallway_lower
2017-04-10 15:12:14+00:00,-74.66666666666667,-67.0,-89.33333333333333,-86.33333333333333,-79.66666666666667,-71.4,-74.4,-76.25,-75.0,-69.0,-74.25,hallway_lower
2017-04-10 15:12:15+00:00,-77.6,-61.2,-83.25,-86.0,-66.5,-74.0,-79.6,-77.75,-72.66666666666667,-68.6,-74.5,hallway_lower
2017-04-10 15:12:16+00:00,-81.33333333333333,-59.0,-79.0,-84.6,-74.6,-74.0,-71.8,-82.0,-120.0,-69.8,-77.25,hallway_lower
2017-04-10 15:12:17+00:00,-79.4,-65.66666666666667,-87.0,-89.66666666666667,-70.5,-73.0,-80.0,-69.0,-59.0,-70.75,-79.0,hallway_lower
2017-04-10 15:12:18+00:00,-75.0,-67.5,-81.0,-83.0,-73.75,-73.75,-79.4,-79.0,-68.75,-73.75,-73.0,hallway_lower
2017-04-10 15:12:19+00:00,-83.0,-77.8,-78.0,-85.66666666666667,-81.0,-78.2,-68.33333333333333,-89.5,-120.0,-79.5,-75.2,living_area_A
2017-04-10 15:12:20+00:00,-81.75,-75.0,-91.75,-87.0,-79.0,-85.2,-73.0,-70.5,-72.0,-88.4,-63.6,living_area_A
2017-04-10 15:12:21+00:00,-77.4,-70.25,-83.0,-87.0,-74.75,-74.66666666666667,-77.0,-65.0,-68.66666666666667,-75.6,-65.0,living_area_A
2017-04-10 15:12:22+00:00,-73.2,-85.0,-77.8,-86.5,-75.66666666666667,-79.8,-84.0,-73.4,-65.0,-84.75,-75.66666666666667,living_area_A
2017-04-10 15:12:23+00:00,-64.5,-82.75,-78.66666666666667,-78.5,-77.33333333333333,-81.6,-87.5,-72.0,-70.5,-80.5,-73.0,living_area_A
2017-04-10 15:12:24+00:00,-75.33333333333333,-89.0,-80.0,-86.5,-76.5,-79.2,-90.0,-69.75,-76.0,-89.0,-75.6,kitchen
2017-04-10 15:12:25+00:00,-68.8,-90.5,-120.0,-120.0,-82.25,-84.66666666666667,-89.0,-55.25,-81.5,-88.0,-76.0,kitchen
2017-04-10 15:12:26+00:00,-71.75,-120.0,-120.0,-120.0,-84.66666666666667,-71.0,-120.0,-60.0,-63.0,-82.0,-79.33333333333333,kitchen
2017-04-10 15:12:27+00:00,-63.0,-81.0,-120.0,-120.0,-86.5,-80.66666666666667,-92.0,-58.666666666666664,-79.0,-90.33333333333333,-77.4,kitchen
2017-04-10 15:12:28+00:00,-69.25,-82.5,-83.66666666666667,-86.0,-91.0,-77.25,-79.0,-49.75,-83.5,-88.5,-82.0,kitchen
2017-04-10 15:12:29+00:00,-75.75,-90.0,-87.0,-120.0,-81.0,-80.0,-88.0,-56.2,-71.66666666666667,-87.0,-79.25,kitchen
2017-04-10 15:12:31+00:00,-76.75,-92.5,-120.0,-120.0,-78.0,-81.25,-120.0,-57.0,-79.5,-120.0,-86.0,kitchen
2017-04-10 15:12:32+00:00,-74.5,-120.0,-95.0,-120.0,-78.33333333333333,-83.0,-81.0,-58.25,-73.5,-120.0,-80.0,kitchen
2017-04-10 15:12:33+00:00,-72.5,-91.33333333333333,-93.0,-85.0,-82.0,-84.0,-88.5,-60.6,-73.25,-87.66666666666667,-82.25,kitchen
2017-04-10 15:12:34+00:00,-71.4,-99.0,-92.0,-120.0,-72.0,-87.0,-86.0,-57.2,-68.0,-94.4,-87.0,kitchen
2017-04-10 15:12:35+00:00,-59.25,-120.0,-89.0,-120.0,-79.25,-79.0,-120.0,-50.25,-70.66666666666667,-90.5,-86.33333333333333,kitchen
2017-04-10 15:12:36+00:00,-74.0,-120.0,-120.0,-120.0,-73.75,-84.0,-120.0,-49.0,-64.5,-87.0,-89.0,kitchen
2017-04-10 15:12:37+00:00,-69.0,-120.0,-120.0,-120.0,-77.75,-90.0,-120.0,-57.8,-69.4,-91.5,-81.25,kitchen
2017-04-10 15:12:38+00:00,-67.0,-120.0,-120.0,-120.0,-81.5,-89.2,-120.0,-55.75,-67.33333333333333,-88.66666666666667,-80.5,kitchen
2017-04-10 15:12:39+00:00,-68.0,-120.0,-120.0,-88.0,-79.8,-90.5,-120.0,-60.5,-75.5,-120.0,-80.75,kitchen
2017-04-10 15:12:40+00:00,-70.6,-120.0,-120.0,-103.0,-79.0,-89.25,-100.0,-52.0,-75.66666666666667,-90.5,-94.0,kitchen
2017-04-10 15:12:41+00:00,-76.75,-90.5,-88.0,-84.5,-85.33333333333333,-92.0,-89.0,-54.25,-75.5,-89.25,-81.75,kitchen
2017-04-10 15:12:43+00:00,-68.8,-88.33333333333333,-120.0,-120.0,-89.33333333333333,-83.0,-120.0,-52.0,-78.75,-89.0,-76.4,kitchen
2017-04-10 15:12:44+00:00,-62.333333333333336,-99.0,-120.0,-120.0,-85.66666666666667,-82.5,-120.0,-56.4,-74.5,-75.0,-85.5,kitchen
2017-04-10 15:12:45+00:00,-73.0,-120.0,-120.0,-120.0,-88.33333333333333,-79.33333333333333,-120.0,-50.0,-79.0,-81.0,-90.5,kitchen
2017-04-10 15:12:46+00:00,-73.2,-120.0,-120.0,-120.0,-120.0,-84.5,-120.0,-49.4,-72.0,-88.0,-120.0,kitchen
2017-04-10 15:12:47+00:00,-75.0,-120.0,-120.0,-120.0,-87.33333333333333,-87.25,-120.0,-55.75,-76.0,-89.0,-93.0,kitchen
2017-04-10 15:12:48+00:00,-75.0,-120.0,-120.0,-120.0,-90.5,-88.8,-120.0,-50.333333333333336,-72.66666666666667,-86.0,-88.25,kitchen
2017-04-10 15:12:49+00:00,-78.33333333333333,-120.0,-120.0,-120.0,-91.8,-89.66666666666667,-120.0,-52.6,-76.25,-89.0,-85.66666666666667,kitchen
2017-04-10 15:12:50+00:00,-72.4,-120.0,-120.0,-120.0,-82.33333333333333,-88.0,-94.5,-52.6,-68.25,-89.66666666666667,-88.0,kitchen
2017-04-10 15:12:51+00:00,-65.0,-103.0,-120.0,-120.0,-88.25,-83.5,-102.0,-51.0,-68.25,-120.0,-86.5,kitchen
2017-04-10 15:12:52+00:00,-72.8,-95.0,-120.0,-120.0,-89.75,-91.0,-120.0,-50.6,-71.5,-88.5,-84.25,kitchen
2017-04-10 15:12:53+00:00,-71.33333333333333,-85.0,-88.5,-92.0,-81.66666666666667,-77.0,-87.5,-50.5,-73.5,-86.0,-78.66666666666667,kitchen
2017-04-10 15:12:55+00:00,-74.75,-83.0,-82.6,-83.0,-77.4,-69.4,-76.4,-62.5,-54.75,-84.75,-68.2,living_area_A
2017-04-10 15:12:56+00:00,-80.75,-86.0,-85.5,-84.33333333333333,-78.4,-78.25,-72.25,-55.5,-56.25,-81.2,-68.0,living_area_A
2017-04-10 15:12:57+00:00,-79.5,-81.5,-76.33333333333333,-79.0,-77.0,-74.4,-67.0,-61.0,-66.0,-74.0,-66.0,living_area_A
2017-04-10 15:12:58+00:00,-86.8,-82.25,-76.0,-84.2,-75.8,-79.0,-69.2,-77.5,-60.0,-76.4,-61.0,living_area_A
2017-04-10 15:12:59+00:00,-95.0,-80.75,-79.25,-79.6,-72.33333333333333,-82.5,-61.25,-78.5,-57.0,-76.5,-63.25,living_area_A
2017-04-10 15:13:00+00:00,-120.0,-81.66666666666667,-67.5,-80.5,-78.5,-74.0,-66.0,-82.75,-54.5,-81.66666666666667,-57.8,living_area_A
2017-04-10 15:13:01+00:00,-88.33333333333333,-83.6,-75.2,-81.6,-77.0,-79.0,-55.75,-83.66666666666667,-47.0,-79.0,-64.75,living_area_A
2017-04-10 15:13:02+00:00,-78.75,-91.0,-81.25,-91.0,-80.0,-75.0,-63.25,-75.2,-50.0,-81.5,-61.25,living_area_A
2017-04-10 15:13:03+00:00,-87.75,-85.33333333333333,-77.8,-84.0,-85.0,-74.0,-67.2,-71.0,-61.0,-77.25,-59.0,living_area_A
2017-04-10 15:13:04+00:00,-85.75,-84.0,-70.33333333333333,-78.5,-86.5,-78.8,-61.8,-75.25,-61.25,-78.33333333333333,-64.0,living_area_A
2017-04-10 15:13:05+00:00,-81.25,-67.33333333333333,-80.66666666666667,-70.0,-77.5,-69.5,-76.5,-76.2,-65.33333333333333,-75.5,-66.0,living_area_A
2017-04-10 15:13:06+00:00,-78.4,-70.75,-73.0,-76.6,-77.75,-67.6,-76.25,-81.0,-60.0,-73.2,-72.5,living_area_A
2017-04-10 15:13:07+00:00,-77.33333333333333,-79.5,-78.25,-78.0,-75.0,-77.75,-84.6,-72.6,-64.5,-78.25,-74.0,kitchen
2017-04-10 15:13:08+00:00,-68.75,-94.5,-86.66666666666667,-83.0,-78.2,-82.6,-78.5,-67.0,-75.5,-92.5,-80.0,kitchen
2017-04-10 15:13:09+00:00,-71.5,-120.0,-100.0,-120.0,-76.5,-83.25,-88.5,-58.6,-76.5,-80.0,-83.25,kitchen
2017-04-10 15:13:15+00:00,-71.5,-95.0,-97.0,-120.0,-82.0,-82.0,-90.75,-51.8,-78.0,-88.66666666666667,-80.75,kitchen
2017-04-10 15:13:16+00:00,-66.6,-120.0,-83.0,-87.0,-73.66666666666667,-83.33333333333333,-74.0,-47.0,-72.0,-82.5,-77.0,kitchen
2017-04-10 15:13:52+00:00,-61.0,-87.25,-96.0,-86.0,-80.66666666666667,-77.4,-83.33333333333333,-49.75,-120.0,-77.75,-72.5,kitchen
2017-04-10 15:13:53+00:00,-66.0,-88.5,-85.33333333333333,-120.0,-78.2,-76.75,-120.0,-48.25,-83.33333333333333,-80.5,-77.6,kitchen
2017-04-10 15:13:54+00:00,-74.25,-86.5,-100.0,-120.0,-88.0,-95.5,-95.0,-48.2,-86.0,-94.0,-82.0,kitchen
2017-04-10 15:13:56+00:00,-74.5,-100.0,-97.0,-120.0,-86.0,-79.33333333333333,-88.0,-54.8,-78.0,-87.0,-88.66666666666667,kitchen
2017-04-10 15:13:57+00:00,-73.25,-89.5,-120.0,-120.0,-90.75,-70.0,-120.0,-50.0,-83.33333333333333,-88.66666666666667,-80.66666666666667,kitchen
2017-04-10 15:13:58+00:00,-68.5,-88.0,-90.66666666666667,-120.0,-85.33333333333333,-85.75,-89.0,-47.2,-87.33333333333333,-84.0,-80.75,kitchen
2017-04-10 15:13:59+00:00,-77.5,-92.0,-94.66666666666667,-120.0,-87.25,-82.5,-89.0,-45.25,-83.25,-92.0,-75.5,kitchen
2017-04-10 15:14:00+00:00,-71.25,-120.0,-85.5,-120.0,-87.0,-80.8,-97.0,-49.4,-77.0,-85.0,-76.25,kitchen
2017-04-10 15:14:01+00:00,-77.5,-87.0,-89.25,-120.0,-93.66666666666667,-81.6,-84.0,-54.25,-84.0,-92.5,-76.8,kitchen
2017-04-10 15:14:05+00:00,-73.33333333333333,-84.0,-120.0,-120.0,-78.0,-86.66666666666667,-89.33333333333333,-58.666666666666664,-83.8,-87.0,-80.8,kitchen
2017-04-10 15:14:16+00:00,-63.0,-93.66666666666667,-84.0,-120.0,-95.0,-89.5,-86.0,-56.25,-72.75,-84.0,-83.8,kitchen
2017-04-10 15:14:18+00:00,-74.4,-93.5,-91.0,-120.0,-83.4,-80.33333333333333,-89.0,-35.666666666666664,-84.0,-83.2,-75.75,kitchen
2017-04-10 15:14:19+00:00,-83.0,-120.0,-120.0,-120.0,-91.0,-86.0,-99.0,-53.2,-76.5,-92.0,-79.4,kitchen
2017-04-10 15:14:20+00:00,-71.0,-120.0,-120.0,-120.0,-85.66666666666667,-81.66666666666667,-99.0,-50.6,-83.5,-85.75,-77.5,kitchen
2017-04-10 15:14:21+00:00,-71.5,-98.0,-120.0,-120.0,-88.66666666666667,-80.75,-88.0,-48.25,-78.5,-87.5,-84.33333333333333,kitchen
2017-04-10 15:14:22+00:00,-72.5,-101.0,-93.0,-93.5,-84.5,-89.5,-82.0,-55.5,-74.0,-88.5,-86.25,kitchen
2017-04-10 15:14:23+00:00,-66.5,-96.0,-120.0,-85.0,-80.25,-78.75,-94.5,-54.25,-74.0,-98.0,-77.25,kitchen
2017-04-10 15:14:24+00:00,-71.66666666666667,-89.0,-84.0,-98.0,-82.5,-78.75,-86.0,-60.25,-72.33333333333333,-81.66666666666667,-83.5,kitchen
2017-04-10 15:14:35+00:00,-69.75,-83.0,-87.0,-120.0,-75.0,-86.5,-120.0,-51.4,-65.0,-90.0,-81.25,kitchen
2017-04-10 15:14:36+00:00,-63.0,-88.0,-120.0,-90.5,-83.6,-79.0,-96.0,-57.5,-76.5,-88.5,-76.66666666666667,kitchen
2017-04-10 15:14:39+00:00,-66.0,-86.5,-120.0,-120.0,-82.75,-83.5,-90.0,-53.0,-71.66666666666667,-88.4,-77.0,kitchen
2017-04-10 15:14:40+00:00,-70.75,-96.0,-120.0,-120.0,-86.0,-81.0,-89.75,-51.333333333333336,-72.66666666666667,-95.0,-74.25,kitchen
2017-04-10 15:14:41+00:00,-73.25,-82.0,-91.0,-78.0,-73.0,-82.4,-89.0,-50.2,-79.75,-81.0,-76.6,kitchen
2017-04-10 15:14:42+00:00,-69.5,-89.0,-90.75,-90.0,-75.75,-76.0,-81.25,-41.0,-69.0,-85.25,-77.4,kitchen
2017-04-10 15:14:43+00:00,-79.25,-88.0,-92.0,-120.0,-85.25,-83.0,-81.5,-43.5,-66.4,-88.0,-73.75,kitchen
2017-04-10 15:14:44+00:00,-76.25,-83.5,-87.5,-87.0,-79.5,-82.2,-81.75,-40.0,-74.0,-86.66666666666667,-77.75,kitchen
2017-04-10 15:14:45+00:00,-70.6,-99.0,-86.4,-83.0,-72.0,-83.33333333333333,-79.0,-38.75,-75.75,-72.5,-75.5,kitchen
2017-04-10 15:14:46+00:00,-77.33333333333333,-88.0,-92.0,-86.0,-80.2,-79.75,-80.5,-43.2,-71.0,-79.8,-80.2,kitchen
2017-04-10 15:14:47+00:00,-63.0,-90.33333333333333,-94.0,-88.0,-82.5,-83.33333333333333,-83.0,-54.25,-78.75,-84.66666666666667,-72.2,kitchen
2017-04-10 15:15:06+00:00,-69.0,-90.0,-120.0,-120.0,-78.33333333333333,-85.5,-92.0,-54.25,-75.75,-89.33333333333333,-79.0,kitchen
2017-04-10 15:15:07+00:00,-64.66666666666667,-88.0,-90.33333333333333,-84.0,-86.5,-81.0,-90.5,-40.25,-94.0,-82.5,-72.2,kitchen
2017-04-10 15:16:23+00:00,-69.5,-120.0,-88.0,-120.0,-78.66666666666667,-87.5,-120.0,-59.0,-78.66666666666667,-88.2,-88.5,kitchen
2017-04-10 15:16:24+00:00,-72.5,-102.0,-84.0,-97.0,-79.25,-86.2,-100.0,-64.0,-66.0,-87.66666666666667,-86.0,kitchen
2017-04-10 15:16:25+00:00,-79.5,-120.0,-83.0,-83.0,-79.6,-91.0,-83.0,-73.66666666666667,-85.33333333333333,-89.0,-93.0,kitchen
2017-04-10 15:16:26+00:00,-85.0,-120.0,-88.75,-87.0,-77.0,-83.66666666666667,-120.0,-73.33333333333333,-72.66666666666667,-89.0,-96.5,kitchen
2017-04-10 15:16:27+00:00,-81.6,-120.0,-87.5,-120.0,-74.0,-85.6,-96.0,-67.0,-77.0,-85.25,-81.0,kitchen
2017-04-10 15:16:28+00:00,-68.0,-120.0,-87.0,-120.0,-86.66666666666667,-85.75,-90.0,-69.0,-69.0,-90.0,-89.66666666666667,kitchen
2017-04-10 15:16:30+00:00,-59.333333333333336,-91.0,-120.0,-120.0,-82.0,-87.0,-84.0,-51.666666666666664,-77.5,-84.0,-92.0,kitchen
2017-04-10 15:16:31+00:00,-69.0,-120.0,-120.0,-120.0,-80.4,-87.4,-86.0,-58.2,-84.33333333333333,-88.0,-77.75,kitchen
2017-04-10 15:16:33+00:00,-69.25,-120.0,-120.0,-87.0,-81.66666666666667,-85.0,-120.0,-64.0,-73.0,-84.0,-81.0,kitchen
2017-04-10 15:16:34+00:00,-68.25,-96.0,-120.0,-120.0,-90.33333333333333,-92.0,-88.0,-62.5,-80.66666666666667,-120.0,-79.2,kitchen
2017-04-10 15:17:07+00:00,-73.0,-89.0,-120.0,-87.0,-86.33333333333333,-75.0,-84.0,-57.0,-73.0,-93.66666666666667,-85.66666666666667,kitchen
2017-04-10 15:17:08+00:00,-70.0,-87.0,-89.0,-89.0,-83.75,-88.33333333333333,-89.0,-51.75,-75.25,-85.5,-84.25,kitchen
2017-04-10 15:17:09+00:00,-58.5,-90.0,-120.0,-120.0,-89.25,-85.75,-120.0,-53.8,-70.25,-84.0,-77.0,kitchen
2017-04-10 15:17:10+00:00,-78.66666666666667,-91.0,-87.0,-93.33333333333333,-86.25,-120.0,-88.5,-59.4,-80.66666666666667,-82.5,-95.5,kitchen
2017-04-10 15:17:18+00:00,-73.0,-91.0,-88.0,-120.0,-86.66666666666667,-85.0,-86.0,-51.0,-70.8,-79.0,-70.0,kitchen
2017-04-10 15:17:36+00:00,-70.2,-120.0,-120.0,-120.0,-91.0,-89.5,-100.0,-56.0,-67.0,-86.33333333333333,-89.0,kitchen
2017-04-10 15:17:37+00:00,-66.6,-86.5,-120.0,-120.0,-87.6,-90.0,-83.66666666666667,-51.666666666666664,-74.33333333333333,-88.5,-74.0,kitchen
2017-04-10 15:17:38+00:00,-72.33333333333333,-120.0,-120.0,-120.0,-77.25,-82.0,-85.66666666666667,-55.0,-72.5,-82.5,-69.0,kitchen
2017-04-10 15:17:39+00:00,-68.6,-120.0,-120.0,-120.0,-90.75,-92.5,-90.5,-57.0,-85.0,-90.0,-78.75,kitchen
2017-04-10 15:17:40+00:00,-68.33333333333333,-120.0,-120.0,-120.0,-87.4,-79.33333333333333,-96.33333333333333,-52.75,-76.0,-84.0,-66.33333333333333,kitchen
2017-04-10 15:17:41+00:00,-71.8,-87.0,-90.0,-120.0,-82.8,-77.0,-97.0,-57.75,-71.0,-88.33333333333333,-71.5,kitchen
2017-04-10 15:17:42+00:00,-70.2,-92.0,-95.0,-120.0,-91.0,-86.6,-120.0,-56.5,-64.0,-83.0,-77.25,kitchen
2017-04-10 15:17:43+00:00,-69.25,-120.0,-120.0,-95.5,-86.0,-83.0,-90.5,-49.6,-72.66666666666667,-87.0,-78.8,kitchen
2017-04-10 15:17:44+00:00,-70.66666666666667,-88.33333333333333,-87.0,-120.0,-85.5,-81.0,-86.0,-51.666666666666664,-78.5,-120.0,-73.6,kitchen
2017-04-10 15:17:45+00:00,-70.75,-87.5,-94.0,-120.0,-86.4,-75.5,-94.0,-42.25,-74.0,-92.5,-79.0,kitchen
2017-04-10 15:17:46+00:00,-73.4,-120.0,-89.0,-120.0,-88.0,-80.4,-86.0,-58.25,-72.0,-120.0,-77.25,kitchen
2017-04-10 15:17:47+00:00,-70.0,-100.0,-100.0,-120.0,-83.33333333333333,-82.66666666666667,-97.0,-48.0,-77.75,-100.0,-76.8,kitchen
2017-04-10 15:17:48+00:00,-75.0,-101.0,-93.66666666666667,-120.0,-87.33333333333333,-86.0,-86.0,-53.2,-74.0,-94.0,-73.75,kitchen
2017-04-10 15:17:49+00:00,-73.8,-120.0,-86.0,-120.0,-88.75,-86.2,-90.0,-54.0,-71.5,-78.0,-81.0,kitchen
2017-04-10 15:17:50+00:00,-74.0,-96.0,-85.5,-120.0,-88.0,-84.33333333333333,-90.5,-55.8,-72.25,-87.5,-74.66666666666667,kitchen
2017-04-10 15:17:51+00:00,-73.6,-99.0,-90.0,-120.0,-96.0,-83.5,-85.0,-51.0,-75.33333333333333,-94.0,-80.75,kitchen
2017-04-10 15:17:52+00:00,-70.8,-120.0,-96.0,-120.0,-96.0,-78.0,-87.66666666666667,-60.4,-74.5,-92.0,-77.8,kitchen
2017-04-10 15:17:53+00:00,-76.66666666666667,-95.0,-120.0,-120.0,-87.5,-79.0,-120.0,-57.6,-78.33333333333333,-88.5,-74.0,kitchen
2017-04-10 15:17:54+00:00,-69.5,-120.0,-120.0,-120.0,-120.0,-120.0,-88.0,-120.0,-80.75,-120.0,-81.33333333333333,kitchen
2017-04-10 15:17:55+00:00,-71.0,-95.0,-120.0,-120.0,-82.0,-93.0,-88.0,-51.6,-88.66666666666667,-120.0,-76.0,kitchen
2017-04-10 15:17:56+00:00,-68.5,-120.0,-120.0,-120.0,-120.0,-87.5,-90.0,-51.4,-75.0,-95.0,-72.75,kitchen
2017-04-10 15:17:57+00:00,-72.5,-98.0,-120.0,-120.0,-94.0,-86.0,-87.0,-41.0,-74.66666666666667,-120.0,-81.4,kitchen
2017-04-10 15:18:43+00:00,-70.0,-87.0,-87.0,-120.0,-91.33333333333333,-89.5,-86.0,-62.25,-81.0,-85.0,-83.0,kitchen
2017-04-10 15:18:44+00:00,-64.5,-120.0,-120.0,-120.0,-86.4,-85.0,-89.0,-60.75,-72.0,-85.5,-80.0,kitchen
2017-04-10 15:18:45+00:00,-67.75,-96.0,-96.0,-120.0,-83.66666666666667,-81.2,-99.0,-58.75,-79.5,-94.5,-73.5,kitchen
2017-04-10 15:18:47+00:00,-60.5,-86.0,-88.0,-120.0,-88.0,-84.25,-84.33333333333333,-60.666666666666664,-75.0,-91.0,-80.0,kitchen
2017-04-10 15:18:48+00:00,-71.75,-85.0,-97.0,-120.0,-86.5,-87.25,-101.0,-52.4,-76.33333333333333,-86.5,-68.0,kitchen
2017-04-10 15:18:53+00:00,-64.0,-93.33333333333333,-120.0,-120.0,-83.0,-85.0,-97.5,-63.0,-68.5,-95.66666666666667,-77.2,kitchen
2017-04-10 15:19:02+00:00,-73.4,-93.0,-86.0,-120.0,-79.2,-75.5,-120.0,-55.6,-79.66666666666667,-87.0,-72.66666666666667,kitchen
2017-04-10 15:19:03+00:00,-68.5,-90.66666666666667,-120.0,-120.0,-85.0,-83.5,-120.0,-49.0,-67.66666666666667,-93.0,-78.0,kitchen
2017-04-10 15:19:04+00:00,-71.5,-84.0,-84.0,-120.0,-92.5,-88.0,-92.5,-54.6,-73.25,-89.0,-73.0,kitchen
2017-04-10 15:19:05+00:00,-71.0,-96.0,-120.0,-120.0,-94.0,-77.5,-88.6,-55.4,-82.0,-82.0,-74.0,kitchen
2017-04-10 15:19:06+00:00,-63.75,-89.5,-98.5,-120.0,-80.0,-91.5,-90.0,-58.75,-65.0,-86.33333333333333,-78.0,kitchen
2017-04-10 15:19:07+00:00,-64.5,-94.0,-120.0,-120.0,-87.75,-84.0,-81.0,-52.0,-76.2,-84.0,-73.5,kitchen
2017-04-10 15:19:08+00:00,-63.6,-86.0,-82.66666666666667,-90.0,-87.0,-75.0,-89.5,-46.0,-69.0,-83.66666666666667,-71.5,kitchen
2017-04-10 15:19:09+00:00,-74.75,-84.0,-87.66666666666667,-120.0,-77.66666666666667,-80.0,-85.33333333333333,-48.5,-77.33333333333333,-75.5,-69.5,kitchen
2017-04-10 15:19:10+00:00,-77.5,-75.0,-80.8,-87.25,-79.33333333333333,-74.0,-73.0,-54.4,-120.0,-81.5,-78.0,kitchen
2017-04-10 15:19:11+00:00,-75.0,-79.0,-85.5,-85.66666666666667,-74.33333333333333,-73.6,-86.0,-51.5,-74.0,-90.0,-78.5,kitchen
2017-04-10 15:19:12+00:00,-76.0,-91.0,-88.0,-91.0,-91.66666666666667,-76.66666666666667,-84.6,-53.0,-73.0,-80.33333333333333,-83.25,kitchen
2017-04-10 15:19:13+00:00,-66.4,-87.5,-120.0,-120.0,-85.0,-82.6,-82.0,-59.2,-70.66666666666667,-84.0,-84.75,kitchen
2017-04-10 15:19:14+00:00,-71.33333333333333,-87.0,-78.0,-98.0,-83.5,-82.6,-92.66666666666667,-61.5,-73.0,-84.33333333333333,-78.75,kitchen
2017-04-10 15:19:15+00:00,-71.0,-86.5,-84.0,-82.5,-79.0,-80.0,-88.0,-57.25,-75.0,-98.5,-80.0,kitchen
2017-04-10 15:19:16+00:00,-65.0,-86.0,-83.0,-81.5,-80.25,-83.0,-86.0,-57.666666666666664,-80.75,-94.0,-81.0,kitchen
2017-04-10 15:19:17+00:00,-69.33333333333333,-85.75,-94.0,-96.0,-85.0,-78.5,-82.5,-51.2,-69.75,-87.66666666666667,-83.4,kitchen
2017-04-10 15:19:18+00:00,-65.0,-91.66666666666667,-92.25,-90.0,-85.0,-84.75,-83.0,-57.75,-78.0,-82.5,-72.5,kitchen
2017-04-10 15:19:19+00:00,-79.75,-88.4,-87.0,-120.0,-75.75,-80.0,-86.66666666666667,-43.0,-72.0,-81.6,-70.0,kitchen
2017-04-10 15:19:20+00:00,-82.66666666666667,-87.66666666666667,-86.0,-99.0,-85.4,-84.25,-89.5,-52.0,-70.4,-77.0,-70.6,kitchen
2017-04-10 15:19:21+00:00,-71.25,-88.66666666666667,-95.0,-120.0,-85.0,-77.33333333333333,-95.5,-48.6,-81.0,-83.0,-74.0,kitchen
2017-04-10 15:19:22+00:00,-70.0,-97.0,-86.5,-87.0,-83.2,-78.4,-85.5,-52.25,-65.25,-87.0,-73.4,kitchen
2017-04-10 15:19:23+00:00,-72.5,-93.33333333333333,-89.0,-88.5,-78.33333333333333,-75.66666666666667,-84.66666666666667,-44.5,-61.0,-86.0,-72.0,kitchen
2017-04-10 15:19:24+00:00,-67.2,-85.4,-90.0,-84.0,-81.2,-84.0,-91.0,-48.666666666666664,-74.25,-81.0,-78.0,kitchen
2017-04-10 15:19:25+00:00,-74.2,-81.25,-89.0,-88.33333333333333,-74.66666666666667,-76.66666666666667,-87.5,-54.0,-66.33333333333333,-80.5,-77.75,kitchen
2017-04-10 15:19:26+00:00,-72.5,-90.5,-85.5,-120.0,-84.75,-83.0,-87.66666666666667,-51.8,-72.0,-86.5,-69.5,kitchen
2017-04-10 15:19:27+00:00,-72.75,-83.2,-86.33333333333333,-83.5,-75.2,-83.66666666666667,-84.33333333333333,-45.666666666666664,-73.8,-86.66666666666667,-72.4,kitchen
2017-04-10 15:19:28+00:00,-67.6,-81.5,-95.0,-95.0,-87.33333333333333,-79.5,-85.66666666666667,-52.8,-70.0,-84.4,-70.5,kitchen
2017-04-10 15:19:29+00:00,-68.4,-83.25,-94.0,-84.5,-77.5,-77.0,-86.0,-53.666666666666664,-77.6,-84.0,-73.0,kitchen
2017-04-10 15:19:30+00:00,-75.0,-81.0,-83.33333333333333,-87.25,-85.0,-76.5,-78.8,-47.6,-75.5,-79.2,-72.75,kitchen
2017-04-10 15:19:31+00:00,-78.25,-85.0,-92.5,-83.0,-82.4,-87.33333333333333,-85.4,-53.0,-71.0,-76.25,-73.4,kitchen
2017-04-10 15:19:32+00:00,-68.75,-90.0,-84.0,-120.0,-79.25,-89.0,-92.0,-57.4,-66.5,-91.66666666666667,-69.66666666666667,kitchen
2017-04-10 15:19:33+00:00,-66.2,-85.33333333333333,-84.0,-120.0,-87.75,-86.0,-91.66666666666667,-53.5,-73.33333333333333,-85.25,-73.0,kitchen
2017-04-10 15:19:34+00:00,-78.6,-76.0,-83.0,-87.0,-84.4,-80.66666666666667,-94.5,-51.75,-74.0,-80.5,-70.4,kitchen
2017-04-10 15:19:35+00:00,-69.5,-84.66666666666667,-89.0,-87.5,-75.33333333333333,-80.75,-81.0,-51.0,-73.5,-77.25,-69.0,kitchen
2017-04-10 15:19:36+00:00,-72.25,-88.0,-88.33333333333333,-120.0,-95.0,-81.0,-88.0,-51.0,-74.25,-87.0,-75.8,kitchen
2017-04-10 15:19:37+00:00,-64.33333333333333,-89.0,-120.0,-120.0,-92.0,-82.5,-87.5,-57.0,-73.33333333333333,-87.5,-77.0,kitchen
2017-04-10 15:19:38+00:00,-63.75,-96.5,-86.0,-87.66666666666667,-81.75,-83.0,-97.0,-48.25,-83.0,-85.75,-80.4,kitchen
2017-04-10 15:19:39+00:00,-67.6,-82.5,-86.0,-88.0,-77.0,-74.25,-86.5,-49.5,-71.25,-88.5,-81.2,kitchen
2017-04-10 15:19:40+00:00,-76.4,-120.0,-120.0,-120.0,-76.0,-81.33333333333333,-93.0,-55.5,-75.5,-81.0,-74.5,kitchen
2017-04-10 15:19:41+00:00,-73.8,-94.5,-86.5,-86.0,-79.0,-77.8,-90.5,-58.6,-63.75,-87.33333333333333,-81.0,kitchen
2017-04-10 15:19:42+00:00,-76.2,-92.0,-84.0,-81.0,-82.5,-80.25,-87.0,-61.2,-76.0,-90.0,-79.0,kitchen
2017-04-10 15:19:43+00:00,-79.2,-100.0,-120.0,-94.75,-83.8,-76.66666666666667,-94.0,-57.4,-66.25,-80.0,-75.33333333333333,kitchen
2017-04-10 15:19:44+00:00,-83.0,-91.0,-100.0,-87.0,-91.75,-81.0,-90.0,-58.666666666666664,-65.33333333333333,-94.33333333333333,-79.0,kitchen
2017-04-10 15:19:45+00:00,-78.75,-85.5,-99.0,-86.0,-89.25,-74.33333333333333,-84.0,-57.666666666666664,-70.8,-92.0,-75.4,kitchen
2017-04-10 15:19:46+00:00,-77.0,-92.0,-94.0,-88.5,-84.0,-80.33333333333333,-85.0,-61.333333333333336,-71.6,-86.0,-70.5,kitchen
2017-04-10 15:19:47+00:00,-86.5,-88.5,-120.0,-96.0,-83.8,-85.8,-120.0,-61.0,-68.5,-88.0,-77.0,kitchen
2017-04-10 15:19:48+00:00,-83.0,-91.66666666666667,-83.0,-81.5,-91.0,-80.8,-120.0,-59.75,-69.25,-100.0,-70.0,kitchen
2017-04-10 15:19:49+00:00,-72.33333333333333,-91.0,-92.5,-87.5,-86.0,-90.0,-84.0,-62.0,-66.0,-103.0,-77.75,kitchen
2017-04-10 15:19:50+00:00,-73.4,-95.66666666666667,-84.0,-87.5,-82.0,-79.0,-81.0,-59.0,-69.5,-92.0,-76.75,kitchen
2017-04-10 15:19:51+00:00,-70.0,-120.0,-100.0,-88.33333333333333,-85.66666666666667,-120.0,-80.0,-55.0,-77.0,-91.5,-79.0,kitchen
2017-04-10 15:19:52+00:00,-67.5,-120.0,-120.0,-85.0,-82.25,-76.66666666666667,-94.0,-53.4,-84.0,-100.0,-74.5,kitchen
2017-04-10 15:19:53+00:00,-68.2,-120.0,-120.0,-82.0,-81.5,-76.5,-83.0,-56.75,-70.0,-88.33333333333333,-76.6,kitchen
2017-04-10 15:19:54+00:00,-72.66666666666667,-120.0,-120.0,-93.0,-89.33333333333333,-83.33333333333333,-95.0,-61.5,-77.0,-91.66666666666667,-74.2,kitchen
2017-04-10 15:19:55+00:00,-67.33333333333333,-120.0,-85.0,-81.0,-89.0,-83.8,-92.33333333333333,-57.0,-74.25,-89.6,-68.0,kitchen
2017-04-10 15:19:56+00:00,-75.75,-90.0,-120.0,-84.0,-83.0,-76.8,-92.66666666666667,-57.8,-77.0,-93.0,-84.0,kitchen
2017-04-10 15:19:57+00:00,-74.25,-87.33333333333333,-92.0,-93.0,-87.2,-77.0,-92.33333333333333,-56.25,-62.5,-77.5,-75.75,kitchen
2017-04-10 15:19:58+00:00,-80.33333333333333,-89.0,-120.0,-120.0,-80.75,-74.5,-120.0,-55.2,-63.0,-94.0,-75.4,kitchen
2017-04-10 15:19:59+00:00,-72.0,-90.33333333333333,-97.0,-85.0,-80.0,-77.5,-86.5,-56.0,-72.5,-91.2,-81.0,kitchen
2017-04-10 15:20:00+00:00,-72.75,-92.0,-120.0,-120.0,-96.0,-87.5,-90.0,-60.0,-79.25,-90.33333333333333,-75.8,kitchen
2017-04-10 15:20:01+00:00,-73.2,-93.0,-89.5,-84.0,-87.4,-76.33333333333333,-91.0,-54.8,-74.75,-86.25,-70.25,kitchen
2017-04-10 15:20:02+00:00,-75.0,-88.0,-80.0,-87.5,-77.4,-81.4,-86.0,-50.4,-62.0,-87.0,-70.2,kitchen
2017-04-10 15:20:03+00:00,-86.2,-82.75,-70.33333333333333,-82.5,-69.2,-72.75,-69.66666666666667,-72.5,-62.6,-77.8,-64.75,living_area_A
2017-04-10 15:20:04+00:00,-87.0,-75.0,-74.8,-80.4,-78.5,-69.0,-64.0,-70.25,-53.6,-73.0,-61.4,living_area_A
2017-04-10 15:20:05+00:00,-86.66666666666667,-80.5,-76.33333333333333,-82.0,-74.2,-68.0,-72.2,-71.0,-57.0,-79.25,-56.4,living_area_A
2017-04-10 15:20:06+00:00,-80.2,-81.4,-79.8,-86.75,-85.75,-78.0,-79.33333333333333,-75.0,-63.5,-77.0,-57.2,living_area_A
2017-04-10 15:20:07+00:00,-80.75,-81.0,-81.0,-92.0,-87.25,-75.33333333333333,-74.33333333333333,-89.5,-75.33333333333333,-85.66666666666667,-59.333333333333336,living_area_A
2017-04-10 15:20:08+00:00,-82.8,-84.0,-82.6,-96.0,-75.75,-75.0,-75.5,-73.0,-66.5,-79.75,-67.5,living_area_A
2017-04-10 15:20:09+00:00,-120.0,-62.6,-80.0,-83.0,-68.66666666666667,-69.0,-71.0,-81.0,-69.75,-70.5,-68.0,living_area_A
2017-04-10 15:20:10+00:00,-82.25,-72.0,-79.25,-78.5,-66.5,-70.5,-83.75,-87.0,-59.25,-71.5,-71.6,living_area_A
2017-04-10 15:20:11+00:00,-77.0,-70.0,-83.66666666666667,-83.66666666666667,-77.75,-72.5,-74.66666666666667,-74.33333333333333,-62.8,-74.0,-62.0,living_area_A
2017-04-10 15:20:12+00:00,-79.66666666666667,-76.0,-84.5,-79.75,-73.5,-86.0,-85.25,-73.0,-78.0,-79.0,-65.8,living_area_A
2017-04-10 15:20:13+00:00,-81.25,-77.5,-81.25,-81.6,-70.0,-78.8,-75.25,-70.4,-68.2,-68.6,-64.2,living_area_A
2017-04-10 15:20:14+00:00,-72.2,-79.25,-96.0,-90.25,-76.5,-79.0,-77.33333333333333,-61.0,-65.0,-73.33333333333333,-75.75,living_area_A
2017-04-10 15:20:15+00:00,-85.0,-78.8,-82.5,-85.25,-81.0,-81.75,-73.33333333333333,-67.75,-68.0,-76.5,-69.8,living_area_A
2017-04-10 15:20:16+00:00,-81.6,-85.0,-85.5,-83.4,-70.6,-79.0,-77.75,-67.0,-68.6,-79.6,-69.25,living_area_A
2017-04-10 15:20:17+00:00,-79.5,-87.5,-77.8,-81.0,-77.0,-79.0,-73.75,-59.75,-64.33333333333333,-70.0,-65.33333333333333,living_area_A
2017-04-10 15:20:18+00:00,-83.75,-89.5,-86.0,-84.0,-82.75,-90.5,-81.0,-64.25,-68.33333333333333,-86.66666666666667,-67.5,living_area_A
2017-04-10 15:20:19+00:00,-78.33333333333333,-84.0,-68.0,-120.0,-78.8,-80.5,-73.0,-69.8,-62.75,-83.4,-63.8,living_area_A
2017-04-10 15:20:20+00:00,-86.0,-86.0,-89.0,-84.0,-83.0,-82.25,-70.5,-80.8,-66.0,-83.25,-60.0,living_area_A
2017-04-10 15:20:21+00:00,-89.0,-76.0,-83.75,-81.66666666666667,-77.4,-80.25,-81.33333333333333,-80.0,-68.2,-82.75,-71.0,living_area_A
2017-04-10 15:20:22+00:00,-79.33333333333333,-69.0,-81.33333333333333,-78.5,-70.25,-65.75,-71.0,-76.5,-69.0,-75.5,-76.2,living_area_A
2017-04-10 15:20:23+00:00,-72.4,-84.75,-78.5,-80.75,-76.25,-74.5,-76.0,-74.25,-63.0,-79.0,-74.8,kitchen
2017-04-10 15:20:24+00:00,-71.0,-85.0,-86.0,-83.0,-81.5,-88.0,-80.0,-60.5,-69.2,-85.5,-80.5,kitchen
2017-04-10 15:20:25+00:00,-67.75,-84.0,-88.0,-120.0,-85.33333333333333,-86.0,-79.0,-56.0,-52.0,-83.25,-64.25,living_area_A
2017-04-10 15:20:26+00:00,-76.0,-85.5,-82.5,-80.0,-74.0,-72.75,-76.8,-72.75,-58.0,-77.5,-58.5,living_area_A
2017-04-10 15:20:27+00:00,-89.25,-72.5,-82.5,-88.66666666666667,-81.0,-75.5,-76.5,-60.0,-59.333333333333336,-87.0,-65.0,living_area_A
2017-04-10 15:20:28+00:00,-95.0,-75.0,-83.25,-89.0,-80.5,-73.75,-79.6,-63.666666666666664,-67.0,-81.33333333333333,-53.5,living_area_A
2017-04-10 15:20:29+00:00,-85.0,-71.5,-77.0,-80.0,-73.0,-80.33333333333333,-75.66666666666667,-70.0,-68.6,-77.0,-65.6,living_area_A
2017-04-10 15:20:30+00:00,-81.0,-72.25,-82.33333333333333,-80.75,-79.5,-75.5,-82.33333333333333,-81.0,-62.4,-71.75,-73.33333333333333,living_area_A
2017-04-10 15:20:31+00:00,-82.75,-81.6,-75.5,-81.0,-67.66666666666667,-75.6,-75.0,-77.33333333333333,-67.33333333333333,-83.0,-76.25,kitchen
2017-04-10 15:20:32+00:00,-71.2,-95.0,-81.0,-88.0,-80.2,-74.5,-86.33333333333333,-59.8,-77.0,-90.0,-84.25,kitchen
2017-04-10 15:20:33+00:00,-68.0,-92.0,-91.5,-120.0,-75.4,-87.66666666666667,-90.5,-60.0,-79.0,-92.0,-79.75,kitchen
2017-04-10 15:20:35+00:00,-88.75,-120.0,-120.0,-120.0,-82.5,-83.5,-120.0,-73.0,-75.0,-120.0,-91.25,kitchen
2017-04-10 15:20:37+00:00,-87.66666666666667,-120.0,-85.0,-120.0,-87.0,-92.0,-87.5,-68.4,-74.0,-89.0,-91.33333333333333,kitchen
2017-04-10 15:20:39+00:00,-71.8,-89.0,-82.0,-96.5,-82.33333333333333,-74.4,-77.33333333333333,-59.5,-74.33333333333333,-83.0,-75.0,kitchen
2017-04-10 15:20:40+00:00,-84.0,-85.5,-87.5,-78.0,-81.75,-84.5,-78.5,-69.75,-75.0,-85.0,-78.75,kitchen
2017-04-10 15:20:41+00:00,-79.75,-93.5,-83.0,-94.0,-83.75,-84.5,-120.0,-68.25,-72.0,-88.75,-85.0,kitchen
2017-04-10 15:20:42+00:00,-75.33333333333333,-86.75,-89.0,-80.0,-84.33333333333333,-79.0,-85.0,-46.2,-70.5,-87.66666666666667,-78.0,kitchen
2017-04-10 15:20:43+00:00,-70.6,-84.0,-76.66666666666667,-82.33333333333333,-71.6,-74.25,-87.0,-54.5,-64.75,-86.66666666666667,-75.33333333333333,living_area_A
2017-04-10 15:20:44+00:00,-82.0,-76.75,-82.33333333333333,-97.0,-66.0,-68.33333333333333,-73.0,-68.2,-54.4,-75.0,-56.666666666666664,living_area_A
2017-04-10 15:20:45+00:00,-80.5,-77.0,-83.5,-80.0,-76.0,-82.25,-74.0,-78.4,-58.25,-78.4,-58.5,living_area_A
2017-04-10 15:20:46+00:00,-82.0,-73.0,-67.0,-92.0,-69.0,-75.6,-53.25,-69.0,-62.75,-70.0,-66.0,living_area_A
2017-04-10 15:20:47+00:00,-100.0,-77.75,-79.66666666666667,-65.4,-69.2,-75.0,-72.25,-81.4,-57.8,-77.8,-73.2,living_area_A
2017-04-10 15:20:48+00:00,-82.0,-76.6,-68.75,-67.25,-70.0,-66.33333333333333,-72.0,-84.33333333333333,-75.5,-85.0,-72.75,living_area_B
2017-04-10 15:20:49+00:00,-120.0,-75.2,-66.75,-62.6,-58.333333333333336,-60.0,-79.33333333333333,-90.5,-70.0,-81.75,-79.25,living_area_B
2017-04-10 15:21:02+00:00,-85.0,-71.5,-75.0,-65.33333333333333,-64.5,-57.75,-89.5,-86.4,-80.0,-83.75,-82.5,living_area_B
2017-04-10 15:21:04+00:00,-99.0,-76.25,-71.75,-66.66666666666667,-76.0,-50.0,-73.0,-85.66666666666667,-74.66666666666667,-86.5,-79.5,living_area_B
2017-04-10 15:21:05+00:00,-96.0,-76.0,-71.5,-72.0,-65.33333333333333,-55.2,-86.5,-84.66666666666667,-72.5,-80.2,-84.5,living_area_B
2017-04-10 15:21:07+00:00,-88.0,-74.0,-76.0,-73.0,-60.25,-52.25,-84.75,-90.2,-72.25,-77.6,-76.0,living_area_B
2017-04-10 15:21:08+00:00,-83.0,-70.66666666666667,-76.25,-85.0,-67.33333333333333,-58.6,-84.66666666666667,-82.5,-64.75,-76.25,-73.25,living_area_B
2017-04-10 15:21:09+00:00,-81.25,-72.8,-75.0,-87.0,-79.0,-60.5,-73.0,-72.66666666666667,-70.75,-76.0,-64.0,living_area_B
2017-04-10 15:21:10+00:00,-79.0,-82.5,-79.0,-87.33333333333333,-75.5,-74.2,-72.6,-71.25,-60.666666666666664,-72.5,-65.8,living_area_A
2017-04-10 15:21:11+00:00,-77.5,-88.66666666666667,-76.0,-80.0,-72.5,-74.0,-69.66666666666667,-77.75,-60.5,-74.2,-72.66666666666667,living_area_A
2017-04-10 15:21:12+00:00,-83.66666666666667,-81.0,-84.0,-94.0,-85.5,-72.0,-78.0,-72.25,-68.4,-94.33333333333333,-66.2,living_area_A
2017-04-10 15:21:13+00:00,-93.5,-81.0,-87.25,-120.0,-89.66666666666667,-82.0,-78.25,-73.0,-62.0,-88.0,-48.25,living_area_A
2017-04-10 15:21:14+00:00,-120.0,-78.33333333333333,-83.0,-120.0,-91.33333333333333,-79.2,-82.0,-77.0,-68.33333333333333,-89.0,-44.5,living_area_A
2017-04-10 15:21:15+00:00,-96.0,-75.33333333333333,-93.0,-87.0,-84.5,-77.0,-80.0,-72.4,-64.5,-94.33333333333333,-63.666666666666664,living_area_A
2017-04-10 15:21:16+00:00,-120.0,-81.75,-75.25,-87.0,-73.0,-71.25,-75.0,-77.0,-47.5,-81.33333333333333,-72.75,living_area_A
2017-04-10 15:21:17+00:00,-120.0,-80.0,-76.4,-79.66666666666667,-63.333333333333336,-73.0,-58.25,-84.66666666666667,-55.25,-78.33333333333333,-69.2,living_area_A
2017-04-10 15:21:18+00:00,-88.0,-81.0,-71.0,-74.0,-65.4,-62.75,-67.6,-82.0,-52.5,-73.6,-74.75,living_area_A
2017-04-10 15:21:19+00:00,-85.0,-71.8,-62.0,-69.4,-60.0,-61.25,-84.25,-90.66666666666667,-73.0,-78.4,-80.25,living_area_B
2017-04-10 15:21:20+00:00,-120.0,-74.2,-72.33333333333333,-59.5,-52.25,-62.0,-73.5,-120.0,-76.5,-83.66666666666667,-81.5,living_area_B
2017-04-10 15:21:23+00:00,-83.0,-81.5,-72.2,-59.2,-58.0,-60.8,-84.2,-83.25,-61.0,-82.2,-71.0,living_area_B
2017-04-10 15:21:24+00:00,-91.5,-77.4,-73.0,-81.25,-73.66666666666667,-60.6,-77.0,-81.0,-70.75,-68.0,-73.8,living_area_B
2017-04-10 15:21:25+00:00,-86.66666666666667,-72.33333333333333,-65.25,-75.75,-69.66666666666667,-54.4,-69.75,-79.6,-59.5,-73.0,-77.66666666666667,living_area_B
2017-04-10 15:21:26+00:00,-84.5,-71.0,-80.0,-78.75,-75.5,-58.75,-80.5,-78.66666666666667,-76.5,-71.8,-71.6,living_area_A
2017-04-10 15:21:27+00:00,-76.5,-75.6,-80.5,-88.0,-78.2,-73.33333333333333,-79.0,-76.0,-65.75,-63.0,-60.75,living_area_A
2017-04-10 15:21:28+00:00,-81.66666666666667,-69.8,-84.0,-81.2,-71.4,-69.25,-79.33333333333333,-78.66666666666667,-70.4,-81.2,-72.0,living_area_A
2017-04-10 15:21:29+00:00,-82.66666666666667,-69.33333333333333,-82.5,-81.0,-74.25,-74.5,-74.25,-76.25,-71.33333333333333,-70.0,-68.25,living_area_A
2017-04-10 15:21:30+00:00,-77.75,-70.4,-80.5,-86.0,-72.0,-71.0,-79.5,-89.66666666666667,-71.25,-74.0,-73.5,living_area_A
2017-04-10 15:21:31+00:00,-90.33333333333333,-65.0,-71.5,-81.0,-75.0,-64.0,-86.33333333333333,-84.33333333333333,-64.33333333333333,-65.8,-81.5,living_area_A
2017-04-10 15:21:32+00:00,-89.0,-76.75,-76.5,-80.8,-64.4,-68.25,-71.5,-83.6,-57.75,-70.2,-75.2,living_area_A
2017-04-10 15:21:33+00:00,-87.0,-79.5,-68.5,-70.5,-67.2,-65.75,-77.0,-80.0,-60.5,-86.5,-65.0,living_area_B
2017-04-10 15:21:34+00:00,-92.0,-70.33333333333333,-67.0,-75.75,-67.5,-62.75,-77.8,-88.0,-76.0,-86.33333333333333,-79.25,living_area_B
2017-04-10 15:21:35+00:00,-120.0,-75.4,-69.2,-66.2,-55.2,-58.8,-85.5,-93.66666666666667,-69.0,-82.0,-77.6,living_area_B
2017-04-10 15:21:38+00:00,-90.33333333333333,-66.66666666666667,-69.4,-72.5,-60.0,-50.25,-79.0,-88.5,-84.5,-68.75,-76.5,living_area_B
2017-04-10 15:21:39+00:00,-83.0,-65.6,-72.0,-76.0,-69.6,-49.25,-81.5,-82.25,-74.5,-78.75,-76.0,living_area_B
2017-04-10 15:21:40+00:00,-89.66666666666667,-72.0,-77.0,-73.2,-73.2,-53.75,-77.0,-89.0,-82.0,-75.75,-77.8,living_area_B
2017-04-10 15:21:42+00:00,-83.0,-79.25,-70.5,-72.6,-74.8,-65.0,-83.66666666666667,-83.66666666666667,-68.75,-86.5,-85.0,living_area_B
2017-04-10 15:21:43+00:00,-90.0,-66.2,-73.0,-66.5,-62.2,-47.25,-81.33333333333333,-79.75,-65.66666666666667,-75.8,-75.5,living_area_B
2017-04-10 15:21:44+00:00,-86.0,-72.25,-66.75,-73.33333333333333,-78.0,-54.0,-82.33333333333333,-80.0,-64.25,-74.0,-77.66666666666667,living_area_B
2017-04-10 15:21:45+00:00,-83.66666666666667,-68.0,-82.0,-76.75,-70.5,-53.75,-72.0,-85.25,-69.5,-74.25,-63.75,living_area_B
2017-04-10 15:21:46+00:00,-76.33333333333333,-70.5,-78.66666666666667,-84.66666666666667,-75.25,-66.5,-72.75,-73.0,-61.25,-78.5,-71.2,living_area_A
2017-04-10 15:21:47+00:00,-75.33333333333333,-75.33333333333333,-80.0,-81.0,-79.0,-70.0,-82.6,-72.66666666666667,-67.33333333333333,-73.0,-63.0,living_area_A
2017-04-10 15:21:48+00:00,-80.75,-74.75,-70.75,-89.0,-71.5,-66.6,-79.33333333333333,-72.0,-60.0,-77.5,-74.5,living_area_A
2017-04-10 15:21:49+00:00,-85.5,-72.5,-82.25,-75.0,-72.0,-67.6,-77.8,-74.6,-63.0,-78.8,-69.25,living_area_A
2017-04-10 15:21:50+00:00,-91.0,-68.25,-62.5,-76.75,-56.8,-67.0,-71.66666666666667,-78.66666666666667,-71.25,-79.0,-75.75,living_area_A
2017-04-10 15:21:51+00:00,-120.0,-68.5,-64.2,-80.4,-57.0,-48.5,-75.5,-91.0,-69.75,-85.0,-71.25,living_area_B
2017-04-10 15:21:52+00:00,-89.0,-73.25,-65.5,-68.75,-52.5,-67.6,-78.4,-86.0,-57.5,-85.5,-71.0,living_area_B
2017-04-10 15:21:54+00:00,-96.0,-78.0,-73.0,-66.33333333333333,-54.5,-59.75,-84.75,-84.33333333333333,-81.5,-79.5,-78.5,living_area_B
2017-04-10 15:21:55+00:00,-78.0,-68.5,-66.66666666666667,-70.5,-66.5,-47.0,-82.0,-82.0,-62.75,-71.66666666666667,-73.0,living_area_B
2017-04-10 15:21:56+00:00,-88.0,-67.75,-63.25,-70.33333333333333,-65.5,-60.4,-75.66666666666667,-76.2,-62.6,-75.0,-66.5,living_area_B
2017-04-10 15:21:57+00:00,-86.5,-73.4,-67.66666666666667,-84.75,-65.2,-59.666666666666664,-78.75,-75.5,-65.5,-78.2,-68.2,living_area_B
2017-04-10 15:21:58+00:00,-87.5,-74.5,-67.66666666666667,-69.75,-65.25,-60.0,-73.5,-73.0,-77.66666666666667,-80.66666666666667,-79.75,living_area_B
2017-04-10 15:21:59+00:00,-78.75,-69.5,-82.6,-74.4,-68.5,-53.6,-82.25,-79.0,-75.0,-78.8,-76.25,living_area_A
2017-04-10 15:22:00+00:00,-80.25,-69.5,-75.0,-79.33333333333333,-74.8,-60.25,-89.33333333333333,-79.75,-79.0,-74.8,-69.4,living_area_A
2017-04-10 15:22:01+00:00,-79.66666666666667,-67.5,-83.0,-77.0,-71.0,-58.333333333333336,-82.5,-76.25,-78.25,-75.5,-71.0,living_area_A
2017-04-10 15:22:02+00:00,-76.0,-73.25,-80.0,-83.5,-72.75,-64.5,-79.25,-81.0,-77.5,-75.0,-68.8,living_area_A
2017-04-10 15:22:03+00:00,-120.0,-68.5,-80.66666666666667,-83.33333333333333,-69.6,-65.8,-75.33333333333333,-76.8,-73.0,-68.6,-69.6,living_area_A
2017-04-10 15:22:04+00:00,-81.33333333333333,-71.25,-82.5,-83.5,-76.0,-66.0,-77.0,-78.5,-68.0,-70.5,-69.66666666666667,living_area_A
2017-04-10 15:22:05+00:00,-81.25,-75.33333333333333,-79.33333333333333,-87.75,-78.6,-68.5,-84.66666666666667,-82.0,-73.5,-73.0,-59.4,living_area_A
2017-04-10 15:22:06+00:00,-83.0,-75.0,-82.33333333333333,-79.66666666666667,-77.75,-72.2,-67.0,-73.8,-65.0,-81.75,-63.0,living_area_A
2017-04-10 15:22:07+00:00,-82.75,-82.0,-82.5,-86.33333333333333,-80.75,-73.6,-84.33333333333333,-69.0,-62.5,-76.75,-61.4,living_area_A
2017-04-10 15:22:08+00:00,-83.25,-80.5,-89.4,-80.33333333333333,-81.6,-73.75,-72.0,-75.5,-64.4,-76.66666666666667,-66.25,living_area_A
2017-04-10 15:22:19+00:00,-72.33333333333333,-64.2,-72.0,-79.33333333333333,-73.0,-54.0,-79.75,-83.0,-71.0,-75.66666666666667,-76.0,living_area_A
2017-04-10 15:22:20+00:00,-88.5,-71.75,-74.33333333333333,-71.25,-70.0,-54.6,-81.0,-76.8,-70.75,-74.5,-69.75,living_area_A
2017-04-10 15:22:21+00:00,-74.5,-70.8,-80.0,-86.33333333333333,-71.66666666666667,-68.66666666666667,-81.4,-72.0,-69.33333333333333,-72.5,-75.25,living_area_A
2017-04-10 15:22:22+00:00,-71.66666666666667,-67.8,-81.5,-79.33333333333333,-85.75,-77.5,-96.0,-76.4,-70.0,-75.0,-78.0,living_area_A
2017-04-10 15:22:23+00:00,-73.75,-74.75,-75.33333333333333,-83.33333333333333,-75.0,-74.0,-78.33333333333333,-79.5,-86.5,-88.2,-64.0,living_area_A
2017-04-10 15:22:24+00:00,-84.8,-79.75,-80.0,-88.75,-82.66666666666667,-80.25,-120.0,-70.6,-68.66666666666667,-88.5,-63.0,living_area_A
2017-04-10 15:22:25+00:00,-85.0,-80.0,-83.66666666666667,-83.0,-71.33333333333333,-82.25,-75.4,-75.0,-74.66666666666667,-81.25,-68.0,living_area_A
2017-04-10 15:22:26+00:00,-89.5,-71.25,-79.0,-82.25,-80.0,-77.5,-77.66666666666667,-71.75,-63.0,-81.8,-60.75,living_area_A
2017-04-10 15:22:27+00:00,-83.66666666666667,-59.4,-75.5,-75.25,-75.6,-68.25,-70.75,-76.25,-59.666666666666664,-75.0,-67.5,living_area_A
2017-04-10 15:22:28+00:00,-97.0,-69.2,-74.5,-73.75,-71.0,-70.5,-73.5,-81.75,-48.5,-72.0,-59.666666666666664,living_area_A
2017-04-10 15:22:29+00:00,-88.25,-72.4,-67.6,-76.75,-68.6,-69.8,-73.4,-84.5,-61.0,-78.8,-60.0,living_area_A
2017-04-10 15:22:30+00:00,-84.0,-82.33333333333333,-72.2,-75.5,-74.0,-78.0,-73.33333333333333,-76.8,-51.6,-74.6,-58.4,living_area_A
2017-04-10 15:22:31+00:00,-86.5,-88.2,-83.0,-85.5,-81.2,-70.66666666666667,-67.0,-71.66666666666667,-61.0,-81.5,-54.8,living_area_A
2017-04-10 15:22:32+00:00,-91.5,-86.5,-75.75,-89.25,-80.5,-76.2,-66.33333333333333,-86.33333333333333,-58.75,-83.0,-57.0,living_area_A
2017-04-10 15:22:33+00:00,-120.0,-81.2,-78.0,-76.5,-79.66666666666667,-75.4,-68.2,-91.5,-46.0,-80.2,-69.25,living_area_A
2017-04-10 15:22:34+00:00,-92.0,-85.25,-72.0,-77.0,-76.0,-71.25,-63.75,-78.4,-52.0,-76.4,-64.4,living_area_A
2017-04-10 15:22:35+00:00,-91.66666666666667,-81.0,-76.2,-79.0,-76.66666666666667,-77.0,-61.0,-74.0,-53.25,-79.0,-81.75,living_area_A
2017-04-10 15:22:36+00:00,-88.0,-78.75,-82.5,-83.0,-81.25,-77.4,-59.0,-87.66666666666667,-43.75,-77.66666666666667,-74.0,living_area_A
2017-04-10 15:22:37+00:00,-98.0,-84.5,-82.8,-85.5,-78.0,-74.0,-57.75,-78.8,-49.5,-74.25,-66.5,living_area_A
2017-04-10 15:22:38+00:00,-90.0,-80.66666666666667,-77.5,-84.0,-84.0,-74.75,-60.75,-79.75,-56.25,-82.8,-76.0,living_area_A
2017-04-10 15:22:39+00:00,-86.0,-78.33333333333333,-74.0,-84.0,-83.0,-73.5,-64.0,-75.5,-43.0,-80.25,-66.33333333333333,living_area_A
2017-04-10 15:22:40+00:00,-90.0,-88.25,-77.66666666666667,-98.5,-88.33333333333333,-76.0,-73.25,-81.25,-43.333333333333336,-76.5,-64.0,living_area_A
2017-04-10 15:22:41+00:00,-85.5,-69.66666666666667,-75.0,-75.75,-81.0,-83.5,-72.0,-82.0,-55.25,-75.0,-68.66666666666667,living_area_A
2017-04-10 15:22:42+00:00,-120.0,-78.5,-76.0,-80.0,-76.66666666666667,-69.8,-68.75,-83.5,-44.25,-69.0,-72.25,living_area_A
2017-04-10 15:22:43+00:00,-89.0,-82.4,-84.0,-79.0,-77.33333333333333,-60.5,-66.25,-81.0,-50.25,-76.25,-69.75,living_area_A
2017-04-10 15:22:44+00:00,-120.0,-73.0,-77.5,-75.0,-89.33333333333333,-77.0,-71.75,-83.0,-49.0,-77.0,-80.0,living_area_A
2017-04-10 15:22:45+00:00,-120.0,-83.33333333333333,-71.6,-77.66666666666667,-63.5,-64.4,-66.25,-81.0,-46.0,-76.33333333333333,-75.33333333333333,living_area_A
2017-04-10 15:22:46+00:00,-86.0,-89.33333333333333,-79.75,-79.0,-71.5,-65.75,-58.0,-87.0,-51.2,-73.0,-74.0,living_area_A
2017-04-10 15:22:47+00:00,-92.0,-78.5,-72.25,-80.25,-75.5,-72.0,-62.333333333333336,-87.25,-50.0,-74.5,-74.0,living_area_A
2017-04-10 15:22:48+00:00,-86.0,-63.75,-80.0,-64.8,-74.5,-58.0,-75.75,-84.66666666666667,-60.0,-74.0,-75.6,living_area_A
2017-04-10 15:22:49+00:00,-88.0,-83.33333333333333,-82.75,-70.5,-65.66666666666667,-63.4,-68.5,-82.25,-68.0,-74.2,-66.75,living_area_A
2017-04-10 15:22:50+00:00,-85.33333333333333,-72.5,-76.25,-76.0,-58.333333333333336,-65.66666666666667,-72.0,-73.33333333333333,-62.25,-73.0,-55.0,hallway_lower
2017-04-10 15:22:51+00:00,-80.25,-74.2,-73.33333333333333,-77.5,-76.0,-71.75,-73.5,-79.0,-64.0,-69.6,-72.66666666666667,hallway_lower
2017-04-10 15:22:52+00:00,-85.75,-60.25,-87.66666666666667,-72.25,-62.2,-68.5,-79.66666666666667,-83.0,-76.33333333333333,-74.8,-68.0,hallway_lower
2017-04-10 15:22:53+00:00,-76.66666666666667,-67.66666666666667,-75.0,-74.0,-62.0,-74.75,-88.0,-86.75,-68.6,-84.66666666666667,-69.25,hallway_lower
2017-04-10 15:22:54+00:00,-77.0,-62.0,-75.5,-73.2,-67.8,-76.6,-74.0,-76.5,-66.33333333333333,-80.33333333333333,-72.75,hallway_lower
2017-04-10 15:22:55+00:00,-78.75,-61.75,-70.25,-75.25,-69.6,-74.5,-81.5,-81.25,-63.5,-83.0,-63.4,hallway_lower
2017-04-10 15:22:56+00:00,-75.75,-66.8,-78.0,-77.33333333333333,-72.6,-69.4,-74.0,-84.6,-61.75,-84.66666666666667,-69.0,hallway_lower
2017-04-10 15:22:57+00:00,-79.75,-54.666666666666664,-82.25,-71.66666666666667,-72.6,-78.0,-88.5,-82.4,-73.25,-80.4,-66.6,hallway_lower
2017-04-10 15:22:58+00:00,-79.2,-62.0,-81.4,-77.0,-66.75,-69.0,-81.33333333333333,-82.66666666666667,-81.0,-86.5,-78.0,hallway_lower
2017-04-10 15:22:59+00:00,-81.5,-70.4,-68.0,-77.33333333333333,-63.2,-73.75,-87.0,-79.0,-68.33333333333333,-79.0,-83.75,hallway_lower
2017-04-10 15:23:00+00:00,-84.5,-66.33333333333333,-76.0,-77.66666666666667,-72.0,-66.25,-82.66666666666667,-78.0,-70.0,-78.33333333333333,-79.75,hallway_lower
2017-04-10 15:23:01+00:00,-90.0,-60.6,-72.2,-68.25,-57.75,-55.8,-91.0,-86.0,-76.0,-81.0,-79.75,hallway_lower
2017-04-10 15:23:02+00:00,-91.5,-61.333333333333336,-77.5,-78.33333333333333,-71.5,-55.8,-92.0,-90.0,-83.33333333333333,-87.0,-82.66666666666667,hallway_lower
2017-04-10 15:23:03+00:00,-78.6,-53.666666666666664,-82.5,-84.5,-80.0,-69.8,-94.0,-94.0,-82.66666666666667,-75.0,-79.5,hallway_lower
2017-04-10 15:23:04+00:00,-82.0,-61.0,-75.4,-78.5,-75.0,-63.0,-82.5,-120.0,-87.0,-76.66666666666667,-81.0,hallway_lower
2017-04-10 15:23:05+00:00,-74.4,-56.0,-75.8,-74.75,-86.25,-66.0,-76.0,-120.0,-75.0,-77.0,-83.0,hallway_lower
2017-04-10 15:23:06+00:00,-80.75,-60.75,-83.66666666666667,-76.25,-77.0,-56.5,-89.33333333333333,-96.0,-78.0,-74.5,-85.5,hallway_lower
2017-04-10 15:23:07+00:00,-81.5,-55.25,-76.0,-77.75,-89.0,-61.0,-84.66666666666667,-97.0,-73.0,-79.0,-92.0,hallway_lower
2017-04-10 15:23:08+00:00,-70.33333333333333,-60.0,-84.0,-80.66666666666667,-76.0,-65.75,-86.0,-83.0,-76.33333333333333,-71.0,-89.5,hallway_lower
2017-04-10 15:23:09+00:00,-81.66666666666667,-77.5,-80.0,-82.5,-74.0,-97.0,-78.33333333333333,-93.66666666666667,-73.33333333333333,-77.0,-78.5,hallway_lower
2017-04-10 15:23:10+00:00,-76.0,-82.25,-82.75,-84.0,-76.25,-85.75,-78.0,-83.0,-69.75,-66.8,-78.2,hallway_lower
2017-04-10 15:23:12+00:00,-72.33333333333333,-78.5,-79.0,-120.0,-77.33333333333333,-71.8,-66.66666666666667,-71.0,-65.6,-67.33333333333333,-70.4,living_area_A
2017-04-10 15:23:13+00:00,-78.0,-74.0,-84.75,-85.5,-76.0,-80.75,-74.0,-74.5,-70.0,-76.75,-66.66666666666667,living_area_A
2017-04-10 15:23:14+00:00,-80.66666666666667,-120.0,-71.5,-75.0,-80.0,-76.0,-64.0,-74.75,-56.8,-75.0,-51.0,living_area_A
2017-04-10 15:23:15+00:00,-88.5,-70.66666666666667,-71.0,-76.8,-64.75,-69.5,-65.25,-76.33333333333333,-54.8,-71.6,-70.0,living_area_A
2017-04-10 15:23:16+00:00,-94.0,-77.2,-71.0,-79.8,-60.0,-63.0,-65.25,-80.66666666666667,-59.4,-70.33333333333333,-73.0,living_area_A
2017-04-10 15:23:17+00:00,-120.0,-63.25,-80.0,-82.33333333333333,-65.5,-70.0,-70.33333333333333,-83.0,-74.0,-68.66666666666667,-77.0,living_area_A
2017-04-10 15:23:18+00:00,-85.0,-54.0,-82.0,-77.0,-77.25,-62.5,-77.0,-83.5,-79.0,-71.0,-74.0,hallway_lower
2017-04-10 15:23:19+00:00,-86.2,-59.333333333333336,-86.75,-80.33333333333333,-80.25,-65.6,-77.33333333333333,-87.5,-68.75,-65.2,-79.33333333333333,hallway_lower
2017-04-10 15:23:20+00:00,-86.5,-57.6,-85.25,-76.8,-72.8,-71.33333333333333,-81.8,-85.0,-72.5,-76.8,-79.2,hallway_lower
2017-04-10 15:23:21+00:00,-68.5,-73.66666666666667,-85.0,-81.0,-82.33333333333333,-79.0,-75.8,-85.0,-62.0,-78.5,-71.6,stairs
2017-04-10 15:23:22+00:00,-69.6,-75.0,-86.5,-90.5,-88.25,-83.25,-81.25,-81.25,-73.5,-79.0,-75.33333333333333,stairs
2017-04-10 15:23:23+00:00,-76.2,-84.4,-84.0,-93.0,-82.2,-85.0,-86.0,-81.6,-70.0,-74.75,-69.2,stairs
2017-04-10 15:23:25+00:00,-75.0,-63.75,-86.0,-81.0,-86.5,-83.75,-82.33333333333333,-91.0,-71.0,-72.0,-72.4,stairs
2017-04-10 15:23:26+00:00,-65.25,-70.5,-82.0,-77.0,-90.5,-82.0,-76.5,-83.2,-120.0,-73.33333333333333,-79.25,stairs
2017-04-10 15:23:28+00:00,-63.333333333333336,-76.5,-80.66666666666667,-79.0,-87.0,-86.0,-78.25,-74.5,-83.5,-72.75,-76.66666666666667,hallway_upper
2017-04-10 15:23:29+00:00,-68.5,-93.33333333333333,-84.0,-80.0,-88.0,-82.0,-71.25,-69.5,-75.2,-77.5,-70.0,hallway_upper
2017-04-10 15:23:30+00:00,-48.6,-85.0,-81.0,-93.0,-120.0,-85.5,-76.2,-76.75,-79.66666666666667,-72.0,-72.5,hallway_upper
2017-04-10 15:23:31+00:00,-70.5,-84.0,-78.0,-79.5,-89.0,-78.5,-72.0,-85.0,-75.33333333333333,-82.0,-72.4,hallway_upper
2017-04-10 15:23:32+00:00,-68.0,-87.66666666666667,-86.25,-88.33333333333333,-85.33333333333333,-80.66666666666667,-66.0,-88.0,-70.0,-81.25,-68.5,bedroom_2
2017-04-10 15:23:33+00:00,-84.66666666666667,-86.33333333333333,-82.5,-88.5,-85.0,-84.66666666666667,-70.5,-82.0,-73.0,-77.5,-56.0,bedroom_2
2017-04-10 15:23:54+00:00,-83.0,-120.0,-67.4,-80.2,-90.0,-83.0,-65.8,-87.0,-72.0,-67.0,-87.33333333333333,bedroom_2
2017-04-10 15:23:55+00:00,-78.0,-84.5,-69.0,-76.75,-91.5,-83.5,-64.4,-76.5,-74.2,-73.66666666666667,-69.25,bedroom_2
2017-04-10 15:23:56+00:00,-84.2,-87.5,-73.66666666666667,-82.8,-85.66666666666667,-84.66666666666667,-71.5,-81.0,-69.33333333333333,-75.33333333333333,-74.5,bedroom_2
2017-04-10 15:23:57+00:00,-77.66666666666667,-89.25,-68.25,-80.75,-82.8,-88.0,-67.25,-84.0,-63.0,-65.0,-77.75,hallway_upper
2017-04-10 15:23:58+00:00,-82.33333333333333,-77.0,-68.0,-76.0,-86.33333333333333,-78.0,-55.0,-90.66666666666667,-75.25,-63.75,-75.75,hallway_upper
2017-04-10 15:23:59+00:00,-71.5,-85.5,-79.0,-80.0,-92.0,-79.25,-60.5,-88.0,-74.2,-62.25,-85.6,hallway_upper
2017-04-10 15:24:00+00:00,-68.25,-85.5,-72.25,-77.0,-90.5,-81.5,-71.0,-90.33333333333333,-77.0,-62.4,-74.5,hallway_upper
2017-04-10 15:24:01+00:00,-74.8,-120.0,-82.25,-87.0,-80.66666666666667,-77.6,-74.0,-90.5,-73.0,-72.25,-76.5,bedroom_2
2017-04-10 15:24:02+00:00,-82.0,-120.0,-72.0,-120.0,-89.0,-81.33333333333333,-72.0,-85.75,-73.33333333333333,-77.5,-74.8,bedroom_2
2017-04-10 15:24:03+00:00,-84.5,-94.0,-81.25,-84.33333333333333,-92.0,-82.75,-66.0,-120.0,-82.75,-82.66666666666667,-72.25,bedroom_2
2017-04-10 15:24:08+00:00,-75.33333333333333,-120.0,-73.5,-81.5,-91.5,-86.5,-95.0,-86.33333333333333,-73.0,-82.8,-80.0,bedroom_2
2017-04-10 15:24:09+00:00,-82.0,-92.0,-75.33333333333333,-86.2,-120.0,-84.0,-67.2,-84.66666666666667,-64.33333333333333,-76.2,-80.0,bedroom_2
2017-04-10 15:24:10+00:00,-72.5,-85.0,-68.0,-79.0,-87.0,-89.0,-67.0,-87.25,-76.0,-70.4,-73.0,bedroom_2
2017-04-10 15:24:11+00:00,-76.4,-89.5,-81.8,-84.25,-89.66666666666667,-80.0,-80.0,-90.33333333333333,-77.75,-78.0,-71.2,bedroom_2
2017-04-10 15:24:12+00:00,-72.0,-91.0,-75.75,-81.5,-89.33333333333333,-79.0,-65.4,-120.0,-78.8,-67.0,-69.4,bedroom_2
2017-04-10 15:24:13+00:00,-79.33333333333333,-89.66666666666667,-72.75,-83.66666666666667,-86.66666666666667,-84.66666666666667,-71.6,-94.5,-84.0,-76.75,-85.4,bedroom_2
2017-04-10 15:24:14+00:00,-85.0,-91.0,-80.0,-90.0,-85.0,-84.5,-70.0,-87.0,-70.5,-81.5,-66.5,bedroom_2
2017-04-10 15:24:15+00:00,-86.5,-95.5,-73.2,-86.33333333333333,-89.0,-83.66666666666667,-71.25,-93.0,-64.66666666666667,-77.75,-69.6,bedroom_2
2017-04-10 15:24:16+00:00,-84.25,-120.0,-83.0,-86.75,-93.25,-83.66666666666667,-68.33333333333333,-89.0,-73.0,-70.66666666666667,-74.0,bedroom_2
2017-04-10 15:24:17+00:00,-73.75,-88.33333333333333,-70.8,-89.0,-120.0,-81.0,-76.25,-80.5,-88.33333333333333,-75.25,-77.75,bedroom_2
2017-04-10 15:24:18+00:00,-84.0,-97.0,-69.6,-75.25,-88.0,-89.25,-56.0,-93.0,-78.75,-77.6,-79.75,bedroom_2
2017-04-10 15:24:19+00:00,-96.0,-85.0,-69.0,-80.75,-85.0,-84.8,-61.25,-87.0,-65.75,-73.8,-69.0,bedroom_2
2017-04-10 15:24:20+00:00,-83.0,-87.0,-67.0,-81.0,-89.5,-84.25,-66.0,-90.5,-80.5,-68.6,-72.5,bedroom_2
2017-04-10 15:24:24+00:00,-85.0,-95.5,-63.25,-91.0,-85.33333333333333,-90.0,-51.666666666666664,-120.0,-73.75,-69.25,-73.6,bedroom_2
2017-04-10 15:24:25+00:00,-98.0,-86.0,-66.33333333333333,-76.75,-87.5,-81.75,-60.75,-91.75,-73.6,-75.0,-76.0,bedroom_2
2017-04-10 15:24:26+00:00,-80.0,-84.0,-69.75,-69.0,-88.66666666666667,-84.0,-62.4,-87.66666666666667,-78.0,-77.5,-75.5,bedroom_2
2017-04-10 15:24:27+00:00,-79.5,-92.0,-78.0,-74.5,-87.5,-74.0,-67.33333333333333,-91.0,-77.5,-73.75,-74.75,hallway_upper
2017-04-10 15:24:28+00:00,-79.0,-84.0,-74.0,-74.0,-80.33333333333333,-82.0,-68.0,-86.33333333333333,-71.0,-71.8,-69.0,hallway_upper
2017-04-10 15:24:29+00:00,-74.2,-95.0,-73.8,-89.66666666666667,-84.5,-80.75,-66.4,-85.66666666666667,-85.5,-73.6,-71.2,hallway_upper
2017-04-10 15:24:30+00:00,-78.5,-89.2,-74.5,-85.0,-93.5,-82.0,-65.0,-86.75,-78.0,-77.75,-70.2,hallway_upper
2017-04-10 15:24:31+00:00,-65.5,-85.25,-82.66666666666667,-94.0,-84.66666666666667,-75.5,-72.0,-78.75,-71.33333333333333,-69.5,-71.6,hallway_upper
2017-04-10 15:24:32+00:00,-74.2,-88.25,-73.75,-83.0,-87.66666666666667,-90.0,-75.0,-78.0,-83.33333333333333,-72.2,-73.0,hallway_upper
2017-04-10 15:24:33+00:00,-68.0,-92.75,-71.8,-84.66666666666667,-91.33333333333333,-73.2,-66.25,-83.0,-82.0,-52.5,-80.0,bedroom_1
2017-04-10 15:24:34+00:00,-76.0,-87.0,-73.5,-75.33333333333333,-86.5,-70.75,-74.5,-84.5,-77.33333333333333,-49.5,-78.5,bedroom_1
2017-04-10 15:24:35+00:00,-79.75,-86.66666666666667,-51.666666666666664,-64.8,-74.6,-70.6,-68.25,-87.0,-75.0,-61.8,-85.75,bedroom_1
2017-04-10 15:24:36+00:00,-78.0,-83.0,-49.0,-66.4,-81.75,-77.25,-66.0,-86.0,-78.25,-59.25,-80.2,bedroom_1
2017-04-10 15:24:37+00:00,-86.75,-80.75,-53.8,-67.75,-80.0,-82.5,-63.666666666666664,-120.0,-92.0,-61.5,-86.0,bedroom_1
2017-04-10 15:24:38+00:00,-83.75,-86.33333333333333,-58.0,-60.666666666666664,-66.5,-77.0,-68.0,-120.0,-93.0,-64.25,-86.6,bedroom_1
2017-04-10 15:24:39+00:00,-81.33333333333333,-78.6,-55.0,-62.5,-78.6,-79.75,-69.6,-97.0,-85.33333333333333,-75.25,-84.33333333333333,bedroom_1
2017-04-10 15:24:40+00:00,-90.5,-86.6,-62.5,-55.8,-72.4,-72.75,-77.25,-98.0,-84.0,-66.0,-88.8,bedroom_1
2017-04-10 15:24:41+00:00,-89.5,-83.0,-61.8,-68.33333333333333,-77.0,-69.0,-72.8,-120.0,-84.0,-75.25,-84.5,bedroom_1
2017-04-10 15:24:43+00:00,-91.66666666666667,-88.0,-54.75,-55.333333333333336,-74.0,-78.5,-73.0,-120.0,-90.0,-73.0,-81.5,bedroom_1
2017-04-10 15:24:44+00:00,-120.0,-84.0,-57.75,-60.5,-62.2,-61.666666666666664,-66.66666666666667,-120.0,-80.0,-77.0,-85.0,bedroom_1
2017-04-10 15:24:45+00:00,-90.5,-91.66666666666667,-57.6,-52.0,-59.6,-71.25,-69.5,-91.0,-91.5,-74.75,-89.33333333333333,bedroom_1
2017-04-10 15:24:46+00:00,-90.66666666666667,-88.33333333333333,-55.5,-53.25,-67.6,-74.0,-74.0,-120.0,-85.66666666666667,-83.5,-90.0,bedroom_1
2017-04-10 15:24:47+00:00,-81.0,-87.5,-56.75,-54.333333333333336,-65.33333333333333,-68.66666666666667,-76.25,-120.0,-82.0,-79.66666666666667,-81.5,bedroom_1
2017-04-10 15:24:48+00:00,-85.0,-85.6,-51.5,-61.0,-68.8,-73.25,-73.6,-120.0,-82.33333333333333,-74.4,-91.0,bedroom_1
2017-04-10 15:24:49+00:00,-100.0,-88.33333333333333,-60.8,-57.75,-64.0,-79.2,-77.5,-120.0,-89.5,-81.75,-80.75,bedroom_1
2017-04-10 15:24:50+00:00,-86.0,-98.0,-56.5,-63.0,-60.25,-74.4,-71.4,-96.0,-81.0,-79.25,-80.5,bedroom_1
2017-04-10 15:24:51+00:00,-86.0,-88.0,-55.5,-67.66666666666667,-63.0,-75.0,-69.0,-120.0,-94.0,-69.0,-82.0,bedroom_1
2017-04-10 15:24:52+00:00,-81.75,-83.0,-54.333333333333336,-120.0,-120.0,-64.5,-72.66666666666667,-88.0,-75.0,-69.75,-84.33333333333333,bedroom_1
2017-04-10 15:24:53+00:00,-84.4,-89.33333333333333,-63.2,-56.0,-75.33333333333333,-66.66666666666667,-76.0,-120.0,-79.0,-64.25,-89.5,bedroom_1
2017-04-10 15:24:54+00:00,-82.5,-89.5,-66.0,-57.75,-77.5,-66.0,-79.33333333333333,-99.0,-93.5,-70.0,-95.0,bedroom_1
2017-04-10 15:24:55+00:00,-86.5,-86.2,-61.25,-62.333333333333336,-76.75,-71.75,-89.0,-120.0,-79.66666666666667,-75.6,-82.66666666666667,bedroom_1
2017-04-10 15:26:38+00:00,-88.5,-92.0,-79.5,-63.0,-73.5,-73.2,-68.0,-120.0,-74.0,-73.2,-90.0,bedroom_1
2017-04-10 15:26:39+00:00,-83.75,-85.0,-60.5,-56.666666666666664,-78.33333333333333,-81.0,-81.0,-120.0,-88.4,-70.5,-88.75,bedroom_1
2017-04-10 15:26:40+00:00,-84.33333333333333,-85.66666666666667,-75.25,-63.5,-71.0,-72.2,-76.4,-120.0,-75.0,-75.0,-85.0,bedroom_1
2017-04-10 15:26:41+00:00,-89.0,-77.0,-64.4,-53.333333333333336,-67.33333333333333,-75.75,-70.75,-120.0,-83.5,-73.75,-84.0,bedroom_1
2017-04-10 15:26:42+00:00,-90.25,-85.5,-65.8,-59.0,-69.66666666666667,-72.5,-72.6,-120.0,-94.0,-76.0,-84.33333333333333,bedroom_1
2017-04-10 15:26:43+00:00,-90.0,-77.0,-72.33333333333333,-49.0,-73.66666666666667,-76.0,-75.4,-120.0,-83.5,-75.5,-90.0,bedroom_1
2017-04-10 15:26:44+00:00,-88.33333333333333,-85.66666666666667,-58.5,-55.0,-69.66666666666667,-77.0,-70.0,-120.0,-120.0,-83.0,-92.0,bedroom_1
2017-04-10 15:26:45+00:00,-120.0,-88.66666666666667,-59.2,-55.25,-71.75,-77.0,-81.0,-120.0,-88.0,-84.5,-94.0,bedroom_1
2017-04-10 15:26:46+00:00,-92.5,-81.33333333333333,-65.5,-57.666666666666664,-67.0,-66.0,-78.0,-120.0,-83.75,-81.25,-88.0,bedroom_1
2017-04-10 15:26:47+00:00,-85.5,-83.66666666666667,-61.0,-49.5,-73.75,-67.0,-73.6,-120.0,-90.0,-81.5,-95.0,bedroom_1
2017-04-10 15:26:48+00:00,-86.0,-82.6,-57.0,-41.4,-73.8,-72.2,-79.0,-120.0,-73.33333333333333,-80.6,-82.0,bedroom_1
2017-04-10 15:26:49+00:00,-94.0,-73.66666666666667,-61.25,-53.0,-71.66666666666667,-68.66666666666667,-71.75,-120.0,-79.33333333333333,-80.5,-84.33333333333333,bedroom_1
2017-04-10 15:26:50+00:00,-85.0,-83.0,-55.0,-47.0,-66.66666666666667,-68.75,-73.8,-120.0,-82.33333333333333,-77.0,-90.0,bedroom_1
2017-04-10 15:26:51+00:00,-96.0,-77.25,-57.2,-53.0,-79.75,-63.6,-65.0,-120.0,-81.0,-75.5,-92.0,bedroom_1
2017-04-10 15:26:52+00:00,-85.25,-80.25,-62.5,-66.66666666666667,-79.0,-66.5,-73.5,-120.0,-120.0,-74.4,-86.0,bedroom_1
2017-04-10 15:26:53+00:00,-94.0,-83.4,-65.75,-58.0,-77.5,-62.75,-77.25,-120.0,-87.66666666666667,-75.33333333333333,-87.66666666666667,bedroom_1
2017-04-10 15:26:54+00:00,-90.5,-80.0,-58.75,-53.0,-78.0,-61.25,-77.6,-120.0,-90.5,-74.25,-87.0,bedroom_1
2017-04-10 15:26:55+00:00,-96.5,-86.2,-60.5,-53.25,-68.66666666666667,-70.75,-76.0,-120.0,-86.0,-68.33333333333333,-89.5,bedroom_1
2017-04-10 15:26:56+00:00,-91.0,-82.33333333333333,-61.4,-62.0,-68.0,-69.25,-78.0,-120.0,-77.66666666666667,-75.75,-92.0,bedroom_1
2017-04-10 15:26:57+00:00,-85.5,-77.5,-55.0,-65.0,-75.0,-71.0,-72.25,-120.0,-85.0,-71.0,-92.5,bedroom_1
2017-04-10 15:26:58+00:00,-80.5,-82.6,-47.2,-69.0,-79.4,-69.4,-75.0,-120.0,-67.5,-65.5,-81.0,bedroom_1
2017-04-10 15:26:59+00:00,-89.33333333333333,-85.75,-51.0,-66.75,-72.75,-66.8,-86.0,-120.0,-76.66666666666667,-75.0,-84.0,bedroom_1
2017-04-10 15:27:12+00:00,-85.33333333333333,-84.25,-59.5,-69.66666666666667,-75.25,-72.8,-72.66666666666667,-88.5,-72.0,-65.8,-89.0,bedroom_1
2017-04-10 15:27:38+00:00,-88.0,-83.0,-58.4,-62.333333333333336,-67.5,-72.2,-76.0,-92.0,-79.5,-70.0,-86.66666666666667,bedroom_1
2017-04-10 15:27:39+00:00,-85.0,-83.66666666666667,-59.666666666666664,-56.666666666666664,-71.0,-71.33333333333333,-68.66666666666667,-120.0,-88.0,-74.0,-73.66666666666667,bedroom_1
2017-04-10 15:27:40+00:00,-85.25,-81.5,-62.4,-68.0,-76.0,-73.5,-66.66666666666667,-120.0,-87.66666666666667,-66.0,-81.8,bedroom_1
2017-04-10 15:27:41+00:00,-81.5,-85.0,-54.0,-64.33333333333333,-79.0,-76.25,-66.33333333333333,-93.0,-84.0,-76.75,-84.0,bedroom_1
2017-04-10 15:27:42+00:00,-74.0,-86.8,-58.0,-66.0,-77.33333333333333,-81.0,-62.5,-120.0,-120.0,-67.66666666666667,-83.0,bedroom_1
2017-04-10 15:27:43+00:00,-85.6,-88.75,-58.2,-64.0,-69.25,-78.75,-70.66666666666667,-120.0,-89.5,-75.2,-92.33333333333333,bedroom_1
2017-04-10 15:27:44+00:00,-88.5,-92.66666666666667,-60.0,-62.2,-64.0,-70.0,-70.0,-120.0,-79.25,-66.6,-85.5,bedroom_1
2017-04-10 15:27:45+00:00,-86.0,-85.33333333333333,-51.25,-68.25,-65.0,-65.33333333333333,-73.4,-120.0,-84.5,-71.0,-83.4,bedroom_1
2017-04-10 15:27:46+00:00,-89.33333333333333,-86.33333333333333,-71.0,-67.5,-75.0,-69.66666666666667,-73.0,-99.0,-83.2,-65.0,-81.5,bedroom_1
2017-04-10 15:27:47+00:00,-85.0,-87.25,-62.25,-71.33333333333333,-77.5,-71.0,-70.4,-94.0,-75.0,-71.5,-75.33333333333333,bedroom_1
2017-04-10 15:27:48+00:00,-78.75,-90.66666666666667,-52.75,-63.8,-73.4,-75.25,-69.0,-92.5,-83.66666666666667,-77.33333333333333,-81.8,bedroom_1
2017-04-10 15:27:49+00:00,-80.8,-86.25,-61.75,-74.0,-81.25,-83.25,-67.0,-86.0,-78.5,-70.0,-77.33333333333333,bedroom_1
2017-04-10 15:27:50+00:00,-72.0,-83.5,-54.666666666666664,-70.5,-74.0,-67.75,-68.0,-93.5,-80.33333333333333,-69.25,-79.75,bedroom_1
2017-04-10 15:28:33+00:00,-88.0,-89.33333333333333,-69.0,-63.0,-66.75,-75.25,-63.666666666666664,-120.0,-90.0,-66.25,-85.66666666666667,bedroom_1
2017-04-10 15:28:34+00:00,-100.0,-87.33333333333333,-50.333333333333336,-64.2,-75.25,-75.6,-72.5,-84.0,-86.0,-61.25,-79.0,bedroom_1
2017-04-10 15:28:35+00:00,-87.66666666666667,-87.6,-56.25,-70.4,-79.5,-76.2,-69.0,-88.0,-88.0,-68.5,-90.0,bedroom_1
2017-04-10 15:28:36+00:00,-83.66666666666667,-86.75,-54.25,-65.8,-69.25,-74.6,-70.0,-86.5,-80.66666666666667,-64.0,-87.66666666666667,bedroom_1
2017-04-10 15:28:37+00:00,-84.25,-86.25,-59.6,-72.0,-74.25,-70.0,-66.33333333333333,-120.0,-74.0,-68.25,-97.0,bedroom_1
2017-04-10 15:28:38+00:00,-90.0,-77.0,-67.0,-61.6,-73.8,-69.4,-74.66666666666667,-120.0,-82.0,-64.33333333333333,-87.0,bedroom_1
2017-04-10 15:28:42+00:00,-87.33333333333333,-82.75,-67.5,-55.8,-78.0,-66.0,-73.0,-120.0,-93.0,-72.5,-90.0,bedroom_1
2017-04-10 15:28:43+00:00,-86.0,-84.33333333333333,-60.4,-58.5,-66.5,-73.2,-71.5,-89.0,-80.8,-74.25,-89.75,bedroom_1
2017-04-10 15:28:44+00:00,-85.5,-89.0,-67.5,-68.0,-78.8,-67.5,-72.33333333333333,-120.0,-79.5,-73.33333333333333,-87.25,bedroom_1
2017-04-10 15:28:45+00:00,-86.5,-85.33333333333333,-58.5,-52.0,-72.5,-76.0,-75.33333333333333,-120.0,-86.0,-72.25,-90.0,bedroom_1
2017-04-10 15:28:46+00:00,-89.4,-120.0,-63.0,-73.0,-72.25,-68.75,-67.25,-120.0,-67.66666666666667,-78.0,-120.0,bedroom_1
2017-04-10 15:28:47+00:00,-79.33333333333333,-83.66666666666667,-65.0,-64.0,-75.5,-70.75,-81.0,-120.0,-78.33333333333333,-74.25,-98.0,bedroom_1
2017-04-10 15:28:54+00:00,-87.0,-89.66666666666667,-63.4,-59.0,-71.66666666666667,-71.2,-79.5,-90.0,-85.33333333333333,-73.33333333333333,-81.5,bedroom_1
2017-04-10 15:28:59+00:00,-88.0,-85.4,-61.8,-64.6,-77.4,-78.8,-74.4,-120.0,-85.33333333333333,-74.5,-90.66666666666667,bedroom_1
2017-04-10 15:29:00+00:00,-85.0,-82.0,-51.75,-62.75,-77.33333333333333,-71.5,-65.66666666666667,-120.0,-80.0,-66.75,-100.0,bedroom_1
2017-04-10 15:29:01+00:00,-86.25,-81.5,-56.2,-61.4,-86.6,-66.66666666666667,-67.5,-120.0,-69.5,-61.25,-83.75,bedroom_1
2017-04-10 15:29:02+00:00,-84.25,-81.66666666666667,-60.5,-70.25,-81.75,-70.2,-71.0,-90.0,-89.5,-60.25,-75.33333333333333,bedroom_1
2017-04-10 15:29:03+00:00,-82.25,-77.5,-54.333333333333336,-63.5,-78.33333333333333,-70.66666666666667,-64.0,-89.0,-82.0,-74.6,-87.5,bedroom_1
2017-04-10 15:29:04+00:00,-81.5,-86.0,-51.2,-67.5,-68.25,-72.8,-56.333333333333336,-120.0,-85.33333333333333,-68.0,-91.25,bedroom_1
2017-04-10 15:29:05+00:00,-87.33333333333333,-80.33333333333333,-61.8,-75.0,-74.6,-71.25,-65.0,-120.0,-78.5,-76.66666666666667,-87.8,bedroom_1
2017-04-10 15:29:14+00:00,-83.4,-86.5,-66.8,-68.4,-75.8,-70.25,-78.0,-120.0,-75.5,-71.0,-86.5,bedroom_1
2017-04-10 15:29:15+00:00,-90.0,-85.5,-62.6,-57.0,-74.4,-79.66666666666667,-71.6,-120.0,-84.0,-77.66666666666667,-91.66666666666667,bedroom_1
2017-04-10 15:29:36+00:00,-82.75,-89.0,-59.0,-69.0,-82.66666666666667,-72.0,-80.66666666666667,-120.0,-73.0,-70.66666666666667,-91.0,bedroom_1
2017-04-10 15:29:37+00:00,-86.0,-83.33333333333333,-62.75,-62.25,-76.0,-72.33333333333333,-79.5,-120.0,-75.5,-70.75,-83.5,bedroom_1
2017-04-10 15:29:38+00:00,-74.0,-82.0,-60.333333333333336,-60.0,-77.75,-68.33333333333333,-76.6,-85.0,-78.0,-61.666666666666664,-87.5,bedroom_1
2017-04-10 15:29:39+00:00,-91.5,-88.4,-59.0,-66.4,-78.25,-74.25,-73.8,-120.0,-95.0,-68.5,-120.0,bedroom_1
2017-04-10 15:29:40+00:00,-87.5,-78.33333333333333,-63.75,-60.4,-74.4,-66.4,-70.25,-120.0,-81.66666666666667,-69.0,-82.66666666666667,bedroom_1
2017-04-10 15:30:09+00:00,-82.0,-86.0,-56.666666666666664,-67.33333333333333,-77.5,-74.66666666666667,-63.0,-120.0,-82.0,-73.25,-83.0,bedroom_1
2017-04-10 15:30:10+00:00,-91.75,-85.2,-59.25,-74.75,-80.66666666666667,-69.66666666666667,-67.4,-120.0,-74.0,-78.5,-96.0,bedroom_1
2017-04-10 15:30:12+00:00,-120.0,-82.2,-55.666666666666664,-66.0,-77.0,-68.0,-75.8,-120.0,-84.75,-66.8,-91.0,bedroom_1
2017-04-10 15:30:13+00:00,-80.75,-78.0,-49.666666666666664,-76.33333333333333,-81.8,-66.25,-71.4,-120.0,-75.0,-69.6,-80.0,bedroom_1
2017-04-10 15:30:14+00:00,-78.5,-91.5,-51.75,-72.33333333333333,-85.0,-66.33333333333333,-75.0,-120.0,-75.0,-61.0,-89.0,bedroom_1
2017-04-10 15:30:16+00:00,-82.0,-85.33333333333333,-65.0,-61.6,-75.66666666666667,-75.0,-69.0,-120.0,-79.66666666666667,-75.75,-82.0,bedroom_1
2017-04-10 15:30:31+00:00,-82.5,-76.0,-66.75,-54.333333333333336,-75.0,-74.0,-67.33333333333333,-84.0,-79.66666666666667,-71.0,-87.33333333333333,bedroom_1
2017-04-10 15:30:32+00:00,-78.33333333333333,-76.0,-56.5,-70.66666666666667,-87.33333333333333,-67.0,-66.4,-85.0,-79.0,-62.0,-82.5,bedroom_1
2017-04-10 15:30:33+00:00,-77.66666666666667,-79.25,-58.0,-63.0,-79.0,-67.33333333333333,-65.0,-100.0,-83.33333333333333,-65.25,-82.0,bedroom_1
2017-04-10 15:30:34+00:00,-86.25,-86.0,-49.0,-71.75,-77.0,-74.33333333333333,-69.0,-120.0,-82.0,-65.75,-88.0,bedroom_1
2017-04-10 15:30:35+00:00,-79.33333333333333,-84.5,-62.5,-55.0,-90.0,-68.75,-76.5,-99.0,-90.33333333333333,-68.0,-82.0,bedroom_1
2017-04-10 15:30:36+00:00,-82.0,-83.33333333333333,-60.8,-67.5,-71.66666666666667,-72.0,-69.75,-102.0,-83.5,-72.66666666666667,-91.5,bedroom_1
2017-04-10 15:30:39+00:00,-88.0,-79.25,-63.25,-57.75,-77.33333333333333,-72.2,-68.75,-120.0,-79.0,-68.6,-87.5,bedroom_1
2017-04-10 15:30:40+00:00,-90.33333333333333,-86.0,-54.666666666666664,-75.0,-83.75,-69.25,-64.66666666666667,-94.0,-84.0,-61.0,-93.0,bedroom_1
2017-04-10 15:30:41+00:00,-81.33333333333333,-79.0,-62.333333333333336,-77.5,-76.66666666666667,-69.0,-62.0,-120.0,-80.33333333333333,-64.25,-81.5,bedroom_1
2017-04-10 15:30:42+00:00,-91.0,-84.5,-66.75,-74.5,-79.66666666666667,-65.25,-69.0,-84.0,-78.0,-64.25,-85.33333333333333,bedroom_1
2017-04-10 15:30:44+00:00,-86.2,-87.0,-56.0,-60.333333333333336,-76.5,-74.8,-71.5,-120.0,-120.0,-69.0,-90.0,bedroom_1
2017-04-10 15:31:00+00:00,-87.0,-83.0,-59.25,-61.6,-70.6,-81.0,-70.66666666666667,-120.0,-77.0,-73.0,-84.0,bedroom_1
2017-04-10 15:31:01+00:00,-83.0,-79.8,-61.0,-64.5,-76.5,-71.4,-82.75,-120.0,-81.25,-70.6,-91.0,bedroom_1
2017-04-10 15:31:02+00:00,-80.66666666666667,-83.66666666666667,-65.6,-58.25,-76.33333333333333,-72.5,-76.75,-120.0,-85.66666666666667,-81.0,-96.0,bedroom_1
2017-04-10 15:31:03+00:00,-87.5,-83.66666666666667,-68.25,-62.0,-73.0,-72.4,-74.0,-120.0,-94.0,-79.0,-87.5,bedroom_1
2017-04-10 15:31:04+00:00,-82.6,-80.66666666666667,-72.0,-70.4,-81.5,-75.0,-78.66666666666667,-90.0,-80.66666666666667,-65.0,-78.5,bedroom_1
2017-04-10 15:31:05+00:00,-76.0,-77.25,-76.0,-77.0,-85.0,-77.0,-78.2,-86.0,-81.75,-65.66666666666667,-82.0,bedroom_1
2017-04-10 15:31:06+00:00,-74.4,-85.0,-74.75,-80.33333333333333,-85.0,-82.75,-74.75,-82.0,-82.0,-62.2,-84.33333333333333,hallway_upper
2017-04-10 15:31:07+00:00,-66.0,-82.4,-83.0,-85.0,-85.0,-78.0,-76.33333333333333,-85.25,-85.0,-70.33333333333333,-67.0,hallway_upper
2017-04-10 15:31:08+00:00,-64.25,-80.33333333333333,-82.0,-81.66666666666667,-85.25,-78.8,-75.0,-79.0,-80.0,-67.33333333333333,-83.0,bedroom_2
2017-04-10 15:31:09+00:00,-80.66666666666667,-91.33333333333333,-79.0,-89.0,-85.5,-82.33333333333333,-71.66666666666667,-83.0,-79.75,-77.4,-74.8,bedroom_2
2017-04-10 15:31:11+00:00,-84.0,-87.0,-63.8,-74.0,-88.66666666666667,-91.25,-62.2,-120.0,-71.0,-66.6,-80.0,bedroom_2
2017-04-10 15:31:12+00:00,-79.5,-89.75,-66.4,-83.33333333333333,-87.66666666666667,-80.75,-64.5,-120.0,-77.75,-69.75,-74.75,bedroom_2
2017-04-10 15:31:13+00:00,-83.33333333333333,-91.5,-58.5,-78.75,-88.0,-82.8,-61.4,-90.0,-76.5,-68.5,-74.33333333333333,bedroom_2
2017-04-10 15:31:14+00:00,-86.33333333333333,-88.5,-71.25,-75.66666666666667,-89.25,-78.33333333333333,-73.25,-81.5,-74.0,-64.5,-72.75,hallway_upper
2017-04-10 15:31:15+00:00,-85.0,-79.75,-74.33333333333333,-75.0,-92.66666666666667,-77.33333333333333,-66.25,-79.33333333333333,-74.66666666666667,-75.25,-80.8,hallway_upper
2017-04-10 15:31:16+00:00,-77.25,-88.0,-66.66666666666667,-74.66666666666667,-78.0,-72.25,-64.6,-86.0,-80.0,-59.0,-89.0,hallway_upper
2017-04-10 15:31:17+00:00,-77.8,-79.2,-62.0,-68.75,-75.4,-67.2,-65.75,-97.0,-71.0,-63.0,-87.0,bedroom_1
2017-04-10 15:31:18+00:00,-86.0,-86.0,-55.0,-57.2,-77.6,-69.6,-66.33333333333333,-89.66666666666667,-77.66666666666667,-70.75,-86.8,bedroom_1
2017-04-10 15:31:19+00:00,-79.5,-84.0,-50.75,-55.666666666666664,-69.0,-66.0,-61.5,-84.0,-75.0,-63.0,-90.0,bedroom_1
2017-04-10 15:31:20+00:00,-78.0,-79.4,-59.333333333333336,-74.75,-74.8,-74.0,-78.75,-91.0,-81.66666666666667,-62.25,-91.0,bedroom_1
2017-04-10 15:31:21+00:00,-82.0,-84.25,-66.33333333333333,-65.0,-65.75,-65.0,-76.66666666666667,-120.0,-87.33333333333333,-68.8,-88.0,bedroom_1
2017-04-10 15:31:36+00:00,-83.5,-79.0,-70.0,-67.0,-64.75,-61.666666666666664,-73.8,-120.0,-87.0,-68.75,-91.66666666666667,bedroom_1
2017-04-10 15:31:37+00:00,-84.0,-82.2,-59.5,-58.8,-65.0,-68.5,-65.75,-87.0,-87.66666666666667,-74.25,-89.0,bedroom_1
2017-04-10 15:31:38+00:00,-84.0,-76.0,-71.8,-59.0,-71.5,-71.33333333333333,-79.0,-120.0,-72.0,-72.5,-88.5,bedroom_1
2017-04-10 15:31:39+00:00,-88.0,-78.0,-75.75,-57.0,-73.4,-78.66666666666667,-80.66666666666667,-88.0,-74.0,-78.0,-91.0,bedroom_1
2017-04-10 15:31:42+00:00,-120.0,-85.2,-56.25,-70.6,-71.2,-66.4,-70.4,-120.0,-87.0,-64.0,-84.0,bedroom_1
2017-04-10 15:32:07+00:00,-84.66666666666667,-79.0,-64.5,-68.5,-69.5,-76.0,-69.0,-91.0,-70.5,-62.0,-78.66666666666667,bedroom_1
2017-04-10 15:32:24+00:00,-89.0,-82.2,-55.5,-69.75,-66.66666666666667,-70.2,-80.0,-120.0,-88.0,-65.8,-78.66666666666667,bedroom_1
2017-04-10 15:32:49+00:00,-85.33333333333333,-87.5,-72.0,-57.5,-80.5,-63.6,-82.8,-120.0,-79.0,-68.8,-83.0,bedroom_1
2017-04-10 15:32:56+00:00,-74.0,-84.66666666666667,-67.75,-52.75,-68.0,-59.0,-74.25,-91.0,-74.0,-76.0,-91.0,bedroom_1
2017-04-10 15:33:01+00:00,-95.0,-81.0,-55.6,-72.66666666666667,-73.5,-69.66666666666667,-74.0,-120.0,-120.0,-67.0,-94.0,bedroom_1
2017-04-10 15:33:02+00:00,-84.33333333333333,-86.0,-50.2,-63.333333333333336,-83.0,-73.66666666666667,-65.5,-120.0,-72.0,-69.75,-81.0,bedroom_1
2017-04-10 15:33:24+00:00,-86.0,-79.0,-56.6,-65.33333333333333,-77.5,-69.8,-70.75,-120.0,-75.0,-69.0,-90.0,bedroom_1
2017-04-10 15:33:25+00:00,-84.5,-89.33333333333333,-50.75,-62.666666666666664,-72.6,-81.66666666666667,-65.0,-120.0,-84.5,-76.5,-83.66666666666667,bedroom_1
2017-04-10 15:33:26+00:00,-83.66666666666667,-87.8,-50.75,-57.2,-68.0,-76.6,-82.5,-120.0,-120.0,-77.33333333333333,-80.5,bedroom_1
2017-04-10 15:33:30+00:00,-91.25,-82.75,-51.333333333333336,-57.8,-74.8,-62.2,-72.0,-87.0,-87.66666666666667,-70.0,-80.6,bedroom_1
2017-04-10 15:33:31+00:00,-74.25,-83.75,-67.4,-65.0,-77.4,-63.75,-63.75,-98.0,-98.0,-64.5,-83.33333333333333,bedroom_1
2017-04-10 15:33:32+00:00,-84.4,-87.0,-53.0,-65.5,-79.0,-72.0,-63.333333333333336,-99.0,-78.66666666666667,-61.5,-90.5,bedroom_1
2017-04-10 15:33:33+00:00,-85.66666666666667,-90.0,-50.333333333333336,-64.25,-78.66666666666667,-76.33333333333333,-60.0,-89.0,-73.0,-66.33333333333333,-92.6,bedroom_1
2017-04-10 15:33:34+00:00,-77.2,-86.33333333333333,-72.0,-67.0,-82.5,-70.5,-78.8,-87.0,-70.33333333333333,-67.2,-83.0,bedroom_1
2017-04-10 15:33:35+00:00,-65.0,-87.8,-51.0,-82.5,-79.66666666666667,-76.6,-70.75,-92.0,-85.66666666666667,-66.0,-81.0,bedroom_1
2017-04-10 15:33:36+00:00,-72.2,-87.0,-76.8,-71.75,-81.0,-74.75,-74.75,-86.33333333333333,-78.5,-67.0,-80.0,hallway_upper
2017-04-10 15:33:37+00:00,-77.25,-82.8,-75.5,-73.0,-77.5,-82.75,-71.5,-82.0,-70.33333333333333,-59.75,-80.25,hallway_upper
2017-04-10 15:33:39+00:00,-76.75,-85.0,-75.0,-83.0,-82.33333333333333,-82.33333333333333,-60.5,-84.33333333333333,-64.66666666666667,-76.66666666666667,-75.5,bedroom_2
2017-04-10 15:33:40+00:00,-84.75,-120.0,-71.25,-88.66666666666667,-97.0,-79.0,-72.0,-82.66666666666667,-71.5,-76.0,-71.0,bedroom_2
2017-04-10 15:33:58+00:00,-93.5,-91.0,-59.75,-92.66666666666667,-86.25,-84.25,-62.75,-86.0,-56.0,-71.75,-76.5,bedroom_2
2017-04-10 15:33:59+00:00,-82.66666666666667,-92.0,-64.25,-81.0,-95.5,-78.6,-58.5,-90.66666666666667,-62.0,-66.33333333333333,-85.2,bedroom_2
2017-04-10 15:34:00+00:00,-76.75,-82.66666666666667,-74.8,-78.0,-89.2,-84.2,-69.0,-82.0,-77.0,-76.0,-71.33333333333333,bedroom_2
2017-04-10 15:34:01+00:00,-88.0,-82.66666666666667,-74.25,-82.5,-80.5,-69.0,-61.0,-81.25,-70.2,-64.8,-74.6,hallway_upper
2017-04-10 15:34:03+00:00,-73.6,-76.33333333333333,-70.0,-84.33333333333333,-83.25,-81.66666666666667,-80.6,-88.0,-75.0,-63.5,-73.0,hallway_upper
2017-04-10 15:34:04+00:00,-58.75,-75.25,-86.33333333333333,-92.0,-84.5,-86.0,-85.66666666666667,-75.25,-74.66666666666667,-77.5,-90.66666666666667,bathroom_toilet
2017-04-10 15:34:05+00:00,-54.666666666666664,-85.0,-93.5,-120.0,-91.0,-120.0,-85.5,-60.666666666666664,-73.33333333333333,-76.5,-86.0,bathroom_toilet
2017-04-10 15:34:06+00:00,-69.0,-85.0,-84.5,-120.0,-84.66666666666667,-89.0,-77.0,-64.0,-76.66666666666667,-75.33333333333333,-98.0,bathroom_toilet
2017-04-10 15:34:07+00:00,-53.5,-82.33333333333333,-81.0,-120.0,-95.0,-94.0,-84.0,-63.5,-81.0,-68.0,-120.0,bathroom_toilet
2017-04-10 15:34:08+00:00,-60.0,-80.5,-88.5,-120.0,-84.5,-89.5,-77.0,-67.4,-78.33333333333333,-79.0,-88.2,bathroom_toilet
2017-04-10 15:34:09+00:00,-69.33333333333333,-82.0,-84.33333333333333,-81.0,-85.75,-84.0,-70.0,-69.0,-73.75,-70.6,-76.25,hallway_upper
2017-04-10 15:34:10+00:00,-71.6,-94.0,-74.6,-81.66666666666667,-91.0,-93.0,-76.0,-85.66666666666667,-67.5,-70.33333333333333,-72.0,hallway_upper
2017-04-10 15:34:11+00:00,-82.5,-79.0,-74.33333333333333,-77.0,-85.5,-77.5,-73.8,-86.66666666666667,-77.33333333333333,-71.0,-88.33333333333333,hallway_upper
2017-04-10 15:34:12+00:00,-79.0,-93.0,-63.75,-76.25,-88.6,-69.0,-60.333333333333336,-85.0,-85.0,-57.8,-88.0,hallway_upper
2017-04-10 15:34:13+00:00,-82.25,-86.25,-64.0,-63.5,-79.25,-64.25,-70.5,-100.0,-73.33333333333333,-64.6,-88.33333333333333,bedroom_1
2017-04-10 15:34:14+00:00,-87.0,-80.5,-49.25,-73.0,-79.75,-67.0,-65.0,-89.5,-82.0,-64.0,-76.0,bedroom_1
2017-04-10 15:34:15+00:00,-84.0,-77.33333333333333,-49.0,-66.4,-76.0,-64.25,-70.0,-80.0,-75.0,-68.2,-88.25,bedroom_1
2017-04-10 15:34:16+00:00,-85.0,-87.6,-52.333333333333336,-59.8,-76.2,-68.6,-72.0,-90.0,-82.33333333333333,-66.0,-82.0,bedroom_1
2017-04-10 15:34:17+00:00,-86.25,-78.66666666666667,-61.8,-67.66666666666667,-63.0,-72.66666666666667,-75.75,-120.0,-82.0,-54.4,-82.0,bedroom_1
2017-04-10 15:34:18+00:00,-79.2,-88.66666666666667,-54.6,-64.5,-68.33333333333333,-79.0,-72.4,-84.0,-82.5,-65.5,-79.5,bedroom_1
2017-04-10 15:34:19+00:00,-80.25,-85.75,-60.0,-65.0,-75.25,-75.0,-63.0,-84.0,-81.0,-72.33333333333333,-80.0,bedroom_1
2017-04-10 15:34:20+00:00,-86.2,-90.33333333333333,-60.2,-66.0,-79.6,-76.0,-72.66666666666667,-93.4,-83.33333333333333,-77.0,-84.25,bedroom_1
2017-04-10 15:34:21+00:00,-87.0,-120.0,-49.333333333333336,-74.5,-80.33333333333333,-69.75,-64.0,-91.5,-81.75,-75.25,-80.75,bedroom_1
2017-04-10 15:34:22+00:00,-79.0,-86.0,-59.666666666666664,-63.6,-63.333333333333336,-71.5,-64.8,-120.0,-79.75,-75.0,-89.75,bedroom_1
2017-04-10 15:34:24+00:00,-92.0,-88.5,-66.6,-57.0,-76.66666666666667,-69.33333333333333,-78.2,-120.0,-78.0,-74.0,-120.0,bedroom_1
2017-04-10 15:34:25+00:00,-83.75,-86.0,-60.25,-67.75,-71.0,-72.0,-69.66666666666667,-90.0,-87.0,-69.33333333333333,-81.5,bedroom_1
2017-04-10 15:34:26+00:00,-81.25,-87.0,-71.66666666666667,-67.8,-76.8,-77.25,-63.0,-88.0,-77.33333333333333,-70.0,-82.0,bedroom_1
2017-04-10 15:34:27+00:00,-88.0,-91.5,-58.0,-65.0,-64.0,-77.0,-69.0,-120.0,-89.5,-70.5,-92.0,bedroom_1
2017-04-10 15:34:34+00:00,-85.0,-76.5,-61.0,-64.25,-77.75,-55.25,-74.5,-98.0,-83.66666666666667,-64.5,-80.0,bedroom_1
2017-04-10 15:34:35+00:00,-82.0,-82.5,-63.333333333333336,-63.2,-81.33333333333333,-54.666666666666664,-84.0,-120.0,-73.0,-78.75,-85.0,bedroom_1
2017-04-10 15:34:36+00:00,-79.2,-87.8,-69.25,-75.6,-78.33333333333333,-78.0,-78.25,-120.0,-76.0,-55.0,-90.5,bedroom_1
2017-04-10 15:34:37+00:00,-76.8,-84.4,-68.25,-70.8,-75.25,-83.25,-74.66666666666667,-92.0,-84.33333333333333,-63.25,-87.0,bedroom_1
2017-04-10 15:34:39+00:00,-88.0,-77.6,-63.333333333333336,-72.66666666666667,-79.75,-78.0,-87.5,-98.0,-98.0,-65.0,-93.0,bedroom_1
2017-04-10 15:34:40+00:00,-80.66666666666667,-77.0,-73.33333333333333,-71.4,-78.25,-73.75,-87.0,-120.0,-91.5,-80.33333333333333,-87.0,bedroom_1
2017-04-10 15:34:41+00:00,-88.0,-91.5,-72.2,-69.75,-78.0,-76.75,-81.75,-88.0,-76.0,-62.2,-84.0,bedroom_1
2017-04-10 15:34:42+00:00,-79.33333333333333,-85.66666666666667,-59.5,-76.0,-68.0,-71.5,-73.6,-91.66666666666667,-78.33333333333333,-61.6,-91.25,bedroom_1
2017-04-10 15:34:45+00:00,-73.8,-83.0,-71.75,-65.66666666666667,-86.66666666666667,-82.66666666666667,-81.75,-93.0,-84.66666666666667,-53.4,-81.0,bedroom_1
2017-04-10 15:34:46+00:00,-75.5,-86.8,-73.75,-80.33333333333333,-85.4,-72.0,-74.0,-90.0,-90.0,-58.5,-87.0,bedroom_1
2017-04-10 15:34:47+00:00,-84.75,-72.4,-66.6,-65.8,-76.0,-62.0,-72.66666666666667,-95.0,-81.5,-66.25,-87.75,bedroom_1
2017-04-10 15:34:48+00:00,-88.0,-82.75,-67.8,-58.8,-84.0,-73.5,-72.75,-89.0,-88.0,-70.5,-87.8,bedroom_1
2017-04-10 15:34:49+00:00,-85.33333333333333,-79.33333333333333,-53.0,-63.2,-72.6,-61.6,-75.25,-120.0,-71.0,-64.75,-120.0,bedroom_1
2017-04-10 15:34:52+00:00,-87.0,-84.6,-40.5,-63.2,-71.75,-71.75,-58.4,-120.0,-89.0,-68.0,-83.0,bedroom_1
2017-04-10 15:34:53+00:00,-81.0,-88.5,-49.666666666666664,-60.5,-64.4,-72.6,-70.2,-120.0,-75.66666666666667,-72.8,-81.0,bedroom_1
2017-04-10 15:34:54+00:00,-96.0,-92.0,-69.66666666666667,-57.5,-71.4,-67.5,-69.5,-120.0,-77.5,-80.5,-86.0,bedroom_1
2017-04-10 15:34:55+00:00,-120.0,-79.75,-52.5,-59.0,-64.25,-72.0,-77.5,-120.0,-82.5,-75.0,-86.0,bedroom_1
2017-04-10 15:34:56+00:00,-103.0,-84.8,-63.0,-61.4,-59.6,-66.4,-81.0,-120.0,-74.0,-83.8,-87.66666666666667,bedroom_1
2017-04-10 15:34:57+00:00,-88.5,-88.66666666666667,-59.8,-66.33333333333333,-65.4,-64.33333333333333,-70.75,-87.0,-81.33333333333333,-65.75,-86.5,bedroom_1
2017-04-10 15:35:02+00:00,-81.33333333333333,-85.6,-57.25,-64.33333333333333,-74.75,-73.2,-70.33333333333333,-87.0,-80.0,-66.0,-76.5,bedroom_1
2017-04-10 15:35:03+00:00,-73.0,-80.75,-56.8,-67.5,-72.5,-67.6,-74.0,-95.0,-83.25,-67.25,-81.66666666666667,bedroom_1
2017-04-10 15:35:04+00:00,-81.0,-84.33333333333333,-65.0,-66.2,-74.75,-68.5,-82.0,-120.0,-81.66666666666667,-75.5,-98.0,bedroom_1
2017-04-10 15:35:05+00:00,-79.25,-80.75,-74.0,-62.8,-83.75,-72.6,-73.75,-83.0,-87.0,-67.6,-80.0,bedroom_1
2017-04-10 15:35:06+00:00,-81.5,-69.66666666666667,-67.5,-70.0,-75.0,-60.75,-66.4,-88.0,-72.0,-66.5,-84.0,bedroom_1
2017-04-10 15:35:07+00:00,-77.4,-78.75,-69.0,-70.75,-82.8,-72.4,-76.33333333333333,-83.33333333333333,-83.0,-69.0,-81.0,bedroom_1
2017-04-10 15:35:08+00:00,-72.0,-90.66666666666667,-77.0,-75.8,-86.6,-83.66666666666667,-70.0,-87.0,-83.5,-68.33333333333333,-83.33333333333333,hallway_upper
2017-04-10 15:35:10+00:00,-58.2,-96.0,-83.75,-81.33333333333333,-91.33333333333333,-88.75,-74.5,-72.66666666666667,-72.66666666666667,-66.0,-76.25,hallway_upper
2017-04-10 15:35:12+00:00,-73.5,-91.0,-68.66666666666667,-80.75,-88.66666666666667,-81.0,-71.25,-88.5,-81.0,-60.0,-77.33333333333333,hallway_upper
2017-04-10 15:35:13+00:00,-79.5,-83.0,-76.0,-80.8,-90.0,-84.0,-57.0,-89.33333333333333,-74.5,-66.25,-91.0,hallway_upper
2017-04-10 15:35:14+00:00,-81.0,-83.25,-67.5,-79.25,-87.25,-78.25,-63.8,-92.0,-78.0,-67.75,-80.0,hallway_upper
2017-04-10 15:35:15+00:00,-81.0,-81.33333333333333,-68.0,-73.5,-81.5,-78.0,-68.75,-89.0,-88.0,-57.2,-120.0,bedroom_1
2017-04-10 15:35:16+00:00,-79.0,-84.33333333333333,-47.666666666666664,-60.6,-71.75,-64.25,-75.5,-120.0,-77.0,-67.0,-87.5,bedroom_1
2017-04-10 15:35:17+00:00,-85.25,-92.0,-46.4,-61.4,-71.4,-66.8,-81.0,-97.0,-73.66666666666667,-66.2,-82.25,bedroom_1
2017-04-10 15:35:18+00:00,-84.75,-90.0,-51.666666666666664,-63.666666666666664,-72.0,-76.0,-60.6,-120.0,-76.0,-64.5,-80.0,bedroom_1
2017-04-10 15:35:19+00:00,-79.5,-96.0,-59.25,-70.0,-87.0,-74.33333333333333,-68.4,-86.0,-79.5,-61.4,-89.33333333333333,bedroom_1
2017-04-10 15:35:34+00:00,-83.0,-88.5,-60.4,-69.66666666666667,-69.0,-68.33333333333333,-64.0,-120.0,-73.0,-69.0,-88.0,bedroom_1
2017-04-10 15:35:35+00:00,-78.0,-78.0,-60.0,-68.66666666666667,-76.5,-77.6,-78.33333333333333,-93.5,-79.5,-69.2,-89.33333333333333,bedroom_1
2017-04-10 15:35:36+00:00,-80.0,-82.0,-60.6,-70.0,-77.75,-71.8,-81.8,-120.0,-82.5,-61.0,-93.0,bedroom_1
2017-04-10 15:35:37+00:00,-88.0,-76.0,-58.666666666666664,-62.25,-83.25,-71.4,-74.75,-120.0,-77.0,-70.25,-88.0,bedroom_1
2017-04-10 15:35:38+00:00,-84.66666666666667,-90.0,-60.333333333333336,-62.75,-87.2,-74.6,-85.5,-120.0,-80.0,-70.75,-84.0,bedroom_1
2017-04-10 15:35:39+00:00,-87.75,-86.66666666666667,-68.4,-61.75,-71.0,-78.6,-71.33333333333333,-120.0,-82.66666666666667,-72.2,-88.66666666666667,bedroom_1
2017-04-10 15:35:40+00:00,-101.0,-77.0,-62.25,-64.5,-68.4,-78.0,-76.75,-120.0,-79.0,-68.66666666666667,-85.0,bedroom_1
2017-04-10 15:35:41+00:00,-79.5,-91.0,-55.666666666666664,-57.0,-67.0,-67.8,-74.8,-120.0,-82.33333333333333,-76.0,-85.25,bedroom_1
2017-04-10 15:35:42+00:00,-78.66666666666667,-88.0,-72.66666666666667,-57.0,-75.0,-63.25,-69.6,-120.0,-83.66666666666667,-67.0,-88.66666666666667,bedroom_1
2017-04-10 15:35:43+00:00,-80.0,-86.75,-64.5,-65.75,-84.0,-75.33333333333333,-73.0,-88.33333333333333,-77.33333333333333,-67.33333333333333,-86.0,bedroom_1
2017-04-10 15:35:44+00:00,-70.25,-85.75,-65.25,-72.25,-86.8,-82.33333333333333,-77.25,-87.0,-120.0,-58.0,-90.0,bedroom_1
2017-04-10 15:35:45+00:00,-70.2,-83.25,-76.6,-75.0,-96.0,-83.2,-78.5,-82.8,-77.66666666666667,-68.2,-80.0,hallway_upper
2017-04-10 15:35:46+00:00,-69.2,-91.0,-83.66666666666667,-82.0,-87.66666666666667,-79.5,-76.0,-83.8,-76.33333333333333,-72.0,-78.33333333333333,hallway_upper
2017-04-10 15:35:47+00:00,-73.0,-93.0,-80.75,-95.0,-120.0,-78.5,-72.66666666666667,-79.0,-80.0,-73.0,-72.0,hallway_upper
2017-04-10 15:35:48+00:00,-76.6,-93.5,-73.75,-84.33333333333333,-84.5,-88.66666666666667,-70.0,-88.33333333333333,-72.4,-81.33333333333333,-73.75,bedroom_2
2017-04-10 15:35:49+00:00,-85.75,-120.0,-67.4,-84.0,-91.5,-80.5,-75.4,-86.33333333333333,-75.0,-74.75,-70.0,bedroom_2
2017-04-10 15:35:50+00:00,-81.0,-88.0,-72.0,-84.25,-90.5,-80.75,-66.0,-97.0,-89.5,-72.8,-76.0,bedroom_2
2017-04-10 15:35:51+00:00,-83.25,-90.0,-72.25,-79.66666666666667,-90.0,-85.66666666666667,-54.75,-88.33333333333333,-76.33333333333333,-73.25,-72.5,bedroom_2
2017-04-10 15:35:52+00:00,-79.33333333333333,-86.0,-68.8,-80.4,-90.0,-83.0,-64.5,-90.0,-74.25,-68.25,-78.5,bedroom_2
2017-04-10 15:35:53+00:00,-81.75,-87.0,-78.25,-81.0,-76.66666666666667,-77.66666666666667,-74.66666666666667,-86.0,-72.0,-71.8,-82.0,hallway_upper
2017-04-10 15:35:54+00:00,-78.75,-87.0,-73.0,-85.0,-81.66666666666667,-75.0,-46.0,-86.0,-66.75,-65.0,-82.25,hallway_upper
2017-04-10 15:35:55+00:00,-76.0,-94.0,-64.4,-68.5,-89.0,-69.5,-60.8,-86.33333333333333,-81.0,-58.75,-88.0,hallway_upper
2017-04-10 15:35:56+00:00,-81.0,-81.0,-66.25,-72.0,-80.4,-71.2,-74.0,-90.0,-81.0,-54.2,-95.0,bedroom_1
2017-04-10 15:35:57+00:00,-83.25,-89.0,-62.666666666666664,-64.6,-76.4,-68.2,-68.75,-80.0,-75.33333333333333,-67.8,-96.0,bedroom_1
2017-04-10 15:35:58+00:00,-81.0,-86.25,-61.0,-61.5,-74.0,-56.0,-67.0,-120.0,-83.0,-68.5,-83.66666666666667,bedroom_1
2017-04-10 15:35:59+00:00,-120.0,-84.0,-57.0,-49.6,-65.4,-75.6,-70.0,-120.0,-79.5,-76.4,-89.33333333333333,bedroom_1
2017-04-10 15:36:00+00:00,-78.0,-79.6,-54.4,-53.0,-65.4,-65.2,-69.0,-120.0,-74.0,-71.0,-80.0,bedroom_1
2017-04-10 15:36:01+00:00,-83.75,-84.0,-54.75,-45.4,-66.6,-65.2,-73.8,-120.0,-84.5,-68.2,-84.2,bedroom_1
2017-04-10 15:36:02+00:00,-92.33333333333333,-82.75,-55.333333333333336,-59.5,-55.75,-65.2,-72.6,-98.0,-86.5,-67.0,-86.4,bedroom_1
2017-04-10 15:36:03+00:00,-86.75,-79.25,-52.8,-43.0,-66.75,-69.5,-72.75,-120.0,-76.75,-62.333333333333336,-85.0,bedroom_1
2017-04-10 15:36:04+00:00,-81.66666666666667,-89.5,-52.666666666666664,-61.75,-65.75,-69.66666666666667,-63.0,-87.0,-76.2,-75.25,-84.0,bedroom_1
2017-04-10 15:36:05+00:00,-88.33333333333333,-89.33333333333333,-59.75,-66.25,-76.0,-71.6,-69.33333333333333,-96.0,-81.0,-74.75,-80.75,bedroom_1
2017-04-10 15:36:08+00:00,-86.5,-84.66666666666667,-62.0,-64.75,-70.5,-67.25,-79.0,-120.0,-75.0,-73.0,-92.0,bedroom_1
2017-04-10 15:36:09+00:00,-84.5,-78.0,-70.33333333333333,-63.25,-79.5,-61.0,-73.8,-120.0,-80.75,-65.6,-87.0,bedroom_1
2017-04-10 15:36:10+00:00,-82.5,-86.0,-56.0,-66.5,-73.0,-75.33333333333333,-78.5,-88.0,-80.25,-65.6,-88.0,bedroom_1
2017-04-10 15:36:11+00:00,-90.0,-84.0,-59.5,-40.333333333333336,-72.6,-68.0,-71.5,-91.0,-86.0,-74.6,-93.0,bedroom_1
2017-04-10 15:36:12+00:00,-77.66666666666667,-80.6,-75.5,-66.33333333333333,-76.8,-65.6,-81.25,-90.5,-86.5,-72.6,-87.66666666666667,bedroom_1
2017-04-10 15:36:13+00:00,-86.0,-75.25,-59.0,-59.75,-75.5,-60.75,-81.25,-88.5,-79.5,-74.25,-86.33333333333333,bedroom_1
2017-04-10 15:36:14+00:00,-88.0,-79.66666666666667,-79.0,-70.66666666666667,-73.33333333333333,-70.0,-88.0,-86.0,-74.33333333333333,-60.0,-86.33333333333333,bedroom_1
2017-04-10 15:36:15+00:00,-80.0,-84.0,-78.25,-73.0,-91.0,-88.0,-79.5,-89.33333333333333,-81.0,-61.4,-87.33333333333333,hallway_upper
2017-04-10 15:36:16+00:00,-69.5,-79.66666666666667,-77.0,-84.66666666666667,-80.0,-81.0,-78.33333333333333,-82.75,-84.0,-62.25,-76.0,hallway_upper
2017-04-10 15:36:17+00:00,-70.0,-85.2,-77.25,-82.0,-88.0,-77.25,-81.5,-71.6,-80.0,-64.0,-76.0,hallway_upper
2017-04-10 15:36:18+00:00,-69.6,-80.33333333333333,-78.5,-92.5,-89.0,-81.33333333333333,-85.33333333333333,-83.25,-73.0,-73.0,-70.25,bedroom_2
2017-04-10 15:36:19+00:00,-81.33333333333333,-84.0,-77.0,-86.5,-86.25,-83.66666666666667,-79.33333333333333,-86.5,-64.33333333333333,-74.0,-57.5,bedroom_2
2017-04-10 15:36:20+00:00,-80.75,-85.0,-81.0,-87.0,-87.0,-87.75,-71.0,-90.0,-74.0,-81.0,-70.0,bedroom_2
2017-04-10 15:36:21+00:00,-77.0,-86.0,-79.5,-81.0,-94.33333333333333,-85.33333333333333,-76.6,-78.0,-78.0,-80.2,-65.75,bedroom_2
2017-04-10 15:36:23+00:00,-89.0,-120.0,-75.0,-89.5,-80.0,-87.5,-83.5,-91.0,-82.0,-74.0,-78.0,bedroom_2
2017-04-10 15:36:24+00:00,-81.25,-88.0,-82.5,-98.0,-120.0,-120.0,-75.0,-90.33333333333333,-79.5,-81.0,-77.0,bedroom_2
2017-04-10 15:36:26+00:00,-86.33333333333333,-93.0,-78.0,-82.66666666666667,-92.0,-74.0,-71.5,-82.33333333333333,-68.66666666666667,-74.0,-74.75,bedroom_2
2017-04-10 15:36:27+00:00,-90.33333333333333,-92.5,-64.4,-73.33333333333333,-85.0,-78.66666666666667,-54.25,-92.0,-70.0,-65.75,-78.75,bedroom_2
2017-04-10 15:36:28+00:00,-82.0,-90.66666666666667,-72.5,-83.0,-93.0,-76.75,-65.2,-83.8,-70.8,-67.6,-79.5,bedroom_2
2017-04-10 15:36:29+00:00,-76.0,-82.0,-69.5,-80.66666666666667,-82.0,-83.5,-68.4,-84.0,-61.5,-73.0,-73.75,hallway_upper
2017-04-10 15:36:30+00:00,-77.5,-87.0,-81.25,-80.5,-87.5,-80.5,-66.5,-87.33333333333333,-71.5,-65.4,-78.33333333333333,hallway_upper
2017-04-10 15:36:32+00:00,-74.2,-86.66666666666667,-73.66666666666667,-86.5,-86.5,-88.5,-66.0,-86.25,-80.5,-65.75,-81.75,hallway_upper
2017-04-10 15:36:33+00:00,-77.0,-83.0,-81.66666666666667,-82.5,-82.8,-79.0,-71.66666666666667,-81.75,-72.8,-65.5,-74.0,stairs
2017-04-10 15:36:34+00:00,-75.5,-76.0,-77.0,-79.75,-83.0,-78.33333333333333,-69.75,-81.66666666666667,-70.0,-66.8,-69.5,stairs
2017-04-10 15:36:35+00:00,-73.5,-76.33333333333333,-81.33333333333333,-78.0,-75.0,-74.6,-64.75,-82.33333333333333,-77.0,-58.25,-74.5,stairs
2017-04-10 15:36:36+00:00,-77.33333333333333,-66.25,-74.0,-82.75,-78.25,-81.0,-73.75,-83.33333333333333,-75.66666666666667,-70.33333333333333,-75.2,stairs
2017-04-10 15:36:37+00:00,-71.2,-58.6,-81.0,-80.8,-77.2,-69.75,-70.33333333333333,-73.8,-60.75,-70.0,-74.5,stairs
2017-04-10 15:36:38+00:00,-72.0,-75.66666666666667,-75.25,-83.0,-75.33333333333333,-73.0,-76.5,-70.33333333333333,-55.4,-79.66666666666667,-67.4,stairs
2017-04-10 15:36:39+00:00,-77.5,-64.6,-78.8,-83.5,-65.0,-71.6,-71.5,-78.75,-63.75,-76.66666666666667,-72.33333333333333,hallway_lower
2017-04-10 15:36:40+00:00,-82.66666666666667,-64.33333333333333,-77.8,-87.0,-77.33333333333333,-66.5,-68.25,-78.33333333333333,-65.75,-73.0,-66.66666666666667,hallway_lower
2017-04-10 15:36:41+00:00,-85.66666666666667,-78.0,-85.66666666666667,-93.5,-75.0,-75.2,-84.0,-79.33333333333333,-64.5,-83.0,-64.8,hallway_lower
2017-04-10 15:36:42+00:00,-81.0,-69.33333333333333,-88.33333333333333,-81.5,-79.75,-78.0,-81.25,-81.0,-71.0,-80.4,-70.0,living_area_A
2017-04-10 15:36:43+00:00,-82.0,-76.75,-88.5,-86.0,-79.5,-87.66666666666667,-82.25,-76.0,-78.0,-75.75,-73.6,living_area_A
2017-04-10 15:36:44+00:00,-78.5,-73.33333333333333,-81.66666666666667,-79.0,-73.0,-82.66666666666667,-80.33333333333333,-73.0,-58.333333333333336,-81.25,-61.0,living_area_A
2017-04-10 15:36:45+00:00,-80.4,-90.25,-90.0,-92.0,-83.0,-77.33333333333333,-75.66666666666667,-71.75,-73.0,-72.0,-68.25,living_area_A
2017-04-10 15:36:46+00:00,-86.33333333333333,-77.75,-82.5,-120.0,-71.33333333333333,-84.4,-80.66666666666667,-69.0,-57.75,-81.75,-57.0,living_area_A
2017-04-10 15:36:47+00:00,-120.0,-80.75,-93.5,-89.0,-79.66666666666667,-69.75,-82.5,-58.5,-62.0,-80.66666666666667,-72.0,living_area_A
2017-04-10 15:36:48+00:00,-87.75,-79.0,-79.25,-120.0,-87.5,-77.0,-79.25,-68.5,-64.25,-86.5,-59.0,living_area_A
2017-04-10 15:36:49+00:00,-84.0,-76.0,-78.66666666666667,-78.0,-69.0,-76.5,-65.0,-68.25,-64.4,-77.0,-71.4,living_area_A
2017-04-10 15:36:50+00:00,-78.0,-75.4,-78.66666666666667,-74.0,-71.0,-77.0,-75.2,-81.66666666666667,-61.666666666666664,-67.5,-64.33333333333333,living_area_A
2017-04-10 15:36:51+00:00,-84.0,-74.5,-92.0,-82.75,-72.75,-63.6,-76.5,-81.75,-58.0,-66.33333333333333,-71.0,living_area_A
2017-04-10 15:36:52+00:00,-73.33333333333333,-83.4,-79.4,-84.0,-73.4,-73.6,-75.5,-74.8,-59.333333333333336,-80.2,-73.0,living_area_A
2017-04-10 15:37:00+00:00,-80.2,-82.4,-84.0,-86.66666666666667,-72.0,-79.0,-79.75,-74.0,-72.0,-75.0,-66.6,living_area_A
2017-04-10 15:37:01+00:00,-84.2,-78.0,-83.25,-81.75,-66.75,-69.0,-77.5,-74.6,-53.0,-73.5,-77.66666666666667,living_area_A
2017-04-10 15:37:02+00:00,-81.0,-88.66666666666667,-78.0,-80.5,-71.5,-86.33333333333333,-83.0,-73.75,-66.0,-80.0,-79.75,living_area_A
2017-04-10 15:37:03+00:00,-76.33333333333333,-88.33333333333333,-83.33333333333333,-83.0,-78.66666666666667,-77.5,-70.5,-76.75,-70.0,-80.0,-60.666666666666664,living_area_A
2017-04-10 15:37:04+00:00,-88.5,-88.75,-83.0,-91.0,-88.0,-91.5,-80.75,-71.0,-65.0,-85.75,-72.5,living_area_A
2017-04-10 15:37:05+00:00,-81.5,-79.4,-80.75,-83.0,-83.25,-77.0,-77.75,-66.75,-63.0,-85.0,-60.0,living_area_A
2017-04-10 15:37:06+00:00,-88.33333333333333,-75.6,-90.25,-88.33333333333333,-80.5,-74.8,-85.33333333333333,-76.75,-58.666666666666664,-79.25,-65.0,living_area_A
2017-04-10 15:37:07+00:00,-87.4,-63.75,-80.0,-102.0,-73.5,-76.25,-73.0,-70.0,-61.5,-75.0,-62.25,living_area_A
2017-04-10 15:37:08+00:00,-75.0,-68.25,-69.0,-76.5,-73.0,-62.666666666666664,-70.8,-80.75,-58.25,-74.25,-75.6,living_area_A
2017-04-10 15:37:09+00:00,-75.4,-79.5,-84.5,-82.66666666666667,-74.0,-71.0,-78.75,-65.8,-63.666666666666664,-87.0,-64.66666666666667,kitchen
2017-04-10 15:37:10+00:00,-78.0,-89.2,-80.0,-87.5,-72.33333333333333,-82.0,-76.5,-65.0,-66.25,-78.0,-76.0,kitchen
2017-04-10 15:37:11+00:00,-69.75,-78.66666666666667,-78.5,-83.25,-66.6,-74.66666666666667,-75.33333333333333,-63.0,-48.25,-83.33333333333333,-71.25,kitchen
2017-04-10 15:37:12+00:00,-75.75,-84.66666666666667,-79.0,-88.66666666666667,-71.66666666666667,-72.75,-79.0,-68.0,-70.25,-78.66666666666667,-82.66666666666667,kitchen
2017-04-10 15:37:13+00:00,-69.66666666666667,-90.75,-84.5,-89.0,-89.5,-79.33333333333333,-73.25,-58.666666666666664,-66.33333333333333,-79.0,-80.0,kitchen
2017-04-10 15:37:14+00:00,-64.66666666666667,-93.0,-85.0,-79.0,-71.0,-85.0,-81.25,-65.5,-63.0,-81.75,-80.0,kitchen
2017-04-10 15:37:15+00:00,-77.2,-98.0,-94.0,-88.0,-76.5,-75.0,-78.0,-54.2,-83.0,-89.66666666666667,-71.0,kitchen
2017-04-10 15:37:19+00:00,-62.0,-82.0,-86.0,-84.5,-87.66666666666667,-81.0,-79.0,-58.2,-74.4,-79.66666666666667,-80.5,kitchen
2017-04-10 15:37:20+00:00,-74.0,-82.0,-86.0,-81.0,-71.5,-63.2,-81.0,-55.333333333333336,-56.0,-82.25,-77.33333333333333,kitchen
2017-04-10 15:37:22+00:00,-71.8,-82.5,-82.8,-84.25,-67.0,-75.0,-84.0,-54.8,-61.333333333333336,-83.2,-80.25,kitchen
2017-04-10 15:37:23+00:00,-78.5,-97.0,-88.0,-120.0,-82.5,-83.0,-120.0,-52.666666666666664,-82.0,-88.0,-79.25,kitchen
2017-04-10 15:37:24+00:00,-65.4,-93.0,-89.5,-120.0,-74.0,-83.66666666666667,-96.0,-57.8,-79.0,-98.5,-89.33333333333333,kitchen
2017-04-10 15:37:25+00:00,-75.5,-91.0,-120.0,-120.0,-87.75,-81.66666666666667,-82.0,-56.0,-80.66666666666667,-120.0,-86.75,kitchen
2017-04-10 15:37:26+00:00,-73.0,-90.66666666666667,-120.0,-120.0,-86.0,-83.66666666666667,-101.0,-54.0,-74.0,-120.0,-89.33333333333333,kitchen
2017-04-10 15:37:27+00:00,-70.0,-89.33333333333333,-81.5,-87.33333333333333,-77.4,-85.66666666666667,-89.33333333333333,-61.4,-71.0,-90.66666666666667,-82.75,kitchen
2017-04-10 15:37:28+00:00,-76.75,-83.66666666666667,-96.0,-80.0,-73.33333333333333,-63.25,-92.5,-61.0,-66.0,-83.0,-81.5,kitchen
2017-04-10 15:37:29+00:00,-82.66666666666667,-84.75,-76.0,-84.4,-75.4,-75.8,-120.0,-59.4,-61.666666666666664,-89.5,-74.25,kitchen
2017-04-10 15:37:30+00:00,-71.0,-93.0,-89.5,-91.0,-75.5,-73.5,-88.5,-59.0,-69.0,-87.25,-80.4,kitchen
2017-04-10 15:37:31+00:00,-82.0,-120.0,-120.0,-120.0,-84.25,-84.66666666666667,-85.33333333333333,-58.75,-80.25,-87.0,-83.8,kitchen
2017-04-10 15:37:32+00:00,-84.0,-89.0,-120.0,-120.0,-91.0,-80.0,-120.0,-56.5,-80.5,-120.0,-80.25,kitchen
2017-04-10 15:37:33+00:00,-80.0,-120.0,-88.0,-120.0,-83.0,-88.0,-95.0,-59.8,-79.0,-83.0,-89.33333333333333,kitchen
2017-04-10 15:37:34+00:00,-73.0,-120.0,-83.5,-120.0,-75.0,-75.0,-84.33333333333333,-66.25,-73.33333333333333,-94.66666666666667,-80.0,kitchen
2017-04-10 15:37:35+00:00,-74.25,-120.0,-86.0,-120.0,-81.8,-86.0,-89.0,-67.0,-72.25,-96.0,-82.0,kitchen
2017-04-10 15:37:36+00:00,-74.0,-85.5,-79.0,-81.0,-83.66666666666667,-92.5,-82.0,-60.75,-72.75,-81.5,-80.75,kitchen
2017-04-10 15:37:37+00:00,-73.0,-83.0,-93.0,-92.0,-86.0,-82.5,-98.5,-59.2,-79.5,-88.4,-88.33333333333333,kitchen
2017-04-10 15:37:38+00:00,-83.75,-120.0,-120.0,-120.0,-89.0,-77.5,-92.5,-68.0,-77.0,-87.0,-88.5,kitchen
2017-04-10 15:37:39+00:00,-82.0,-90.0,-120.0,-120.0,-85.0,-83.5,-120.0,-72.0,-79.5,-90.0,-88.4,kitchen
2017-04-10 15:37:41+00:00,-78.5,-120.0,-120.0,-120.0,-82.5,-80.66666666666667,-100.0,-60.0,-85.0,-92.0,-85.0,kitchen
2017-04-10 15:38:07+00:00,-83.0,-99.0,-81.5,-89.0,-84.0,-83.0,-91.0,-60.75,-71.66666666666667,-88.0,-76.66666666666667,kitchen
2017-04-10 15:38:08+00:00,-82.0,-120.0,-120.0,-120.0,-89.0,-93.66666666666667,-120.0,-67.0,-82.0,-100.0,-92.0,kitchen
2017-04-10 15:38:09+00:00,-87.5,-89.0,-120.0,-120.0,-89.0,-89.66666666666667,-78.0,-66.5,-93.0,-96.0,-89.0,kitchen
2017-04-10 15:38:10+00:00,-69.5,-89.33333333333333,-87.75,-83.75,-89.0,-72.75,-88.0,-58.25,-66.5,-80.0,-76.0,kitchen
2017-04-10 15:38:11+00:00,-76.0,-85.0,-90.5,-83.5,-83.0,-73.75,-83.75,-50.5,-84.0,-81.8,-71.0,kitchen
2017-04-10 15:38:12+00:00,-78.0,-83.66666666666667,-80.5,-78.5,-77.6,-74.0,-78.66666666666667,-56.4,-66.0,-87.4,-80.0,living_area_A
2017-04-10 15:38:13+00:00,-80.0,-82.66666666666667,-74.33333333333333,-86.0,-62.666666666666664,-75.0,-68.6,-75.5,-57.0,-75.33333333333333,-65.25,living_area_A
2017-04-10 15:38:18+00:00,-92.0,-79.8,-75.0,-80.5,-59.2,-72.25,-71.0,-81.75,-63.25,-68.66666666666667,-59.25,living_area_A
2017-04-10 15:38:19+00:00,-76.75,-83.6,-82.0,-85.75,-71.8,-76.8,-69.4,-72.66666666666667,-58.0,-77.0,-58.75,living_area_A
2017-04-10 15:38:20+00:00,-84.5,-78.0,-79.8,-81.33333333333333,-64.0,-79.66666666666667,-64.4,-76.4,-50.0,-79.75,-64.4,living_area_A
2017-04-10 15:38:21+00:00,-91.0,-76.75,-74.5,-76.5,-63.75,-69.75,-65.66666666666667,-84.0,-59.0,-78.0,-67.0,living_area_A
2017-04-10 15:38:22+00:00,-85.0,-72.0,-71.4,-78.8,-68.5,-63.25,-72.8,-81.5,-52.333333333333336,-79.2,-72.0,living_area_B
2017-04-10 15:38:23+00:00,-120.0,-72.6,-71.0,-71.25,-53.6,-58.0,-65.0,-91.0,-68.5,-79.75,-80.6,living_area_B
2017-04-10 15:38:24+00:00,-120.0,-74.33333333333333,-74.0,-60.666666666666664,-58.333333333333336,-62.75,-81.66666666666667,-92.5,-72.25,-83.0,-84.25,living_area_B
2017-04-10 15:38:27+00:00,-88.0,-58.25,-82.33333333333333,-71.25,-71.6,-42.8,-84.0,-90.33333333333333,-75.5,-87.75,-76.5,living_area_B
2017-04-10 15:38:28+00:00,-85.66666666666667,-65.0,-75.66666666666667,-120.0,-74.0,-58.0,-84.0,-73.75,-69.4,-73.0,-73.0,living_area_B
2017-04-10 15:38:29+00:00,-92.0,-68.25,-74.0,-70.5,-69.2,-75.66666666666667,-75.0,-83.25,-58.333333333333336,-71.0,-72.25,living_area_A
2017-04-10 15:38:30+00:00,-83.25,-63.4,-82.75,-82.4,-76.0,-68.0,-79.75,-85.4,-70.0,-62.666666666666664,-74.5,living_area_A
2017-04-10 15:38:31+00:00,-77.66666666666667,-77.0,-83.5,-84.25,-70.33333333333333,-80.0,-77.25,-76.75,-69.25,-78.25,-72.25,living_area_A
2017-04-10 15:38:32+00:00,-76.33333333333333,-83.5,-90.33333333333333,-81.5,-75.25,-78.4,-72.0,-72.5,-62.333333333333336,-79.66666666666667,-63.0,living_area_A
2017-04-10 15:38:33+00:00,-84.0,-75.33333333333333,-87.75,-84.66666666666667,-72.8,-77.66666666666667,-80.33333333333333,-77.75,-74.2,-84.6,-74.25,living_area_A
2017-04-10 15:38:34+00:00,-68.4,-83.5,-86.0,-120.0,-82.8,-84.33333333333333,-82.33333333333333,-60.0,-77.33333333333333,-86.5,-80.66666666666667,kitchen
2017-04-10 15:38:35+00:00,-68.4,-86.0,-78.0,-120.0,-85.5,-81.0,-91.0,-59.25,-73.25,-92.0,-84.66666666666667,kitchen
2017-04-10 15:38:36+00:00,-69.2,-87.0,-120.0,-120.0,-76.0,-90.5,-86.0,-64.4,-88.0,-92.5,-88.0,kitchen
2017-04-10 15:38:37+00:00,-86.0,-91.0,-120.0,-120.0,-80.33333333333333,-87.0,-120.0,-66.75,-86.5,-97.0,-86.66666666666667,kitchen
2017-04-10 15:38:40+00:00,-85.33333333333333,-120.0,-89.0,-120.0,-97.0,-87.0,-80.5,-78.2,-71.0,-83.0,-79.0,outside
2017-04-10 15:38:41+00:00,-80.66666666666667,-120.0,-120.0,-120.0,-86.5,-94.0,-91.0,-82.25,-78.0,-120.0,-84.75,outside
2017-04-10 15:38:42+00:00,-100.0,-120.0,-93.5,-120.0,-99.0,-92.5,-88.75,-73.0,-81.33333333333333,-120.0,-84.0,outside
2017-04-10 15:38:44+00:00,-81.0,-100.0,-94.5,-120.0,-85.0,-90.0,-120.0,-60.5,-94.5,-98.0,-91.33333333333333,kitchen
2017-04-10 15:38:45+00:00,-81.0,-120.0,-120.0,-120.0,-120.0,-88.0,-87.5,-62.4,-75.0,-120.0,-88.0,kitchen
2017-04-10 15:38:50+00:00,-120.0,-120.0,-100.0,-81.0,-85.0,-88.0,-80.5,-64.75,-73.0,-99.0,-91.0,kitchen
2017-04-10 15:38:51+00:00,-80.5,-84.33333333333333,-92.0,-94.0,-73.0,-86.0,-90.0,-66.0,-85.0,-87.0,-87.8,kitchen
2017-04-10 15:38:52+00:00,-66.2,-88.33333333333333,-85.5,-88.0,-82.5,-80.33333333333333,-86.66666666666667,-47.0,-70.8,-89.66666666666667,-78.0,kitchen
2017-04-10 15:38:53+00:00,-66.0,-89.5,-80.5,-78.33333333333333,-75.0,-75.25,-86.0,-52.0,-77.0,-81.0,-69.66666666666667,kitchen
2017-04-10 15:38:54+00:00,-76.25,-84.5,-86.5,-83.0,-85.5,-68.75,-81.33333333333333,-45.0,-62.6,-78.66666666666667,-77.75,kitchen
2017-04-10 15:38:55+00:00,-76.4,-77.0,-79.4,-81.0,-70.8,-66.4,-72.25,-58.2,-71.66666666666667,-83.0,-75.66666666666667,living_area_A
2017-04-10 15:38:56+00:00,-78.0,-84.0,-88.33333333333333,-80.66666666666667,-75.0,-74.66666666666667,-66.5,-71.0,-62.5,-81.2,-61.8,living_area_A
2017-04-10 15:38:57+00:00,-78.66666666666667,-78.0,-73.0,-83.0,-75.5,-74.5,-74.0,-77.25,-58.75,-75.0,-64.33333333333333,living_area_A
2017-04-10 15:38:58+00:00,-90.33333333333333,-83.25,-78.66666666666667,-78.0,-81.0,-77.5,-64.0,-82.25,-54.75,-82.0,-56.25,living_area_A
2017-04-10 15:38:59+00:00,-82.0,-83.0,-76.5,-90.66666666666667,-74.0,-75.75,-78.25,-77.0,-66.2,-86.0,-52.0,living_area_A
2017-04-10 15:39:00+00:00,-77.4,-62.5,-73.5,-85.0,-76.5,-76.5,-76.5,-77.0,-71.2,-69.0,-71.0,living_area_A
2017-04-10 15:39:01+00:00,-81.0,-69.0,-75.5,-79.75,-74.6,-73.8,-81.33333333333333,-74.6,-69.33333333333333,-72.0,-71.4,living_area_A
2017-04-10 15:39:02+00:00,-72.0,-79.33333333333333,-84.5,-120.0,-85.0,-81.0,-84.0,-67.25,-59.333333333333336,-74.0,-75.5,kitchen
2017-04-10 15:39:03+00:00,-68.5,-93.5,-120.0,-88.0,-81.0,-85.0,-93.0,-59.0,-76.0,-85.0,-75.0,kitchen
2017-04-10 15:39:04+00:00,-63.0,-120.0,-120.0,-120.0,-85.0,-90.0,-78.0,-57.25,-76.33333333333333,-95.5,-76.25,kitchen
2017-04-10 15:39:05+00:00,-69.0,-88.0,-120.0,-120.0,-85.33333333333333,-76.0,-94.0,-54.75,-84.66666666666667,-89.0,-80.33333333333333,kitchen
2017-04-10 15:39:09+00:00,-80.5,-89.0,-81.0,-84.0,-76.75,-78.75,-94.0,-57.6,-73.2,-92.5,-83.6,kitchen
2017-04-10 15:39:10+00:00,-67.0,-87.0,-92.5,-120.0,-81.0,-84.0,-86.33333333333333,-57.6,-70.75,-88.0,-85.75,kitchen
2017-04-10 15:39:11+00:00,-69.6,-120.0,-120.0,-120.0,-87.33333333333333,-86.75,-120.0,-68.6,-82.0,-91.0,-92.66666666666667,kitchen
2017-04-10 15:39:12+00:00,-75.75,-120.0,-88.0,-120.0,-88.0,-93.0,-120.0,-67.75,-85.0,-120.0,-90.75,kitchen
2017-04-10 15:39:13+00:00,-66.5,-120.0,-120.0,-120.0,-89.2,-97.0,-95.0,-69.25,-88.0,-120.0,-90.5,kitchen
2017-04-10 15:39:22+00:00,-76.33333333333333,-120.0,-86.0,-120.0,-83.66666666666667,-83.0,-81.5,-53.25,-87.0,-94.0,-80.66666666666667,kitchen
2017-04-10 15:39:23+00:00,-73.33333333333333,-82.0,-95.0,-98.0,-82.0,-90.33333333333333,-81.0,-50.4,-71.66666666666667,-86.25,-82.25,kitchen
2017-04-10 15:39:24+00:00,-79.5,-85.66666666666667,-92.0,-83.33333333333333,-84.0,-80.75,-91.5,-55.75,-73.66666666666667,-83.33333333333333,-73.0,kitchen
2017-04-10 15:39:25+00:00,-79.6,-120.0,-98.5,-97.0,-86.5,-74.0,-84.75,-63.0,-76.0,-89.0,-81.75,kitchen
2017-04-10 15:39:26+00:00,-77.0,-81.0,-79.0,-120.0,-85.25,-82.4,-85.5,-53.5,-71.0,-98.0,-80.5,kitchen
2017-04-10 15:39:27+00:00,-64.25,-90.0,-120.0,-87.0,-82.8,-76.33333333333333,-83.0,-55.2,-78.5,-89.0,-77.66666666666667,kitchen
2017-04-10 15:39:28+00:00,-67.75,-100.0,-120.0,-120.0,-82.25,-84.0,-95.0,-59.25,-83.0,-89.0,-91.66666666666667,kitchen
2017-04-10 15:39:29+00:00,-72.33333333333333,-93.0,-87.0,-120.0,-88.0,-86.5,-86.0,-61.8,-73.33333333333333,-91.66666666666667,-83.0,kitchen
2017-04-10 15:39:30+00:00,-72.75,-120.0,-88.0,-94.0,-79.33333333333333,-90.0,-86.66666666666667,-49.5,-75.0,-120.0,-87.2,kitchen
2017-04-10 15:39:31+00:00,-74.2,-91.5,-86.0,-120.0,-83.33333333333333,-79.5,-95.5,-54.666666666666664,-84.0,-91.5,-79.0,kitchen
2017-04-10 15:39:32+00:00,-63.8,-120.0,-95.0,-120.0,-77.0,-86.5,-120.0,-58.8,-73.0,-120.0,-87.5,kitchen
2017-04-10 15:39:33+00:00,-68.0,-120.0,-120.0,-120.0,-92.0,-85.0,-89.0,-57.0,-83.66666666666667,-89.0,-85.0,kitchen
2017-04-10 15:39:34+00:00,-76.75,-88.0,-89.0,-120.0,-84.5,-87.0,-89.5,-59.25,-77.5,-90.5,-76.75,kitchen
2017-04-10 15:39:35+00:00,-75.5,-87.0,-120.0,-89.0,-86.33333333333333,-90.66666666666667,-120.0,-57.5,-75.0,-85.0,-80.5,kitchen
2017-04-10 15:39:36+00:00,-73.5,-87.0,-120.0,-120.0,-85.75,-86.0,-120.0,-57.0,-83.0,-87.5,-83.2,kitchen
2017-04-10 15:39:37+00:00,-71.0,-120.0,-120.0,-120.0,-86.0,-76.0,-120.0,-56.333333333333336,-86.5,-120.0,-81.75,kitchen
2017-04-10 15:39:38+00:00,-72.66666666666667,-120.0,-120.0,-120.0,-82.0,-95.66666666666667,-88.0,-52.5,-71.75,-88.66666666666667,-87.25,kitchen
2017-04-10 15:39:39+00:00,-72.0,-87.0,-92.0,-120.0,-86.0,-80.5,-92.5,-52.25,-79.0,-84.33333333333333,-81.8,kitchen
2017-04-10 15:39:40+00:00,-66.0,-88.5,-96.0,-120.0,-92.25,-80.25,-98.0,-52.75,-89.0,-90.75,-79.25,kitchen
2017-04-10 15:39:41+00:00,-71.4,-89.0,-120.0,-120.0,-92.33333333333333,-84.33333333333333,-120.0,-52.666666666666664,-80.66666666666667,-92.66666666666667,-84.5,kitchen
2017-04-10 15:39:42+00:00,-67.25,-99.0,-96.5,-120.0,-87.25,-83.33333333333333,-91.0,-57.333333333333336,-80.33333333333333,-90.5,-80.0,kitchen
2017-04-10 15:39:43+00:00,-71.66666666666667,-96.0,-96.0,-120.0,-86.8,-84.0,-90.0,-59.333333333333336,-72.0,-84.0,-79.75,kitchen
2017-04-10 15:39:44+00:00,-68.75,-86.0,-120.0,-120.0,-85.25,-85.0,-84.5,-58.75,-78.5,-91.66666666666667,-82.25,kitchen
2017-04-10 15:39:45+00:00,-77.75,-120.0,-120.0,-120.0,-88.0,-89.0,-120.0,-52.0,-83.0,-93.0,-84.33333333333333,kitchen
2017-04-10 15:39:46+00:00,-79.33333333333333,-87.75,-120.0,-120.0,-93.0,-86.5,-82.0,-48.75,-82.0,-100.0,-79.0,kitchen
2017-04-10 15:39:47+00:00,-64.0,-88.4,-96.0,-120.0,-83.0,-76.0,-95.0,-64.8,-77.0,-90.5,-88.66666666666667,kitchen
2017-04-10 15:39:48+00:00,-64.2,-93.0,-120.0,-120.0,-79.66666666666667,-88.0,-120.0,-62.666666666666664,-72.25,-88.5,-81.75,kitchen
2017-04-10 15:39:49+00:00,-59.6,-90.0,-120.0,-120.0,-79.66666666666667,-87.0,-83.0,-62.0,-82.0,-85.0,-90.66666666666667,kitchen
2017-04-10 15:39:50+00:00,-65.4,-100.0,-120.0,-120.0,-89.0,-89.0,-81.0,-59.75,-73.25,-86.33333333333333,-79.4,kitchen
2017-04-10 15:39:51+00:00,-65.0,-93.5,-120.0,-120.0,-90.33333333333333,-86.5,-91.0,-60.666666666666664,-80.5,-88.5,-87.75,kitchen
2017-04-10 15:39:52+00:00,-65.5,-120.0,-120.0,-120.0,-85.2,-85.5,-92.0,-62.5,-75.66666666666667,-89.0,-88.66666666666667,kitchen
2017-04-10 15:39:53+00:00,-63.333333333333336,-92.5,-120.0,-120.0,-73.0,-74.5,-95.0,-61.0,-73.66666666666667,-81.66666666666667,-83.0,kitchen
2017-04-10 15:39:54+00:00,-67.0,-96.0,-86.0,-120.0,-84.25,-89.0,-88.0,-60.8,-70.33333333333333,-87.6,-83.5,kitchen
2017-04-10 15:39:55+00:00,-73.33333333333333,-88.0,-89.0,-120.0,-85.5,-77.75,-98.5,-68.66666666666667,-70.5,-82.0,-86.0,kitchen
2017-04-10 15:39:56+00:00,-62.0,-120.0,-102.0,-120.0,-92.5,-78.25,-120.0,-53.8,-73.0,-90.5,-88.5,kitchen
2017-04-10 15:39:57+00:00,-70.0,-98.0,-120.0,-120.0,-79.5,-120.0,-120.0,-61.6,-73.0,-85.0,-89.0,kitchen
2017-04-10 15:39:58+00:00,-61.0,-87.0,-94.0,-120.0,-83.25,-82.0,-120.0,-59.2,-76.0,-84.5,-91.0,kitchen
2017-04-10 15:39:59+00:00,-64.33333333333333,-89.5,-83.0,-84.0,-83.0,-79.0,-83.5,-60.5,-82.0,-80.5,-79.33333333333333,kitchen
2017-04-10 15:40:00+00:00,-74.0,-120.0,-120.0,-120.0,-83.0,-82.25,-85.0,-52.6,-92.5,-87.5,-73.5,kitchen
2017-04-10 15:40:01+00:00,-68.5,-120.0,-85.0,-120.0,-88.0,-85.0,-120.0,-61.0,-75.5,-87.8,-75.6,kitchen
2017-04-10 15:40:02+00:00,-72.5,-92.33333333333333,-90.0,-120.0,-84.33333333333333,-81.0,-89.5,-48.6,-71.33333333333333,-89.0,-73.33333333333333,kitchen
2017-04-10 15:40:03+00:00,-71.25,-90.25,-88.0,-87.0,-91.5,-85.0,-90.0,-53.5,-78.25,-82.66666666666667,-81.0,kitchen
2017-04-10 15:40:04+00:00,-70.66666666666667,-90.5,-120.0,-90.0,-88.8,-78.0,-120.0,-48.2,-64.33333333333333,-86.0,-85.0,kitchen
2017-04-10 15:40:05+00:00,-71.25,-86.0,-85.0,-89.5,-79.25,-85.5,-84.0,-49.333333333333336,-72.0,-86.0,-74.66666666666667,kitchen
2017-04-10 15:40:06+00:00,-71.0,-90.5,-87.33333333333333,-83.0,-82.66666666666667,-85.33333333333333,-87.0,-54.4,-78.0,-86.0,-77.6,kitchen
2017-04-10 15:40:07+00:00,-69.0,-87.0,-82.0,-88.0,-84.6,-83.5,-79.5,-46.75,-78.25,-87.0,-85.0,kitchen
2017-04-10 15:40:08+00:00,-77.25,-89.0,-84.0,-120.0,-78.0,-85.0,-83.0,-62.0,-67.66666666666667,-93.66666666666667,-76.75,kitchen
2017-04-10 15:40:09+00:00,-67.0,-93.0,-87.66666666666667,-91.0,-81.33333333333333,-83.0,-84.33333333333333,-59.5,-82.75,-85.33333333333333,-81.5,kitchen
2017-04-10 15:40:10+00:00,-70.66666666666667,-120.0,-90.0,-120.0,-80.66666666666667,-91.5,-92.5,-66.75,-82.0,-88.0,-85.2,kitchen
2017-04-10 15:40:11+00:00,-65.66666666666667,-120.0,-92.0,-120.0,-89.25,-87.5,-93.33333333333333,-61.8,-79.0,-96.0,-88.5,kitchen
2017-04-10 15:40:12+00:00,-69.33333333333333,-120.0,-92.0,-120.0,-85.0,-85.0,-95.5,-60.0,-75.5,-86.33333333333333,-88.0,kitchen
2017-04-10 15:40:13+00:00,-71.33333333333333,-91.0,-120.0,-120.0,-92.0,-78.0,-86.0,-63.0,-74.33333333333333,-88.0,-89.0,kitchen
2017-04-10 15:40:14+00:00,-74.75,-120.0,-89.0,-120.0,-87.75,-86.25,-88.66666666666667,-62.2,-82.66666666666667,-87.4,-89.0,kitchen
2017-04-10 15:40:15+00:00,-69.25,-120.0,-120.0,-120.0,-88.5,-82.5,-120.0,-62.0,-81.5,-85.0,-84.33333333333333,kitchen
2017-04-10 15:40:16+00:00,-69.4,-120.0,-91.5,-120.0,-84.5,-88.5,-93.5,-58.0,-76.0,-92.2,-85.0,kitchen
2017-04-10 15:40:17+00:00,-74.0,-120.0,-99.0,-120.0,-79.5,-74.5,-89.0,-61.333333333333336,-67.5,-84.0,-81.0,kitchen
2017-04-10 15:40:18+00:00,-68.66666666666667,-91.0,-89.0,-120.0,-74.6,-82.5,-81.5,-62.0,-66.66666666666667,-90.66666666666667,-82.5,kitchen
2017-04-10 15:40:19+00:00,-75.33333333333333,-101.0,-84.0,-81.0,-77.25,-76.0,-88.5,-51.25,-71.66666666666667,-88.33333333333333,-74.25,kitchen
2017-04-10 15:40:20+00:00,-67.6,-86.0,-84.0,-120.0,-73.66666666666667,-85.5,-89.0,-59.0,-69.0,-90.0,-77.0,kitchen
2017-04-10 15:40:21+00:00,-69.33333333333333,-92.0,-84.0,-120.0,-82.25,-83.75,-83.0,-50.0,-61.5,-97.0,-92.5,kitchen
2017-04-10 15:40:22+00:00,-64.33333333333333,-97.0,-120.0,-120.0,-86.2,-89.66666666666667,-90.66666666666667,-54.75,-83.0,-85.33333333333333,-83.5,kitchen
2017-04-10 15:40:23+00:00,-66.8,-97.0,-120.0,-97.0,-84.5,-101.0,-86.0,-55.75,-94.5,-95.0,-74.0,kitchen
2017-04-10 15:40:43+00:00,-69.6,-120.0,-120.0,-120.0,-88.0,-86.0,-85.0,-59.666666666666664,-80.33333333333333,-120.0,-84.75,kitchen
2017-04-10 15:40:44+00:00,-68.0,-96.0,-96.0,-120.0,-89.0,-88.75,-88.0,-55.333333333333336,-78.25,-120.0,-73.5,kitchen
2017-04-10 15:41:44+00:00,-71.75,-88.5,-120.0,-120.0,-92.33333333333333,-85.75,-87.5,-57.0,-78.0,-88.5,-77.8,kitchen
2017-04-10 15:41:45+00:00,-72.33333333333333,-85.25,-76.0,-83.0,-75.0,-74.5,-88.0,-55.5,-70.33333333333333,-74.5,-80.33333333333333,kitchen
2017-04-10 15:41:46+00:00,-71.0,-82.6,-83.0,-90.0,-72.8,-78.25,-84.5,-65.0,-66.4,-82.33333333333333,-77.8,kitchen
2017-04-10 15:41:47+00:00,-77.2,-84.6,-81.0,-79.0,-69.4,-67.0,-82.0,-56.25,-64.0,-84.5,-76.8,kitchen
2017-04-10 15:41:48+00:00,-74.6,-90.0,-81.8,-88.0,-67.4,-71.0,-80.5,-52.8,-69.5,-83.0,-80.6,kitchen
2017-04-10 15:41:49+00:00,-73.0,-101.0,-120.0,-79.0,-79.5,-94.0,-89.33333333333333,-62.2,-71.0,-91.0,-88.25,kitchen
2017-04-10 15:41:50+00:00,-84.0,-120.0,-85.0,-120.0,-96.0,-87.0,-89.5,-78.0,-75.0,-89.0,-88.5,kitchen
2017-04-10 15:41:51+00:00,-77.5,-120.0,-120.0,-120.0,-92.0,-87.0,-120.0,-59.0,-84.0,-85.0,-83.66666666666667,kitchen
2017-04-10 15:41:52+00:00,-76.5,-88.0,-120.0,-120.0,-85.0,-99.0,-120.0,-64.66666666666667,-80.0,-120.0,-81.0,kitchen
2017-04-10 15:41:53+00:00,-76.0,-120.0,-90.0,-120.0,-92.0,-84.0,-88.0,-68.75,-78.33333333333333,-97.66666666666667,-87.5,kitchen
2017-04-10 15:41:54+00:00,-72.5,-120.0,-120.0,-120.0,-98.0,-88.0,-120.0,-62.333333333333336,-93.0,-82.0,-88.0,kitchen
2017-04-10 15:41:55+00:00,-71.5,-120.0,-120.0,-87.0,-93.0,-82.0,-120.0,-70.0,-83.5,-84.0,-101.0,kitchen
2017-04-10 15:41:56+00:00,-71.33333333333333,-120.0,-120.0,-120.0,-95.66666666666667,-90.0,-120.0,-67.0,-76.5,-85.0,-89.33333333333333,kitchen
2017-04-10 15:41:57+00:00,-78.5,-120.0,-120.0,-120.0,-92.66666666666667,-91.66666666666667,-120.0,-62.0,-120.0,-120.0,-82.5,kitchen
2017-04-10 15:41:58+00:00,-78.5,-120.0,-120.0,-120.0,-84.5,-86.0,-120.0,-66.0,-90.5,-87.0,-89.33333333333333,kitchen
2017-04-10 15:41:59+00:00,-80.33333333333333,-120.0,-120.0,-120.0,-87.5,-83.33333333333333,-120.0,-69.5,-78.0,-120.0,-95.5,kitchen
2017-04-10 15:42:00+00:00,-68.33333333333333,-120.0,-120.0,-120.0,-92.0,-120.0,-88.0,-61.0,-73.0,-91.0,-85.75,kitchen
2017-04-10 15:42:03+00:00,-74.2,-120.0,-120.0,-120.0,-85.0,-81.0,-98.0,-65.0,-75.0,-91.0,-92.33333333333333,kitchen
2017-04-10 15:42:04+00:00,-73.2,-120.0,-120.0,-120.0,-120.0,-94.0,-90.0,-65.4,-84.66666666666667,-102.0,-88.8,kitchen
2017-04-10 15:42:05+00:00,-86.33333333333333,-120.0,-120.0,-120.0,-86.0,-83.5,-89.5,-60.4,-120.0,-120.0,-86.33333333333333,kitchen
2017-04-10 15:42:06+00:00,-77.75,-120.0,-120.0,-120.0,-120.0,-94.0,-120.0,-63.0,-72.5,-120.0,-120.0,kitchen
2017-04-10 15:42:07+00:00,-69.66666666666667,-120.0,-120.0,-120.0,-85.0,-86.5,-93.5,-72.8,-79.66666666666667,-120.0,-88.5,kitchen
2017-04-10 15:42:08+00:00,-72.66666666666667,-87.0,-120.0,-120.0,-87.5,-83.5,-94.5,-70.0,-78.0,-86.0,-88.66666666666667,kitchen
2017-04-10 15:42:09+00:00,-78.66666666666667,-120.0,-120.0,-120.0,-83.66666666666667,-93.0,-89.0,-72.0,-89.5,-99.0,-98.0,kitchen
2017-04-10 15:42:10+00:00,-75.33333333333333,-120.0,-93.0,-120.0,-81.25,-81.0,-120.0,-74.0,-71.0,-98.0,-90.5,kitchen
2017-04-10 15:42:11+00:00,-77.0,-120.0,-120.0,-120.0,-93.66666666666667,-80.0,-120.0,-62.5,-85.5,-82.0,-83.0,kitchen
2017-04-10 15:42:12+00:00,-77.8,-120.0,-120.0,-120.0,-88.0,-85.0,-120.0,-61.0,-77.5,-85.0,-79.8,kitchen
2017-04-10 15:42:13+00:00,-79.0,-120.0,-120.0,-120.0,-90.75,-83.0,-83.0,-80.66666666666667,-85.5,-86.0,-89.5,kitchen
2017-04-10 15:42:14+00:00,-77.66666666666667,-120.0,-120.0,-120.0,-88.0,-96.0,-120.0,-67.4,-84.5,-120.0,-85.75,kitchen
2017-04-10 15:42:15+00:00,-80.0,-120.0,-120.0,-84.0,-87.75,-85.0,-120.0,-68.75,-77.0,-120.0,-83.33333333333333,kitchen
2017-04-10 15:42:16+00:00,-79.0,-120.0,-120.0,-96.0,-86.66666666666667,-79.0,-120.0,-72.0,-77.66666666666667,-86.0,-89.5,kitchen
2017-04-10 15:42:17+00:00,-80.6,-120.0,-96.0,-120.0,-90.5,-86.0,-90.0,-76.5,-92.33333333333333,-120.0,-92.66666666666667,kitchen
2017-04-10 15:42:18+00:00,-72.5,-88.0,-120.0,-120.0,-83.5,-80.75,-100.0,-65.0,-84.0,-86.0,-78.75,kitchen
2017-04-10 15:42:19+00:00,-69.6,-120.0,-120.0,-120.0,-88.33333333333333,-76.5,-120.0,-63.5,-79.33333333333333,-89.0,-83.33333333333333,kitchen
2017-04-10 15:42:20+00:00,-67.4,-91.0,-120.0,-89.0,-88.5,-79.33333333333333,-98.5,-57.25,-73.0,-90.5,-84.6,kitchen
2017-04-10 15:42:21+00:00,-82.0,-120.0,-120.0,-88.0,-91.0,-87.66666666666667,-120.0,-67.25,-75.0,-120.0,-86.0,kitchen
2017-04-10 15:42:22+00:00,-77.0,-120.0,-120.0,-120.0,-91.66666666666667,-88.0,-120.0,-67.25,-81.0,-97.0,-89.25,kitchen
2017-04-10 15:42:23+00:00,-79.5,-120.0,-120.0,-120.0,-97.0,-91.0,-86.0,-66.8,-73.0,-92.0,-81.0,kitchen
2017-04-10 15:42:24+00:00,-79.66666666666667,-120.0,-88.0,-90.33333333333333,-79.5,-85.66666666666667,-90.66666666666667,-68.5,-75.0,-80.5,-78.66666666666667,kitchen
2017-04-10 15:42:25+00:00,-73.0,-99.0,-86.8,-94.0,-77.5,-76.0,-83.8,-60.333333333333336,-73.4,-85.0,-82.0,kitchen
2017-04-10 15:42:26+00:00,-72.4,-87.33333333333333,-89.2,-120.0,-79.0,-71.0,-120.0,-64.75,-71.66666666666667,-87.33333333333333,-77.2,kitchen
2017-04-10 15:42:27+00:00,-66.75,-99.0,-82.0,-87.0,-87.5,-80.5,-76.5,-49.666666666666664,-73.0,-82.5,-73.75,kitchen
2017-04-10 15:42:28+00:00,-75.33333333333333,-90.5,-80.75,-120.0,-74.2,-84.25,-91.33333333333333,-60.4,-70.0,-81.0,-74.2,kitchen
2017-04-10 15:42:29+00:00,-74.2,-84.6,-90.5,-86.0,-78.75,-68.0,-83.5,-49.4,-67.0,-88.25,-79.5,kitchen
2017-04-10 15:42:30+00:00,-76.66666666666667,-86.0,-87.66666666666667,-88.0,-80.0,-75.33333333333333,-85.0,-64.5,-73.0,-84.75,-74.5,kitchen
2017-04-10 15:42:31+00:00,-83.25,-77.0,-72.33333333333333,-77.5,-68.75,-69.5,-76.0,-63.4,-72.5,-81.0,-60.5,living_area_A
2017-04-10 15:42:32+00:00,-83.0,-79.66666666666667,-71.5,-78.25,-74.5,-73.6,-64.5,-73.25,-57.25,-79.0,-57.25,living_area_A
2017-04-10 15:42:33+00:00,-84.33333333333333,-78.33333333333333,-76.2,-84.0,-75.66666666666667,-71.25,-77.0,-75.66666666666667,-62.25,-82.5,-73.66666666666667,living_area_A
2017-04-10 15:42:34+00:00,-84.8,-84.0,-74.75,-79.33333333333333,-83.2,-75.33333333333333,-67.4,-79.5,-54.0,-85.0,-55.6,living_area_A
2017-04-10 15:42:35+00:00,-81.75,-78.75,-80.75,-85.0,-77.66666666666667,-79.25,-69.75,-80.0,-52.5,-91.0,-63.666666666666664,living_area_A
2017-04-10 15:42:36+00:00,-87.0,-77.33333333333333,-77.66666666666667,-78.66666666666667,-79.25,-75.0,-62.0,-79.0,-58.0,-77.5,-81.0,living_area_A
2017-04-10 15:42:37+00:00,-84.66666666666667,-75.75,-73.25,-82.75,-82.5,-72.4,-62.0,-79.25,-40.666666666666664,-84.25,-67.2,living_area_A
2017-04-10 15:42:38+00:00,-97.0,-77.8,-76.8,-78.25,-81.66666666666667,-73.2,-65.75,-78.0,-50.333333333333336,-75.25,-62.0,living_area_A
2017-04-10 15:42:39+00:00,-120.0,-75.33333333333333,-71.6,-80.0,-80.33333333333333,-70.0,-62.666666666666664,-80.25,-46.25,-73.0,-70.0,living_area_A
2017-04-10 15:42:40+00:00,-102.0,-78.2,-71.66666666666667,-83.0,-79.6,-73.2,-58.25,-77.25,-48.75,-78.8,-73.2,living_area_A
2017-04-10 15:42:41+00:00,-86.0,-76.75,-72.33333333333333,-83.4,-72.4,-72.0,-59.666666666666664,-85.2,-49.0,-78.5,-78.5,living_area_A
2017-04-10 15:42:42+00:00,-88.33333333333333,-76.25,-76.6,-79.0,-83.5,-73.66666666666667,-66.0,-83.33333333333333,-58.0,-81.8,-72.4,living_area_A
2017-04-10 15:42:43+00:00,-85.5,-74.2,-84.0,-93.0,-78.6,-76.6,-60.75,-81.0,-47.25,-82.0,-63.8,living_area_A
2017-04-10 15:42:44+00:00,-120.0,-74.4,-72.5,-85.0,-78.25,-72.0,-59.25,-74.66666666666667,-52.0,-71.75,-61.0,living_area_A
2017-04-10 15:42:45+00:00,-86.0,-76.0,-72.8,-85.75,-75.2,-69.0,-62.0,-79.6,-49.75,-79.0,-61.25,living_area_A
2017-04-10 15:42:46+00:00,-120.0,-75.0,-75.4,-83.0,-76.8,-73.0,-66.4,-79.0,-65.75,-82.6,-63.8,living_area_A
2017-04-10 15:42:47+00:00,-88.0,-71.66666666666667,-77.0,-89.33333333333333,-77.0,-72.4,-73.0,-75.4,-46.0,-78.6,-66.0,living_area_A
2017-04-10 15:42:48+00:00,-120.0,-79.0,-73.0,-79.0,-74.25,-74.33333333333333,-64.75,-79.0,-47.0,-80.25,-76.0,living_area_A
2017-04-10 15:42:49+00:00,-85.0,-80.4,-75.6,-79.0,-80.0,-74.0,-62.333333333333336,-80.0,-44.0,-80.5,-79.66666666666667,living_area_A
2017-04-10 15:42:50+00:00,-120.0,-73.0,-72.75,-71.25,-80.8,-72.0,-63.5,-83.25,-44.5,-77.2,-68.5,living_area_A
2017-04-10 15:42:51+00:00,-83.0,-72.0,-76.75,-75.25,-79.25,-61.25,-74.75,-79.8,-53.5,-63.8,-75.75,living_area_A
2017-04-10 15:42:52+00:00,-78.75,-59.25,-79.0,-79.25,-71.75,-72.4,-77.66666666666667,-82.66666666666667,-64.25,-69.0,-68.0,living_area_A
2017-04-10 15:42:53+00:00,-70.5,-82.5,-84.33333333333333,-79.66666666666667,-74.0,-69.8,-77.25,-71.25,-68.0,-75.25,-75.0,living_area_A
2017-04-10 15:42:54+00:00,-63.75,-85.0,-88.33333333333333,-79.0,-78.0,-69.5,-75.25,-64.25,-65.5,-87.8,-80.25,kitchen
2017-04-10 15:42:55+00:00,-60.0,-83.0,-92.0,-120.0,-78.0,-83.0,-87.33333333333333,-66.8,-75.66666666666667,-82.5,-80.66666666666667,kitchen
2017-04-10 15:42:56+00:00,-68.5,-86.0,-89.33333333333333,-84.0,-73.25,-75.5,-85.0,-65.6,-67.5,-84.5,-81.8,kitchen
2017-04-10 15:42:57+00:00,-79.75,-83.5,-80.5,-78.0,-72.0,-75.5,-79.0,-64.0,-78.66666666666667,-86.0,-76.0,kitchen
2017-04-10 15:42:58+00:00,-80.0,-90.0,-80.25,-84.66666666666667,-69.66666666666667,-72.0,-120.0,-69.66666666666667,-77.0,-75.75,-80.75,kitchen
2017-04-10 15:42:59+00:00,-79.0,-87.0,-86.33333333333333,-82.0,-72.5,-89.0,-88.75,-60.0,-66.66666666666667,-90.0,-81.25,kitchen
2017-04-10 15:43:00+00:00,-73.0,-120.0,-82.0,-95.66666666666667,-75.25,-73.66666666666667,-90.66666666666667,-57.5,-71.75,-82.66666666666667,-81.6,kitchen
2017-04-10 15:43:01+00:00,-70.33333333333333,-87.0,-86.5,-79.0,-73.2,-73.0,-90.66666666666667,-62.4,-79.75,-83.5,-82.4,kitchen
2017-04-10 15:43:02+00:00,-84.5,-91.0,-83.5,-90.33333333333333,-66.0,-80.33333333333333,-84.0,-64.0,-67.33333333333333,-87.33333333333333,-83.5,kitchen
2017-04-10 15:43:03+00:00,-63.666666666666664,-98.0,-89.66666666666667,-80.66666666666667,-71.0,-79.0,-89.5,-61.8,-80.25,-83.5,-77.0,kitchen
2017-04-10 15:43:04+00:00,-120.0,-85.0,-90.0,-81.5,-75.4,-83.0,-96.0,-59.2,-74.0,-83.0,-78.6,kitchen
2017-04-10 15:43:05+00:00,-86.0,-91.0,-86.0,-89.5,-70.33333333333333,-80.66666666666667,-92.0,-67.2,-71.0,-89.0,-80.33333333333333,kitchen
2017-04-10 15:43:06+00:00,-90.0,-84.0,-84.0,-84.33333333333333,-72.6,-82.0,-93.5,-60.8,-75.0,-82.5,-81.0,kitchen
2017-04-10 15:43:07+00:00,-73.4,-85.5,-85.5,-94.0,-69.75,-75.33333333333333,-82.0,-66.6,-75.0,-88.0,-79.0,kitchen
2017-04-10 15:43:08+00:00,-81.5,-86.5,-92.33333333333333,-94.0,-74.0,-72.0,-91.0,-66.66666666666667,-69.5,-81.0,-81.0,kitchen
2017-04-10 15:43:09+00:00,-69.66666666666667,-92.5,-93.0,-86.5,-78.66666666666667,-89.0,-91.0,-59.25,-63.5,-92.66666666666667,-84.0,kitchen
2017-04-10 15:43:10+00:00,-82.5,-120.0,-94.5,-120.0,-90.75,-87.0,-84.5,-63.333333333333336,-67.0,-96.5,-90.0,kitchen
2017-04-10 15:43:11+00:00,-74.0,-120.0,-87.33333333333333,-120.0,-84.5,-87.0,-99.5,-62.8,-80.0,-90.5,-85.4,kitchen
2017-04-10 15:43:12+00:00,-75.75,-88.0,-90.0,-92.0,-84.33333333333333,-92.33333333333333,-96.5,-66.4,-86.0,-85.0,-82.0,kitchen
2017-04-10 15:43:13+00:00,-83.0,-87.0,-91.5,-89.0,-87.75,-85.0,-87.0,-60.75,-79.75,-90.0,-81.6,kitchen
2017-04-10 15:43:14+00:00,-78.5,-120.0,-92.0,-88.0,-84.66666666666667,-86.6,-89.0,-68.8,-76.5,-90.0,-74.75,kitchen
2017-04-10 15:43:15+00:00,-76.4,-120.0,-120.0,-89.0,-94.0,-87.0,-89.0,-76.25,-77.5,-79.33333333333333,-79.4,kitchen
2017-04-10 15:43:16+00:00,-78.2,-91.0,-85.0,-85.0,-89.5,-94.0,-120.0,-72.5,-81.66666666666667,-84.0,-80.0,kitchen
2017-04-10 15:43:17+00:00,-75.66666666666667,-94.5,-96.0,-88.0,-90.5,-80.0,-120.0,-71.25,-80.0,-83.66666666666667,-82.66666666666667,kitchen
2017-04-10 15:43:18+00:00,-84.33333333333333,-120.0,-120.0,-86.0,-86.4,-92.0,-104.0,-76.8,-81.0,-85.0,-72.33333333333333,kitchen
2017-04-10 15:43:19+00:00,-78.75,-120.0,-86.75,-89.0,-88.25,-83.25,-120.0,-75.0,-77.0,-84.0,-85.0,kitchen
2017-04-10 15:43:20+00:00,-79.66666666666667,-120.0,-81.5,-84.5,-86.75,-83.66666666666667,-103.0,-64.5,-80.5,-88.5,-90.0,kitchen
2017-04-10 15:43:21+00:00,-80.75,-120.0,-120.0,-90.5,-88.0,-91.0,-88.5,-74.4,-78.0,-89.0,-79.0,kitchen
2017-04-10 15:43:22+00:00,-78.4,-120.0,-89.0,-89.66666666666667,-89.2,-85.4,-94.5,-67.0,-120.0,-86.0,-85.0,kitchen
2017-04-10 15:43:23+00:00,-80.0,-91.0,-86.0,-82.5,-89.0,-88.0,-120.0,-76.6,-82.25,-84.66666666666667,-79.8,kitchen
2017-04-10 15:43:24+00:00,-82.0,-120.0,-85.0,-95.0,-85.25,-88.25,-120.0,-72.8,-76.0,-83.5,-80.5,kitchen
2017-04-10 15:43:25+00:00,-77.5,-120.0,-99.0,-89.5,-87.8,-82.0,-95.5,-69.66666666666667,-74.33333333333333,-83.5,-77.0,kitchen
2017-04-10 15:43:26+00:00,-88.0,-120.0,-89.0,-83.5,-84.5,-84.0,-120.0,-63.666666666666664,-80.0,-86.75,-83.5,kitchen
2017-04-10 15:43:27+00:00,-77.0,-90.0,-93.0,-84.5,-88.25,-86.75,-120.0,-75.0,-81.5,-89.5,-80.33333333333333,kitchen
2017-04-10 15:43:28+00:00,-77.5,-90.0,-95.0,-83.0,-83.66666666666667,-85.75,-90.0,-70.33333333333333,-77.0,-85.2,-83.0,kitchen
2017-04-10 15:43:29+00:00,-85.2,-120.0,-91.25,-83.5,-84.75,-86.0,-89.0,-64.0,-75.33333333333333,-85.5,-76.33333333333333,kitchen
2017-04-10 15:43:30+00:00,-79.5,-120.0,-95.0,-86.0,-83.0,-80.0,-90.0,-68.8,-70.75,-89.5,-81.0,kitchen
2017-04-10 15:43:31+00:00,-80.4,-91.0,-89.0,-91.33333333333333,-88.75,-86.75,-102.0,-70.25,-80.8,-87.6,-80.0,kitchen
2017-04-10 15:43:32+00:00,-78.2,-100.0,-89.0,-87.66666666666667,-85.25,-86.25,-98.0,-65.75,-67.0,-80.0,-80.0,kitchen
2017-04-10 15:43:33+00:00,-75.5,-120.0,-120.0,-88.0,-82.33333333333333,-86.33333333333333,-120.0,-67.0,-71.5,-85.25,-81.5,kitchen
2017-04-10 15:43:34+00:00,-74.5,-120.0,-85.0,-80.0,-85.6,-83.0,-120.0,-70.25,-69.0,-84.66666666666667,-74.33333333333333,kitchen
2017-04-10 15:43:35+00:00,-77.66666666666667,-90.0,-88.75,-89.0,-86.66666666666667,-85.25,-120.0,-65.25,-78.33333333333333,-84.75,-84.25,kitchen
2017-04-10 15:43:36+00:00,-84.4,-120.0,-86.0,-89.0,-86.5,-88.0,-86.0,-70.5,-72.75,-84.4,-86.66666666666667,kitchen
2017-04-10 15:43:37+00:00,-77.5,-88.0,-85.0,-84.0,-85.66666666666667,-79.0,-89.0,-73.0,-76.25,-81.6,-82.0,kitchen
2017-04-10 15:43:38+00:00,-77.5,-120.0,-89.5,-85.8,-89.75,-89.6,-120.0,-71.6,-73.0,-88.0,-74.5,kitchen
2017-04-10 15:43:39+00:00,-77.25,-120.0,-92.66666666666667,-89.0,-86.4,-84.5,-120.0,-71.6,-86.33333333333333,-86.66666666666667,-80.25,kitchen
2017-04-10 15:43:40+00:00,-78.6,-120.0,-91.5,-83.0,-86.75,-79.0,-90.0,-69.4,-80.0,-85.5,-82.5,kitchen
2017-04-10 15:43:41+00:00,-77.8,-120.0,-89.0,-85.0,-87.8,-83.0,-90.0,-66.5,-76.0,-85.75,-88.2,kitchen
2017-04-10 15:43:42+00:00,-78.6,-120.0,-86.0,-93.33333333333333,-85.33333333333333,-87.66666666666667,-90.0,-68.75,-78.5,-90.5,-87.33333333333333,kitchen
2017-04-10 15:43:43+00:00,-75.25,-120.0,-101.0,-88.0,-98.0,-81.0,-120.0,-71.66666666666667,-70.0,-88.0,-81.66666666666667,kitchen
2017-04-10 15:43:44+00:00,-77.0,-120.0,-90.5,-97.0,-89.0,-85.75,-90.0,-60.75,-90.0,-87.5,-84.5,kitchen
2017-04-10 15:43:45+00:00,-72.66666666666667,-120.0,-89.0,-90.0,-86.33333333333333,-83.25,-120.0,-70.75,-75.33333333333333,-81.66666666666667,-83.2,kitchen
2017-04-10 15:43:46+00:00,-81.25,-120.0,-87.66666666666667,-96.0,-80.5,-85.0,-120.0,-72.5,-71.0,-84.5,-80.0,kitchen
2017-04-10 15:43:47+00:00,-82.66666666666667,-120.0,-98.0,-84.5,-82.5,-86.66666666666667,-120.0,-67.0,-80.25,-91.0,-86.4,kitchen
2017-04-10 15:43:48+00:00,-73.5,-120.0,-84.0,-85.0,-85.8,-84.25,-120.0,-63.6,-86.0,-88.5,-82.5,kitchen
2017-04-10 15:43:49+00:00,-69.0,-120.0,-86.0,-120.0,-82.0,-120.0,-80.0,-58.0,-71.5,-92.5,-85.5,kitchen
2017-04-10 15:43:50+00:00,-65.66666666666667,-87.0,-120.0,-120.0,-75.5,-97.0,-93.0,-54.25,-66.0,-91.0,-83.25,kitchen
2017-04-10 15:43:51+00:00,-75.66666666666667,-93.0,-96.0,-80.0,-77.0,-86.6,-120.0,-60.0,-76.75,-120.0,-77.6,kitchen
2017-04-10 15:43:52+00:00,-76.0,-86.0,-120.0,-89.5,-79.5,-89.66666666666667,-82.0,-59.0,-71.33333333333333,-85.33333333333333,-92.0,kitchen
2017-04-10 15:43:53+00:00,-73.0,-102.0,-120.0,-83.0,-78.5,-89.0,-93.0,-64.0,-85.25,-86.0,-76.25,kitchen
2017-04-10 15:43:54+00:00,-85.0,-89.5,-86.0,-94.0,-78.75,-80.0,-95.0,-73.0,-73.0,-93.0,-73.33333333333333,kitchen
2017-04-10 15:43:55+00:00,-79.6,-93.5,-96.0,-87.5,-87.0,-85.0,-89.66666666666667,-66.5,-71.0,-87.33333333333333,-83.5,kitchen
2017-04-10 15:43:56+00:00,-69.75,-94.0,-102.0,-90.0,-79.75,-87.0,-83.0,-56.0,-74.8,-90.6,-85.0,kitchen
2017-04-10 15:43:57+00:00,-76.0,-88.0,-120.0,-92.5,-77.5,-86.0,-87.0,-63.8,-75.25,-89.0,-84.8,kitchen
2017-04-10 15:43:58+00:00,-73.5,-100.0,-94.0,-120.0,-87.5,-84.0,-83.0,-70.5,-76.0,-95.0,-81.0,kitchen
2017-04-10 15:43:59+00:00,-68.0,-120.0,-91.5,-88.0,-77.25,-82.5,-88.5,-69.75,-75.0,-88.66666666666667,-77.4,kitchen
2017-04-10 15:44:00+00:00,-74.5,-91.0,-87.2,-120.0,-76.66666666666667,-76.66666666666667,-85.0,-59.5,-63.0,-93.5,-83.0,kitchen
2017-04-10 15:44:01+00:00,-75.75,-90.0,-88.75,-89.0,-76.0,-81.75,-92.66666666666667,-68.66666666666667,-74.0,-90.0,-78.8,kitchen
2017-04-10 15:44:07+00:00,-70.8,-88.33333333333333,-120.0,-120.0,-85.0,-87.0,-89.0,-50.5,-92.0,-90.0,-76.5,kitchen
2017-04-10 15:44:08+00:00,-69.66666666666667,-93.0,-79.0,-120.0,-79.5,-75.66666666666667,-85.33333333333333,-45.666666666666664,-73.0,-92.5,-72.66666666666667,kitchen
2017-04-10 15:44:09+00:00,-62.0,-87.0,-90.5,-120.0,-82.0,-84.25,-86.66666666666667,-50.666666666666664,-66.0,-89.33333333333333,-75.0,kitchen
2017-04-10 15:44:10+00:00,-66.8,-88.66666666666667,-82.0,-120.0,-90.5,-79.0,-87.0,-52.2,-74.5,-87.66666666666667,-69.0,kitchen
2017-04-10 15:44:11+00:00,-69.0,-91.0,-86.0,-86.0,-88.33333333333333,-81.75,-90.5,-46.5,-71.33333333333333,-84.75,-73.2,kitchen
2017-04-10 15:44:12+00:00,-76.33333333333333,-89.33333333333333,-120.0,-96.0,-83.25,-83.5,-91.0,-48.0,-73.0,-93.0,-75.8,kitchen
2017-04-10 15:44:13+00:00,-56.5,-85.33333333333333,-78.0,-120.0,-88.66666666666667,-81.0,-88.25,-44.25,-77.0,-85.0,-69.0,kitchen
2017-04-10 15:44:14+00:00,-67.0,-78.0,-86.33333333333333,-120.0,-120.0,-78.25,-95.33333333333333,-49.2,-82.0,-79.5,-71.5,kitchen
2017-04-10 15:44:15+00:00,-69.8,-98.0,-100.0,-120.0,-86.5,-79.5,-82.0,-52.333333333333336,-90.5,-91.75,-80.2,kitchen
2017-04-10 15:44:16+00:00,-74.25,-86.0,-93.0,-120.0,-88.5,-81.6,-100.0,-49.75,-78.75,-85.5,-82.5,kitchen
2017-04-10 15:44:17+00:00,-77.25,-89.0,-120.0,-88.0,-86.5,-85.0,-86.5,-44.75,-66.0,-84.0,-76.0,kitchen
2017-04-10 15:44:18+00:00,-72.5,-86.0,-120.0,-88.0,-90.0,-80.25,-89.5,-54.666666666666664,-89.0,-90.5,-76.66666666666667,kitchen
2017-04-10 15:44:19+00:00,-72.0,-89.0,-120.0,-120.0,-88.75,-88.5,-94.0,-53.0,-73.5,-88.66666666666667,-78.4,kitchen
2017-04-10 15:44:20+00:00,-72.2,-90.0,-120.0,-120.0,-89.33333333333333,-84.5,-94.0,-48.0,-84.0,-81.25,-75.75,kitchen
2017-04-10 15:44:21+00:00,-69.0,-90.0,-120.0,-91.0,-87.25,-89.0,-95.0,-56.0,-68.0,-120.0,-75.6,kitchen
2017-04-10 15:44:46+00:00,-69.66666666666667,-82.0,-120.0,-120.0,-86.6,-84.33333333333333,-92.5,-55.4,-82.66666666666667,-103.0,-73.5,kitchen
2017-04-10 15:44:47+00:00,-72.75,-87.0,-91.0,-120.0,-88.25,-88.33333333333333,-93.0,-50.8,-78.33333333333333,-84.5,-81.0,kitchen
2017-04-10 15:44:48+00:00,-69.0,-86.0,-86.0,-85.0,-79.0,-81.75,-91.0,-49.25,-73.0,-89.0,-76.8,kitchen
2017-04-10 15:44:49+00:00,-74.25,-120.0,-98.0,-120.0,-74.5,-84.0,-83.0,-62.666666666666664,-77.66666666666667,-86.66666666666667,-88.0,kitchen
2017-04-10 15:44:50+00:00,-73.0,-120.0,-87.0,-120.0,-84.0,-86.0,-89.0,-59.2,-74.0,-92.0,-77.66666666666667,kitchen
2017-04-10 15:44:51+00:00,-68.0,-101.0,-83.0,-120.0,-88.0,-90.5,-90.5,-55.666666666666664,-77.0,-91.5,-82.6,kitchen
2017-04-10 15:44:52+00:00,-62.0,-90.0,-90.5,-97.0,-76.66666666666667,-87.66666666666667,-120.0,-52.0,-69.0,-90.0,-81.0,kitchen
2017-04-10 15:44:53+00:00,-65.2,-89.0,-86.0,-120.0,-81.0,-88.0,-92.0,-62.0,-67.0,-93.0,-79.25,kitchen
2017-04-10 15:44:54+00:00,-69.5,-91.66666666666667,-89.0,-87.0,-87.33333333333333,-82.2,-85.5,-54.0,-73.0,-85.5,-83.0,kitchen
2017-04-10 15:44:55+00:00,-68.66666666666667,-98.0,-85.75,-89.33333333333333,-81.25,-82.75,-89.0,-49.8,-72.0,-86.66666666666667,-80.75,kitchen
2017-04-10 15:44:56+00:00,-72.6,-85.0,-120.0,-120.0,-86.0,-76.0,-88.66666666666667,-44.666666666666664,-79.25,-85.5,-74.6,living_area_A
2017-04-10 15:44:57+00:00,-76.75,-87.75,-82.0,-120.0,-83.0,-78.0,-92.0,-44.6,-68.5,-82.66666666666667,-77.0,living_area_A
2017-04-10 15:44:58+00:00,-72.0,-88.66666666666667,-75.5,-89.66666666666667,-88.33333333333333,-72.8,-85.0,-56.75,-71.5,-81.5,-81.0,kitchen
2017-04-10 15:44:59+00:00,-67.33333333333333,-89.5,-84.4,-120.0,-78.6,-76.75,-83.33333333333333,-48.666666666666664,-67.66666666666667,-76.0,-75.0,kitchen
2017-04-10 15:45:00+00:00,-73.66666666666667,-86.5,-80.0,-120.0,-72.0,-75.0,-80.0,-53.0,-64.66666666666667,-77.8,-76.25,kitchen
2017-04-10 15:45:01+00:00,-76.25,-88.66666666666667,-79.66666666666667,-120.0,-72.4,-77.4,-85.66666666666667,-55.8,-75.5,-76.25,-81.6,kitchen
2017-04-10 15:45:02+00:00,-78.33333333333333,-92.33333333333333,-80.75,-88.0,-74.4,-75.66666666666667,-89.0,-57.0,-58.5,-78.5,-77.0,kitchen
2017-04-10 15:45:03+00:00,-79.5,-87.33333333333333,-75.33333333333333,-120.0,-71.0,-74.4,-83.66666666666667,-54.0,-63.25,-73.66666666666667,-81.5,kitchen
2017-04-10 15:45:04+00:00,-80.4,-89.75,-80.0,-120.0,-71.6,-73.2,-84.0,-53.0,-70.33333333333333,-77.0,-78.0,kitchen
2017-04-10 15:45:05+00:00,-80.0,-91.66666666666667,-93.0,-120.0,-65.6,-75.0,-89.0,-54.6,-61.75,-72.25,-75.4,kitchen
2017-04-10 15:45:06+00:00,-73.0,-83.0,-77.25,-86.0,-78.4,-72.66666666666667,-89.5,-44.75,-78.5,-84.33333333333333,-75.75,kitchen
2017-04-10 15:45:07+00:00,-75.6,-101.0,-82.0,-120.0,-93.0,-88.33333333333333,-89.0,-47.8,-73.6,-88.0,-75.0,living_area_A
2017-04-10 15:45:08+00:00,-68.75,-87.0,-82.0,-120.0,-84.0,-84.33333333333333,-93.0,-48.75,-70.25,-89.5,-78.75,kitchen
2017-04-10 15:45:09+00:00,-64.4,-120.0,-120.0,-120.0,-76.0,-88.33333333333333,-91.0,-74.5,-83.0,-86.5,-88.33333333333333,kitchen
2017-04-10 15:45:10+00:00,-60.333333333333336,-87.0,-86.5,-120.0,-76.0,-79.0,-100.0,-53.0,-74.0,-120.0,-85.0,kitchen
2017-04-10 15:45:11+00:00,-66.0,-120.0,-95.0,-120.0,-78.0,-79.0,-85.5,-56.0,-73.75,-95.0,-86.0,kitchen
2017-04-10 15:45:12+00:00,-65.2,-96.0,-85.0,-85.0,-120.0,-79.0,-87.33333333333333,-57.0,-67.33333333333333,-89.33333333333333,-74.5,kitchen
2017-04-10 15:45:13+00:00,-64.75,-96.0,-96.0,-88.33333333333333,-82.66666666666667,-82.33333333333333,-92.0,-55.5,-76.0,-83.66666666666667,-82.66666666666667,kitchen
2017-04-10 15:45:14+00:00,-70.0,-120.0,-84.0,-84.0,-70.5,-78.0,-85.33333333333333,-64.5,-68.25,-77.5,-74.0,kitchen
2017-04-10 15:45:15+00:00,-71.75,-96.0,-90.0,-88.5,-77.66666666666667,-84.66666666666667,-86.2,-65.5,-76.0,-82.5,-86.8,kitchen
2017-04-10 15:45:16+00:00,-65.8,-98.0,-99.0,-86.5,-73.0,-80.0,-90.0,-60.5,-67.66666666666667,-85.0,-88.0,kitchen
2017-04-10 15:45:17+00:00,-64.33333333333333,-92.0,-88.0,-91.0,-68.5,-78.0,-75.0,-63.8,-67.2,-91.0,-88.33333333333333,kitchen
2017-04-10 15:45:18+00:00,-63.333333333333336,-88.0,-82.5,-120.0,-70.0,-77.25,-89.25,-60.666666666666664,-70.66666666666667,-120.0,-77.5,kitchen
2017-04-10 15:45:19+00:00,-64.75,-86.5,-92.0,-86.5,-76.4,-76.2,-81.0,-62.2,-70.5,-80.5,-78.0,kitchen
2017-04-10 15:45:20+00:00,-69.66666666666667,-86.0,-87.0,-81.5,-74.0,-78.5,-91.5,-64.0,-66.5,-87.5,-87.8,kitchen
2017-04-10 15:45:21+00:00,-66.5,-86.5,-89.0,-86.33333333333333,-70.75,-73.75,-82.0,-57.75,-70.0,-80.66666666666667,-86.66666666666667,kitchen
2017-04-10 15:45:22+00:00,-58.0,-87.25,-89.0,-83.0,-67.75,-74.25,-87.0,-60.8,-69.33333333333333,-82.25,-81.33333333333333,kitchen
2017-04-10 15:45:23+00:00,-62.75,-86.5,-91.0,-85.0,-72.66666666666667,-83.33333333333333,-85.5,-59.5,-68.0,-79.5,-88.0,kitchen
2017-04-10 15:45:24+00:00,-66.4,-90.66666666666667,-95.0,-90.0,-74.33333333333333,-75.0,-91.25,-66.66666666666667,-65.5,-83.66666666666667,-80.0,kitchen
2017-04-10 15:45:25+00:00,-63.5,-90.0,-92.0,-120.0,-82.2,-83.5,-88.0,-62.4,-71.75,-93.0,-80.25,kitchen
2017-04-10 15:45:26+00:00,-69.66666666666667,-96.0,-85.33333333333333,-120.0,-88.0,-85.0,-86.66666666666667,-52.5,-62.0,-90.33333333333333,-80.5,kitchen
2017-04-10 15:45:27+00:00,-70.0,-92.0,-83.0,-120.0,-74.0,-82.0,-83.0,-58.75,-86.0,-120.0,-76.66666666666667,kitchen
2017-04-10 15:45:28+00:00,-68.0,-99.0,-96.5,-120.0,-69.33333333333333,-83.0,-78.25,-59.0,-74.33333333333333,-120.0,-83.5,kitchen
2017-04-10 15:45:29+00:00,-71.66666666666667,-120.0,-83.0,-120.0,-79.0,-88.66666666666667,-89.33333333333333,-64.0,-67.0,-120.0,-88.5,kitchen
2017-04-10 15:45:30+00:00,-74.5,-89.0,-120.0,-120.0,-83.0,-85.0,-87.33333333333333,-55.0,-68.0,-120.0,-84.25,kitchen
2017-04-10 15:45:31+00:00,-72.33333333333333,-90.0,-98.5,-120.0,-76.33333333333333,-120.0,-87.0,-62.666666666666664,-73.25,-120.0,-85.0,kitchen
2017-04-10 15:45:32+00:00,-77.33333333333333,-120.0,-120.0,-120.0,-74.8,-88.0,-84.33333333333333,-52.4,-71.0,-99.66666666666667,-80.75,kitchen
2017-04-10 15:45:33+00:00,-78.2,-120.0,-120.0,-120.0,-76.0,-84.0,-83.0,-59.2,-69.33333333333333,-120.0,-80.6,kitchen
2017-04-10 15:45:34+00:00,-77.6,-94.0,-120.0,-120.0,-74.0,-120.0,-89.5,-59.5,-72.66666666666667,-120.0,-74.75,kitchen
2017-04-10 15:45:35+00:00,-60.0,-120.0,-87.0,-120.0,-77.0,-86.5,-89.0,-59.333333333333336,-76.0,-102.0,-75.6,kitchen
2017-04-10 15:49:14+00:00,-73.66666666666667,-86.0,-89.0,-87.66666666666667,-77.5,-77.66666666666667,-90.66666666666667,-47.25,-75.6,-80.5,-68.4,kitchen
2017-04-10 15:49:15+00:00,-69.0,-89.5,-87.66666666666667,-100.0,-85.2,-78.8,-120.0,-40.6,-67.5,-83.0,-69.75,kitchen
2017-04-10 15:49:16+00:00,-69.33333333333333,-91.0,-88.0,-86.0,-83.0,-73.4,-88.5,-47.8,-72.66666666666667,-84.0,-83.25,kitchen
2017-04-10 15:49:17+00:00,-77.75,-86.75,-88.0,-120.0,-88.0,-84.75,-81.5,-44.5,-71.5,-120.0,-80.2,kitchen
2017-04-10 15:49:18+00:00,-73.75,-120.0,-120.0,-120.0,-88.25,-85.5,-89.0,-49.6,-68.0,-96.0,-80.25,kitchen
2017-04-10 15:49:19+00:00,-70.8,-120.0,-120.0,-120.0,-84.0,-81.33333333333333,-120.0,-60.5,-120.0,-90.0,-84.25,kitchen
2017-04-10 15:49:20+00:00,-63.5,-120.0,-83.5,-120.0,-82.33333333333333,-90.0,-84.0,-59.5,-71.5,-88.33333333333333,-77.33333333333333,kitchen
2017-04-10 15:49:21+00:00,-75.25,-120.0,-120.0,-97.5,-78.5,-84.0,-87.0,-61.2,-77.25,-95.5,-87.0,kitchen
2017-04-10 15:49:22+00:00,-78.75,-120.0,-120.0,-120.0,-80.5,-91.0,-120.0,-75.0,-86.66666666666667,-87.0,-86.0,kitchen
2017-04-10 15:49:23+00:00,-76.66666666666667,-120.0,-120.0,-120.0,-90.25,-88.5,-92.0,-73.75,-79.33333333333333,-120.0,-92.0,kitchen
2017-04-10 15:49:24+00:00,-76.66666666666667,-120.0,-120.0,-120.0,-83.0,-91.33333333333333,-120.0,-63.5,-84.0,-98.0,-80.0,kitchen
2017-04-10 15:49:25+00:00,-79.5,-97.0,-85.0,-120.0,-86.5,-84.5,-120.0,-66.0,-120.0,-91.0,-87.5,kitchen
2017-04-10 15:49:26+00:00,-77.6,-120.0,-120.0,-120.0,-88.75,-83.6,-120.0,-68.6,-73.0,-100.0,-80.0,kitchen
2017-04-10 15:49:27+00:00,-73.75,-120.0,-120.0,-120.0,-89.0,-82.5,-120.0,-70.33333333333333,-83.0,-120.0,-82.66666666666667,kitchen
2017-04-10 15:49:34+00:00,-85.33333333333333,-120.0,-120.0,-120.0,-85.0,-120.0,-120.0,-76.25,-82.0,-120.0,-94.66666666666667,kitchen
2017-04-10 15:49:35+00:00,-78.0,-120.0,-120.0,-120.0,-87.33333333333333,-120.0,-120.0,-69.25,-76.0,-120.0,-93.25,kitchen
2017-04-10 15:49:38+00:00,-82.66666666666667,-120.0,-120.0,-120.0,-80.0,-94.5,-120.0,-64.4,-76.0,-96.0,-78.66666666666667,kitchen
2017-04-10 15:49:39+00:00,-82.25,-120.0,-87.0,-120.0,-94.0,-85.33333333333333,-120.0,-72.4,-79.5,-95.0,-84.0,kitchen
2017-04-10 15:49:41+00:00,-88.33333333333333,-120.0,-99.0,-120.0,-92.0,-86.66666666666667,-91.5,-79.4,-79.0,-120.0,-79.0,outside
2017-04-10 15:49:42+00:00,-81.0,-120.0,-86.0,-91.0,-89.0,-89.33333333333333,-87.0,-77.6,-70.0,-120.0,-89.0,outside
2017-04-10 15:49:43+00:00,-80.5,-120.0,-86.5,-92.0,-82.66666666666667,-90.0,-120.0,-73.4,-82.33333333333333,-120.0,-81.75,outside
2017-04-10 15:49:44+00:00,-83.0,-97.0,-85.0,-120.0,-96.0,-93.0,-81.0,-72.75,-89.0,-120.0,-86.5,outside
2017-04-10 15:49:45+00:00,-90.33333333333333,-120.0,-82.25,-91.33333333333333,-95.0,-84.0,-84.66666666666667,-74.6,-77.5,-98.0,-82.25,outside
2017-04-10 15:49:46+00:00,-120.0,-120.0,-80.0,-85.0,-84.0,-90.5,-95.0,-77.75,-81.66666666666667,-91.66666666666667,-82.75,outside
2017-04-10 15:49:47+00:00,-87.5,-120.0,-92.0,-91.5,-88.0,-84.33333333333333,-82.0,-82.5,-82.66666666666667,-94.66666666666667,-89.6,outside
2017-04-10 15:49:48+00:00,-80.33333333333333,-88.0,-94.5,-91.0,-120.0,-87.0,-91.0,-80.8,-78.25,-120.0,-84.4,outside
2017-04-10 15:49:50+00:00,-81.5,-97.0,-82.33333333333333,-82.5,-120.0,-89.0,-90.33333333333333,-77.6,-93.5,-98.0,-85.0,outside
2017-04-10 15:49:51+00:00,-120.0,-120.0,-86.33333333333333,-120.0,-81.0,-78.0,-84.0,-76.5,-76.5,-87.5,-80.75,outside
2017-04-10 15:49:52+00:00,-74.5,-120.0,-81.5,-120.0,-87.0,-85.66666666666667,-120.0,-89.0,-78.0,-85.0,-82.0,outside
2017-04-10 15:51:05+00:00,-88.66666666666667,-120.0,-86.0,-120.0,-120.0,-89.75,-90.5,-71.5,-74.0,-84.0,-83.66666666666667,outside
2017-04-10 15:52:27+00:00,-88.75,-120.0,-93.0,-120.0,-86.33333333333333,-79.66666666666667,-88.33333333333333,-75.8,-83.33333333333333,-120.0,-82.0,outside
2017-04-10 15:52:28+00:00,-84.0,-120.0,-81.5,-120.0,-94.0,-87.0,-89.5,-77.0,-84.33333333333333,-120.0,-93.0,outside
2017-04-10 15:52:29+00:00,-87.66666666666667,-120.0,-120.0,-120.0,-120.0,-85.0,-90.0,-86.66666666666667,-82.0,-120.0,-86.66666666666667,outside
2017-04-10 15:52:30+00:00,-91.25,-120.0,-92.5,-120.0,-83.0,-120.0,-90.0,-76.8,-74.0,-120.0,-86.0,outside
2017-04-10 15:52:31+00:00,-80.75,-85.0,-88.0,-120.0,-93.0,-84.5,-87.0,-67.4,-74.66666666666667,-85.0,-83.4,outside
2017-04-10 15:52:33+00:00,-88.0,-97.0,-86.6,-89.0,-90.0,-83.0,-82.2,-71.5,-81.0,-94.0,-75.5,kitchen
2017-04-10 15:52:34+00:00,-83.0,-89.0,-86.0,-120.0,-120.0,-85.0,-95.66666666666667,-70.4,-78.5,-120.0,-88.0,kitchen
2017-04-10 15:52:35+00:00,-79.0,-120.0,-73.0,-120.0,-91.0,-89.5,-82.0,-62.333333333333336,-75.0,-98.0,-86.4,kitchen
2017-04-10 15:52:36+00:00,-92.0,-120.0,-120.0,-120.0,-90.0,-93.5,-77.0,-69.0,-77.66666666666667,-97.0,-82.75,outside
2017-04-10 15:52:37+00:00,-96.0,-88.0,-87.0,-120.0,-89.0,-82.66666666666667,-88.0,-63.25,-86.0,-120.0,-75.0,outside
2017-04-10 15:52:38+00:00,-89.0,-120.0,-90.2,-120.0,-90.0,-101.0,-84.0,-67.4,-75.0,-120.0,-81.5,outside
2017-04-10 15:52:39+00:00,-88.75,-120.0,-76.5,-120.0,-93.0,-83.0,-80.0,-54.5,-74.0,-87.66666666666667,-84.75,kitchen
2017-04-10 15:52:40+00:00,-79.25,-120.0,-101.0,-120.0,-87.66666666666667,-92.5,-87.0,-58.0,-82.0,-120.0,-88.0,kitchen
2017-04-10 15:52:41+00:00,-86.5,-120.0,-105.0,-120.0,-87.8,-87.5,-120.0,-52.75,-120.0,-120.0,-120.0,kitchen
2017-04-10 15:52:42+00:00,-86.0,-120.0,-120.0,-120.0,-78.0,-99.0,-120.0,-63.0,-79.5,-120.0,-79.0,kitchen
2017-04-10 15:52:44+00:00,-72.0,-120.0,-120.0,-120.0,-83.5,-87.0,-81.0,-53.0,-72.8,-85.75,-82.6,kitchen
2017-04-10 15:52:45+00:00,-68.5,-92.0,-120.0,-81.0,-76.66666666666667,-82.25,-88.5,-47.2,-76.25,-90.0,-70.0,kitchen
2017-04-10 15:52:46+00:00,-71.25,-89.25,-86.0,-83.0,-71.8,-76.0,-81.0,-55.2,-62.5,-86.33333333333333,-80.66666666666667,kitchen
2017-04-10 15:52:47+00:00,-73.4,-87.5,-85.0,-94.0,-72.0,-68.66666666666667,-93.66666666666667,-50.0,-71.0,-83.6,-76.25,kitchen
2017-04-10 15:52:48+00:00,-74.0,-89.66666666666667,-85.5,-92.0,-78.25,-72.33333333333333,-86.0,-35.0,-70.0,-80.25,-69.5,kitchen
2017-04-10 15:52:49+00:00,-64.0,-83.66666666666667,-82.0,-120.0,-76.0,-76.0,-93.66666666666667,-48.666666666666664,-81.5,-82.4,-74.0,kitchen
2017-04-10 15:52:50+00:00,-62.333333333333336,-83.75,-88.0,-89.5,-72.66666666666667,-77.0,-89.0,-53.25,-66.0,-72.0,-80.5,kitchen
2017-04-10 15:52:51+00:00,-70.33333333333333,-86.0,-91.0,-86.25,-75.0,-83.6,-91.0,-46.5,-72.0,-82.0,-68.2,kitchen
2017-04-10 15:52:52+00:00,-65.0,-88.5,-84.0,-95.0,-79.6,-77.0,-83.33333333333333,-48.5,-69.33333333333333,-88.5,-76.4,kitchen
2017-04-10 15:52:53+00:00,-59.0,-87.25,-90.0,-87.0,-83.25,-74.2,-97.0,-43.6,-77.0,-89.33333333333333,-71.8,kitchen
2017-04-10 15:52:54+00:00,-69.33333333333333,-89.0,-94.0,-120.0,-80.25,-81.0,-93.0,-43.4,-81.66666666666667,-86.0,-80.0,kitchen
2017-04-10 15:52:55+00:00,-69.5,-89.33333333333333,-90.33333333333333,-120.0,-77.0,-77.2,-83.0,-46.4,-67.66666666666667,-84.0,-67.6,kitchen
2017-04-10 15:52:56+00:00,-67.66666666666667,-96.0,-83.5,-120.0,-82.33333333333333,-78.0,-120.0,-44.75,-90.0,-84.0,-66.8,kitchen
2017-04-10 15:52:57+00:00,-75.25,-93.66666666666667,-93.5,-120.0,-78.0,-75.0,-88.0,-45.0,-80.25,-89.0,-68.25,kitchen
2017-04-10 15:52:58+00:00,-59.75,-85.4,-82.5,-120.0,-81.0,-76.0,-83.75,-44.0,-67.0,-89.0,-69.33333333333333,kitchen
2017-04-10 15:52:59+00:00,-70.5,-84.0,-85.0,-99.0,-79.6,-76.0,-120.0,-42.4,-77.66666666666667,-83.75,-71.33333333333333,kitchen
2017-04-10 15:53:00+00:00,-77.75,-81.4,-89.0,-120.0,-73.0,-79.75,-86.0,-43.0,-76.0,-85.2,-80.0,kitchen
2017-04-10 15:53:01+00:00,-65.5,-86.33333333333333,-83.0,-83.0,-89.5,-75.75,-93.5,-45.0,-81.66666666666667,-86.33333333333333,-73.2,kitchen
2017-04-10 15:53:02+00:00,-68.33333333333333,-83.2,-88.0,-84.0,-76.0,-78.0,-96.0,-44.2,-83.66666666666667,-86.0,-81.25,kitchen
2017-04-10 15:53:03+00:00,-69.66666666666667,-89.75,-93.5,-97.0,-74.0,-79.2,-91.5,-42.666666666666664,-79.0,-85.0,-77.5,kitchen
2017-04-10 15:53:04+00:00,-66.0,-89.0,-88.75,-120.0,-81.4,-77.6,-96.0,-46.4,-72.0,-85.0,-74.5,kitchen
2017-04-10 15:53:05+00:00,-71.5,-85.5,-120.0,-78.0,-68.33333333333333,-73.0,-86.33333333333333,-45.5,-67.75,-79.8,-73.25,kitchen
2017-04-10 15:53:06+00:00,-87.25,-80.8,-96.5,-84.0,-77.8,-80.2,-86.5,-49.8,-71.66666666666667,-79.33333333333333,-79.6,kitchen
2017-04-10 15:53:07+00:00,-75.33333333333333,-86.6,-88.0,-81.0,-65.5,-76.66666666666667,-86.25,-51.666666666666664,-63.25,-80.5,-75.75,living_area_A
2017-04-10 15:53:08+00:00,-82.66666666666667,-77.25,-81.0,-84.5,-78.0,-75.75,-75.66666666666667,-71.33333333333333,-63.0,-82.66666666666667,-50.75,living_area_A
2017-04-10 15:53:09+00:00,-94.0,-73.4,-66.0,-83.0,-67.0,-68.75,-69.0,-84.0,-49.75,-79.0,-60.6,living_area_A
2017-04-10 15:53:10+00:00,-120.0,-80.2,-75.5,-79.0,-61.5,-76.33333333333333,-59.75,-89.0,-59.5,-76.4,-73.66666666666667,living_area_A
2017-04-10 15:53:11+00:00,-83.5,-65.0,-78.0,-76.4,-64.6,-64.0,-67.25,-82.25,-73.66666666666667,-72.5,-74.5,living_area_A
2017-04-10 15:53:12+00:00,-79.75,-67.0,-81.0,-82.25,-71.2,-64.8,-78.2,-73.6,-65.5,-71.0,-69.75,living_area_A
2017-04-10 15:53:13+00:00,-90.25,-73.75,-77.33333333333333,-66.75,-69.75,-65.25,-69.2,-79.75,-59.4,-65.66666666666667,-70.6,living_area_A
2017-04-10 15:53:14+00:00,-83.0,-68.33333333333333,-76.0,-80.5,-69.6,-71.25,-73.66666666666667,-82.2,-68.75,-74.25,-79.5,hallway_lower
2017-04-10 15:53:15+00:00,-82.66666666666667,-61.4,-77.66666666666667,-79.0,-68.6,-77.5,-84.0,-84.33333333333333,-70.5,-69.33333333333333,-80.0,hallway_lower
2017-04-10 15:53:16+00:00,-72.33333333333333,-49.5,-79.66666666666667,-86.33333333333333,-75.0,-68.8,-92.0,-84.0,-75.0,-82.5,-73.5,hallway_lower
2017-04-10 15:53:17+00:00,-74.8,-58.8,-75.0,-78.0,-63.5,-68.8,-89.66666666666667,-85.66666666666667,-76.0,-81.66666666666667,-82.6,hallway_lower
2017-04-10 15:53:18+00:00,-80.4,-68.4,-84.75,-82.25,-79.25,-71.2,-95.5,-94.0,-75.66666666666667,-81.25,-79.4,hallway_lower
2017-04-10 15:53:19+00:00,-84.0,-80.2,-89.0,-82.6,-77.0,-81.0,-84.66666666666667,-86.66666666666667,-83.0,-70.2,-74.0,stairs
2017-04-10 15:53:20+00:00,-79.25,-78.0,-80.25,-80.2,-76.0,-85.4,-76.2,-86.0,-73.66666666666667,-73.25,-72.5,stairs
2017-04-10 15:53:21+00:00,-82.8,-68.0,-77.0,-67.5,-64.5,-79.66666666666667,-78.5,-81.33333333333333,-72.5,-74.25,-76.25,stairs
2017-04-10 15:53:22+00:00,-75.25,-81.5,-79.0,-72.0,-82.75,-75.8,-76.0,-76.6,-76.66666666666667,-70.25,-73.75,stairs
2017-04-10 15:53:24+00:00,-66.25,-79.0,-80.0,-79.33333333333333,-80.75,-72.8,-81.0,-73.5,-82.0,-64.5,-79.66666666666667,stairs
2017-04-10 15:53:25+00:00,-70.25,-79.75,-81.25,-81.8,-87.75,-81.75,-73.5,-83.4,-77.6,-69.75,-81.0,stairs
2017-04-10 15:53:26+00:00,-72.0,-84.4,-82.33333333333333,-84.5,-87.0,-78.0,-77.5,-74.5,-75.4,-65.0,-84.5,stairs
2017-04-10 15:53:28+00:00,-66.2,-97.0,-84.4,-97.0,-91.33333333333333,-88.25,-75.8,-73.75,-84.5,-71.4,-78.0,hallway_upper
2017-04-10 15:53:29+00:00,-72.8,-88.0,-84.2,-86.0,-120.0,-89.0,-76.5,-75.0,-83.0,-69.25,-75.5,hallway_upper
2017-04-10 15:53:30+00:00,-58.75,-85.5,-80.5,-88.0,-90.66666666666667,-88.0,-78.33333333333333,-79.0,-79.0,-69.0,-76.4,hallway_upper
2017-04-10 15:53:31+00:00,-64.4,-87.6,-89.0,-78.0,-92.0,-83.0,-82.25,-83.0,-69.66666666666667,-72.0,-77.4,hallway_upper
2017-04-10 15:53:32+00:00,-76.6,-87.0,-75.2,-94.0,-89.0,-91.5,-68.2,-91.0,-73.0,-67.66666666666667,-75.33333333333333,bedroom_2
2017-04-10 15:53:33+00:00,-81.5,-88.25,-88.0,-83.75,-90.0,-78.25,-65.5,-81.33333333333333,-86.66666666666667,-77.2,-75.0,bedroom_2
2017-04-10 15:53:34+00:00,-77.66666666666667,-120.0,-72.25,-79.33333333333333,-92.0,-84.0,-60.5,-91.66666666666667,-74.2,-72.0,-76.8,bedroom_2
2017-04-10 15:53:35+00:00,-87.0,-85.33333333333333,-48.25,-71.6,-84.5,-78.2,-51.2,-89.33333333333333,-62.0,-65.5,-81.75,bedroom_2
2017-04-10 15:53:36+00:00,-82.2,-92.0,-56.25,-78.6,-89.5,-79.5,-50.8,-92.0,-61.0,-54.2,-78.66666666666667,bedroom_2
2017-04-10 15:53:37+00:00,-86.0,-92.5,-62.0,-73.33333333333333,-89.0,-77.33333333333333,-59.75,-87.25,-72.5,-60.5,-75.8,bedroom_2
2017-04-10 15:53:38+00:00,-81.4,-84.5,-72.25,-82.0,-82.5,-71.5,-64.5,-82.6,-75.66666666666667,-72.25,-74.0,bedroom_2
2017-04-10 15:53:39+00:00,-85.33333333333333,-84.0,-70.25,-84.0,-86.33333333333333,-75.5,-64.75,-87.0,-68.66666666666667,-64.0,-85.5,bedroom_2
2017-04-10 15:53:40+00:00,-82.5,-87.66666666666667,-72.0,-82.5,-87.66666666666667,-81.25,-68.66666666666667,-81.5,-80.0,-63.333333333333336,-80.0,bedroom_2
2017-04-10 15:53:43+00:00,-78.5,-91.33333333333333,-71.5,-87.0,-92.0,-86.66666666666667,-61.2,-86.75,-69.75,-65.0,-74.33333333333333,bedroom_2
2017-04-10 15:53:44+00:00,-81.75,-82.0,-74.25,-85.75,-84.0,-88.6,-70.4,-82.0,-73.75,-66.0,-79.4,bedroom_2
2017-04-10 15:53:45+00:00,-77.75,-91.0,-66.33333333333333,-78.66666666666667,-92.0,-80.33333333333333,-66.75,-86.0,-71.0,-66.2,-78.0,bedroom_2
2017-04-10 15:53:46+00:00,-78.75,-88.75,-67.5,-76.66666666666667,-88.0,-82.75,-59.5,-91.5,-67.33333333333333,-70.0,-80.0,bedroom_2
2017-04-10 15:53:47+00:00,-79.5,-87.25,-71.0,-73.8,-83.0,-78.8,-59.0,-85.4,-73.33333333333333,-65.5,-67.5,bedroom_2
2017-04-10 15:53:48+00:00,-75.66666666666667,-84.0,-74.75,-80.0,-98.0,-89.0,-59.666666666666664,-93.33333333333333,-71.5,-74.25,-73.0,bedroom_2
2017-04-10 15:53:49+00:00,-78.33333333333333,-88.5,-70.2,-80.0,-80.5,-83.66666666666667,-73.33333333333333,-86.8,-85.0,-72.0,-76.75,bedroom_2
2017-04-10 15:53:50+00:00,-80.33333333333333,-120.0,-69.0,-81.0,-84.0,-82.66666666666667,-66.0,-88.33333333333333,-75.33333333333333,-71.0,-67.25,bedroom_2
2017-04-10 15:53:51+00:00,-73.5,-93.33333333333333,-65.33333333333333,-75.75,-83.0,-80.0,-69.4,-91.5,-68.5,-74.0,-71.33333333333333,bedroom_2
2017-04-10 15:53:52+00:00,-82.2,-86.5,-70.5,-77.0,-94.0,-86.0,-60.4,-95.0,-75.75,-74.0,-67.33333333333333,bedroom_2
2017-04-10 15:53:53+00:00,-82.66666666666667,-120.0,-72.0,-78.6,-89.0,-84.0,-73.0,-84.0,-68.0,-77.25,-74.6,bedroom_2
2017-04-10 15:53:54+00:00,-78.8,-93.5,-73.5,-87.4,-85.0,-81.0,-70.33333333333333,-90.0,-69.75,-73.0,-80.5,bedroom_2
2017-04-10 15:54:20+00:00,-77.0,-120.0,-70.33333333333333,-84.0,-120.0,-81.66666666666667,-69.5,-94.0,-72.0,-73.0,-74.25,bedroom_2
2017-04-10 15:54:21+00:00,-83.4,-86.0,-79.5,-80.66666666666667,-120.0,-81.0,-77.0,-95.0,-83.75,-74.6,-71.4,bedroom_2
2017-04-10 15:54:22+00:00,-80.0,-120.0,-72.4,-83.66666666666667,-94.66666666666667,-88.33333333333333,-75.0,-94.5,-78.25,-78.6,-73.4,bedroom_2
2017-04-10 15:54:25+00:00,-78.0,-120.0,-80.25,-78.0,-93.0,-89.5,-71.0,-83.66666666666667,-77.75,-78.5,-64.0,bedroom_2
2017-04-10 15:54:26+00:00,-81.4,-95.33333333333333,-83.75,-81.0,-86.0,-87.25,-71.0,-93.5,-78.66666666666667,-74.6,-72.5,bedroom_2
2017-04-10 15:54:27+00:00,-80.8,-91.0,-78.5,-89.4,-89.2,-81.66666666666667,-70.0,-88.0,-72.0,-75.33333333333333,-70.75,bedroom_2
2017-04-10 15:54:30+00:00,-76.33333333333333,-82.0,-84.0,-82.0,-91.75,-96.5,-70.0,-86.8,-76.0,-73.25,-78.4,bedroom_2
2017-04-10 15:54:31+00:00,-77.0,-88.33333333333333,-65.66666666666667,-86.0,-93.0,-83.5,-69.5,-83.5,-71.75,-70.0,-76.25,bedroom_2
2017-04-10 15:54:32+00:00,-86.33333333333333,-92.66666666666667,-71.33333333333333,-79.2,-82.75,-82.0,-58.6,-80.0,-68.33333333333333,-66.8,-77.0,bedroom_2
2017-04-10 15:54:33+00:00,-79.33333333333333,-85.5,-64.25,-75.33333333333333,-89.5,-82.5,-61.25,-85.0,-68.6,-60.25,-73.8,bedroom_2
2017-04-10 15:54:34+00:00,-78.66666666666667,-90.0,-61.75,-76.5,-86.0,-79.75,-55.6,-91.66666666666667,-72.66666666666667,-72.8,-76.25,bedroom_2
2017-04-10 15:54:35+00:00,-80.5,-80.0,-67.75,-70.0,-81.0,-81.0,-56.0,-91.0,-71.4,-63.333333333333336,-78.25,bedroom_2
2017-04-10 15:54:36+00:00,-75.25,-90.66666666666667,-79.75,-77.0,-87.66666666666667,-82.0,-66.5,-80.0,-73.75,-66.2,-83.0,bedroom_2
2017-04-10 15:54:37+00:00,-78.5,-92.33333333333333,-81.0,-83.5,-93.5,-89.0,-70.8,-89.4,-70.5,-77.33333333333333,-72.0,bedroom_2
2017-04-10 15:54:38+00:00,-79.66666666666667,-87.5,-72.0,-93.0,-85.66666666666667,-87.5,-65.5,-82.66666666666667,-67.0,-78.25,-75.8,bedroom_2
2017-04-10 15:54:39+00:00,-90.0,-82.0,-67.33333333333333,-84.0,-78.0,-83.66666666666667,-64.25,-83.0,-68.0,-55.5,-79.0,bedroom_2
2017-04-10 15:54:40+00:00,-83.33333333333333,-92.33333333333333,-66.33333333333333,-71.75,-95.0,-77.2,-60.25,-92.0,-79.5,-57.4,-74.4,bedroom_2
2017-04-10 15:54:41+00:00,-91.0,-91.0,-62.0,-76.0,-83.75,-79.8,-55.0,-90.5,-69.0,-60.25,-76.0,bedroom_2
2017-04-10 15:54:42+00:00,-88.0,-87.0,-55.0,-74.0,-85.33333333333333,-78.0,-67.8,-90.25,-70.66666666666667,-66.2,-72.2,bedroom_2
2017-04-10 15:54:43+00:00,-77.0,-84.0,-75.75,-80.2,-89.0,-90.33333333333333,-68.5,-80.8,-68.33333333333333,-74.25,-73.66666666666667,bedroom_2
2017-04-10 15:54:46+00:00,-72.75,-84.0,-74.5,-85.0,-89.0,-89.0,-73.0,-98.0,-120.0,-75.5,-83.0,bedroom_2
2017-04-10 15:54:49+00:00,-84.0,-93.5,-71.25,-77.0,-90.0,-85.5,-61.666666666666664,-85.0,-74.0,-69.0,-77.66666666666667,bedroom_2
2017-04-10 15:54:50+00:00,-79.0,-90.5,-66.2,-73.25,-88.33333333333333,-84.5,-58.666666666666664,-85.0,-78.0,-70.5,-85.25,bedroom_2
2017-04-10 15:54:51+00:00,-74.75,-88.0,-72.5,-80.8,-78.5,-80.0,-66.5,-82.0,-76.5,-67.25,-68.4,bedroom_2
2017-04-10 15:54:52+00:00,-84.33333333333333,-96.0,-73.4,-84.2,-86.0,-85.4,-72.33333333333333,-84.0,-73.66666666666667,-71.25,-79.0,bedroom_2
2017-04-10 15:54:53+00:00,-78.0,-90.0,-59.2,-85.25,-81.33333333333333,-82.0,-70.25,-88.25,-75.33333333333333,-67.33333333333333,-72.6,bedroom_2
2017-04-10 15:54:54+00:00,-84.66666666666667,-87.0,-71.6,-75.8,-90.75,-81.5,-59.666666666666664,-83.0,-75.25,-62.6,-75.75,bedroom_2
2017-04-10 15:54:55+00:00,-85.0,-87.75,-60.0,-80.4,-86.75,-79.0,-60.0,-84.5,-75.0,-66.0,-83.0,bedroom_2
2017-04-10 15:54:56+00:00,-84.0,-94.0,-65.4,-75.5,-79.0,-76.25,-58.0,-94.5,-78.2,-58.25,-82.66666666666667,bedroom_2
2017-04-10 15:54:57+00:00,-86.25,-88.66666666666667,-63.25,-75.2,-80.0,-81.75,-52.666666666666664,-88.5,-81.0,-70.33333333333333,-77.0,bedroom_2
2017-04-10 15:54:58+00:00,-80.8,-93.5,-67.6,-73.6,-86.66666666666667,-87.33333333333333,-61.75,-93.33333333333333,-79.6,-72.4,-79.2,bedroom_2
2017-04-10 15:54:59+00:00,-80.0,-120.0,-70.4,-79.0,-85.0,-75.5,-65.8,-88.0,-74.75,-65.66666666666667,-72.33333333333333,bedroom_2
2017-04-10 15:55:00+00:00,-76.2,-83.33333333333333,-67.0,-78.0,-80.5,-77.66666666666667,-65.6,-81.8,-65.66666666666667,-71.0,-72.6,bedroom_2
2017-04-10 15:55:01+00:00,-78.6,-87.5,-66.5,-82.75,-89.0,-86.25,-62.6,-83.5,-69.66666666666667,-71.0,-71.4,bedroom_2
2017-04-10 15:55:02+00:00,-72.33333333333333,-81.75,-72.2,-78.6,-87.0,-78.33333333333333,-72.4,-80.0,-67.0,-56.5,-76.25,hallway_upper
2017-04-10 15:55:03+00:00,-65.5,-82.75,-81.75,-83.5,-88.6,-91.0,-77.25,-73.0,-78.5,-72.0,-83.66666666666667,bathroom_toilet
2017-04-10 15:55:04+00:00,-48.25,-87.5,-84.66666666666667,-120.0,-90.75,-85.0,-90.0,-68.0,-81.33333333333333,-78.8,-86.33333333333333,bathroom_toilet
2017-04-10 15:55:07+00:00,-51.2,-85.0,-94.0,-120.0,-120.0,-120.0,-89.0,-73.0,-80.0,-83.75,-120.0,bathroom_toilet
2017-04-10 15:55:08+00:00,-66.0,-85.0,-66.0,-92.0,-86.0,-83.25,-70.66666666666667,-79.33333333333333,-72.0,-69.8,-78.0,hallway_upper
2017-04-10 15:55:09+00:00,-79.0,-86.5,-71.0,-83.0,-87.33333333333333,-73.5,-72.6,-84.66666666666667,-68.5,-70.0,-78.6,hallway_upper
2017-04-10 15:55:10+00:00,-74.0,-85.0,-71.66666666666667,-80.0,-94.0,-87.6,-67.66666666666667,-92.33333333333333,-74.75,-72.8,-73.25,bedroom_2
2017-04-10 15:55:11+00:00,-85.0,-90.33333333333333,-66.0,-85.75,-102.0,-83.33333333333333,-68.75,-86.2,-72.33333333333333,-83.33333333333333,-63.5,bedroom_2
2017-04-10 15:55:12+00:00,-79.0,-89.33333333333333,-79.0,-87.0,-90.0,-90.66666666666667,-63.25,-90.66666666666667,-77.33333333333333,-81.25,-75.75,bedroom_2
2017-04-10 15:55:13+00:00,-77.4,-92.0,-67.75,-80.0,-92.0,-92.5,-66.66666666666667,-120.0,-63.5,-77.5,-62.333333333333336,bedroom_2
2017-04-10 15:55:14+00:00,-81.66666666666667,-94.0,-75.5,-83.33333333333333,-89.5,-81.2,-57.333333333333336,-86.0,-70.25,-73.25,-76.4,bedroom_2
2017-04-10 15:55:15+00:00,-87.5,-92.5,-70.2,-77.0,-87.25,-79.5,-54.75,-85.0,-70.0,-66.75,-80.0,bedroom_2
2017-04-10 15:55:16+00:00,-89.66666666666667,-120.0,-60.25,-81.75,-92.0,-84.25,-51.666666666666664,-96.0,-70.0,-69.4,-79.25,bedroom_2
2017-04-10 15:55:17+00:00,-84.0,-92.66666666666667,-64.75,-72.6,-85.5,-84.2,-59.6,-91.33333333333333,-68.0,-64.0,-77.33333333333333,bedroom_2
2017-04-10 15:55:18+00:00,-81.6,-88.33333333333333,-65.5,-77.0,-83.0,-79.6,-60.25,-84.0,-81.66666666666667,-58.5,-76.0,bedroom_2
2017-04-10 15:55:19+00:00,-80.2,-90.66666666666667,-70.2,-83.0,-90.5,-82.25,-68.5,-89.0,-73.75,-67.0,-77.33333333333333,bedroom_2
2017-04-10 15:55:20+00:00,-83.66666666666667,-90.66666666666667,-63.5,-78.5,-86.0,-78.0,-62.25,-90.0,-68.33333333333333,-73.66666666666667,-75.25,bedroom_2
2017-04-10 15:55:21+00:00,-88.25,-93.33333333333333,-62.0,-76.66666666666667,-91.0,-77.0,-68.5,-99.0,-80.0,-56.5,-82.0,bedroom_2
2017-04-10 15:55:22+00:00,-81.0,-91.5,-62.25,-82.4,-88.0,-84.25,-56.5,-92.0,-73.5,-58.0,-78.2,bedroom_2
2017-04-10 15:55:23+00:00,-83.2,-87.5,-61.8,-79.0,-83.66666666666667,-84.0,-64.0,-89.66666666666667,-80.0,-63.8,-72.0,bedroom_2
2017-04-10 15:55:24+00:00,-82.6,-89.0,-63.8,-75.2,-84.2,-83.0,-63.75,-87.5,-77.5,-65.0,-77.0,bedroom_2
2017-04-10 15:55:25+00:00,-80.8,-120.0,-68.0,-73.5,-82.8,-86.0,-58.75,-84.0,-69.66666666666667,-60.6,-88.0,bedroom_2
2017-04-10 15:55:26+00:00,-83.8,-81.0,-65.33333333333333,-78.6,-84.66666666666667,-79.0,-56.0,-91.0,-66.8,-60.333333333333336,-75.8,bedroom_2
2017-04-10 15:55:27+00:00,-81.66666666666667,-84.5,-53.0,-73.5,-89.33333333333333,-82.33333333333333,-58.25,-86.0,-65.5,-53.75,-69.5,bedroom_2
2017-04-10 15:55:28+00:00,-90.4,-91.0,-57.0,-74.0,-79.5,-84.0,-51.8,-120.0,-67.75,-55.75,-80.8,bedroom_2
2017-04-10 15:55:29+00:00,-80.66666666666667,-79.0,-70.0,-72.5,-83.5,-79.75,-59.4,-120.0,-73.5,-59.666666666666664,-65.25,bedroom_2
2017-04-10 15:55:30+00:00,-85.0,-91.4,-59.0,-76.0,-85.0,-79.2,-58.5,-88.0,-72.25,-60.0,-78.0,bedroom_2
2017-04-10 15:55:31+00:00,-86.0,-81.5,-58.5,-75.0,-86.5,-78.4,-55.333333333333336,-83.5,-74.5,-54.666666666666664,-77.2,bedroom_2
2017-04-10 15:55:32+00:00,-86.8,-87.0,-64.2,-82.0,-93.33333333333333,-85.25,-60.333333333333336,-85.0,-79.5,-56.75,-77.4,bedroom_2
2017-04-10 15:55:33+00:00,-80.75,-89.5,-62.6,-81.66666666666667,-87.33333333333333,-81.25,-68.0,-93.5,-76.0,-64.8,-73.8,bedroom_2
2017-04-10 15:55:34+00:00,-76.25,-83.75,-72.0,-83.33333333333333,-87.33333333333333,-76.0,-75.5,-85.66666666666667,-71.6,-73.8,-80.8,bedroom_2
2017-04-10 15:55:35+00:00,-80.6,-88.0,-75.2,-86.25,-91.0,-82.8,-71.0,-90.0,-69.5,-70.25,-68.0,bedroom_2
2017-04-10 15:55:36+00:00,-81.0,-89.5,-80.25,-85.0,-88.66666666666667,-79.75,-72.33333333333333,-86.75,-71.66666666666667,-78.0,-78.6,bedroom_2
2017-04-10 15:55:37+00:00,-74.0,-98.5,-72.33333333333333,-74.5,-83.0,-89.0,-63.666666666666664,-84.75,-64.0,-67.5,-73.5,bedroom_2
2017-04-10 15:55:38+00:00,-85.25,-89.33333333333333,-64.25,-75.75,-87.5,-81.25,-59.75,-78.25,-79.0,-68.75,-69.25,bedroom_2
2017-04-10 15:55:39+00:00,-88.66666666666667,-86.5,-67.33333333333333,-73.75,-85.0,-84.0,-54.0,-86.0,-55.666666666666664,-74.0,-79.0,bedroom_2
2017-04-10 15:55:40+00:00,-81.0,-82.0,-63.8,-71.0,-90.0,-83.75,-57.333333333333336,-96.0,-76.0,-67.4,-81.25,bedroom_2
2017-04-10 15:55:41+00:00,-80.4,-88.5,-65.25,-83.0,-78.0,-82.33333333333333,-63.6,-88.0,-69.66666666666667,-62.666666666666664,-82.2,bedroom_2
2017-04-10 15:55:42+00:00,-78.6,-90.5,-72.6,-80.5,-97.0,-80.66666666666667,-71.6,-90.5,-71.0,-78.2,-72.75,bedroom_2
2017-04-10 15:55:43+00:00,-82.33333333333333,-120.0,-70.0,-77.5,-90.0,-77.25,-68.33333333333333,-78.5,-75.5,-68.2,-80.0,bedroom_2
2017-04-10 15:55:44+00:00,-84.0,-85.0,-62.4,-80.8,-76.66666666666667,-83.33333333333333,-61.75,-94.0,-74.0,-60.75,-78.6,bedroom_2
2017-04-10 15:55:45+00:00,-82.0,-85.0,-58.0,-72.75,-90.5,-76.66666666666667,-58.75,-96.0,-59.5,-70.0,-78.4,bedroom_2
2017-04-10 15:55:46+00:00,-87.6,-88.33333333333333,-63.666666666666664,-83.0,-98.0,-69.5,-59.0,-120.0,-68.75,-62.4,-77.0,bedroom_2
2017-04-10 15:55:47+00:00,-81.25,-85.5,-61.6,-69.25,-84.5,-77.66666666666667,-66.5,-91.66666666666667,-68.75,-60.25,-77.0,bedroom_2
2017-04-10 15:55:48+00:00,-87.25,-86.0,-66.2,-76.0,-84.0,-76.0,-66.0,-86.33333333333333,-61.4,-74.75,-85.25,bedroom_2
2017-04-10 15:55:49+00:00,-85.33333333333333,-85.5,-61.5,-74.5,-87.5,-85.5,-56.0,-88.66666666666667,-67.75,-63.75,-78.2,bedroom_2
2017-04-10 15:55:57+00:00,-81.75,-94.33333333333333,-66.8,-76.6,-85.8,-79.6,-64.5,-94.66666666666667,-80.0,-58.75,-78.33333333333333,bedroom_2
2017-04-10 15:55:58+00:00,-85.33333333333333,-94.0,-74.33333333333333,-78.75,-88.5,-78.75,-60.75,-89.6,-73.0,-71.0,-75.0,bedroom_2
2017-04-10 15:55:59+00:00,-84.25,-88.0,-58.666666666666664,-79.5,-87.25,-78.5,-58.25,-87.0,-71.8,-55.75,-85.6,bedroom_2
2017-04-10 15:56:00+00:00,-82.75,-88.75,-63.2,-80.25,-97.0,-79.0,-60.2,-84.0,-74.5,-59.0,-82.5,bedroom_2
2017-04-10 15:56:01+00:00,-80.4,-90.0,-66.2,-72.25,-84.0,-78.25,-55.0,-91.4,-70.0,-63.333333333333336,-78.75,bedroom_2
2017-04-10 15:56:02+00:00,-82.5,-82.75,-65.0,-77.25,-84.25,-72.5,-54.0,-90.25,-68.75,-54.0,-74.0,bedroom_2
2017-04-10 15:56:03+00:00,-77.66666666666667,-88.0,-63.666666666666664,-72.25,-86.33333333333333,-81.33333333333333,-59.25,-89.0,-67.0,-53.666666666666664,-79.6,bedroom_2
2017-04-10 15:56:04+00:00,-84.5,-84.75,-69.5,-77.25,-86.25,-74.5,-65.66666666666667,-89.0,-59.333333333333336,-57.8,-75.5,bedroom_2
2017-04-10 15:56:05+00:00,-83.0,-96.0,-57.0,-74.0,-78.0,-85.66666666666667,-58.5,-84.0,-78.0,-62.0,-76.0,bedroom_2
2017-04-10 15:56:06+00:00,-81.5,-91.5,-69.0,-84.5,-87.0,-81.66666666666667,-63.75,-86.33333333333333,-70.33333333333333,-63.0,-77.75,bedroom_2
2017-04-10 15:56:07+00:00,-85.6,-87.0,-79.5,-83.0,-87.0,-83.5,-75.2,-69.0,-76.66666666666667,-80.5,-73.4,bedroom_2
2017-04-10 15:56:08+00:00,-89.33333333333333,-91.5,-71.25,-82.6,-90.5,-75.66666666666667,-63.0,-77.5,-76.66666666666667,-73.0,-72.33333333333333,bedroom_2
2017-04-10 15:56:09+00:00,-83.0,-84.0,-63.5,-76.25,-84.75,-78.4,-59.0,-84.33333333333333,-63.0,-70.8,-75.6,bedroom_2
2017-04-10 15:56:10+00:00,-75.5,-90.33333333333333,-64.5,-73.0,-84.0,-79.6,-56.0,-82.33333333333333,-65.5,-75.4,-84.4,bedroom_2
2017-04-10 15:56:11+00:00,-84.8,-84.0,-71.0,-77.5,-94.5,-81.75,-66.4,-88.33333333333333,-64.0,-74.4,-73.2,bedroom_2
2017-04-10 15:56:12+00:00,-79.5,-88.33333333333333,-72.75,-74.5,-82.5,-77.5,-63.25,-83.0,-70.25,-62.6,-74.4,bedroom_2
2017-04-10 15:56:13+00:00,-83.0,-90.25,-63.666666666666664,-78.0,-83.33333333333333,-72.5,-65.6,-87.0,-75.0,-67.75,-74.0,bedroom_2
2017-04-10 15:56:14+00:00,-85.75,-91.0,-62.6,-77.75,-86.0,-79.0,-67.5,-90.5,-67.0,-64.0,-74.0,bedroom_2
2017-04-10 15:56:15+00:00,-80.25,-102.0,-65.33333333333333,-75.0,-93.0,-79.8,-64.75,-93.5,-75.66666666666667,-61.666666666666664,-83.5,bedroom_2
2017-04-10 15:56:16+00:00,-86.66666666666667,-86.0,-63.6,-79.5,-83.33333333333333,-79.33333333333333,-63.5,-91.5,-76.5,-66.0,-82.0,bedroom_2
2017-04-10 15:56:17+00:00,-74.66666666666667,-88.2,-65.0,-75.25,-82.66666666666667,-80.33333333333333,-59.5,-86.5,-60.0,-59.0,-74.25,bedroom_2
2017-04-10 15:56:18+00:00,-79.8,-86.0,-64.6,-88.33333333333333,-78.25,-83.0,-62.8,-120.0,-68.5,-63.0,-74.5,bedroom_2
2017-04-10 15:56:19+00:00,-81.6,-83.0,-66.5,-77.25,-88.5,-79.0,-64.0,-89.33333333333333,-76.66666666666667,-66.6,-71.25,bedroom_2
2017-04-10 15:56:20+00:00,-84.0,-97.0,-63.0,-71.0,-86.0,-82.5,-64.5,-80.0,-77.0,-68.2,-80.25,bedroom_2
2017-04-10 15:56:21+00:00,-85.33333333333333,-89.5,-60.333333333333336,-74.25,-94.0,-84.4,-67.25,-90.5,-72.33333333333333,-75.5,-82.25,bedroom_2
2017-04-10 15:56:22+00:00,-86.25,-94.5,-65.66666666666667,-76.5,-89.25,-85.0,-61.75,-86.75,-62.0,-64.0,-68.75,bedroom_2
2017-04-10 15:56:23+00:00,-80.0,-88.2,-63.5,-77.0,-90.2,-81.75,-62.75,-79.33333333333333,-58.0,-62.666666666666664,-80.0,bedroom_2
2017-04-10 15:56:24+00:00,-80.0,-92.66666666666667,-70.66666666666667,-80.75,-89.33333333333333,-77.0,-57.0,-92.0,-71.5,-76.0,-77.4,bedroom_2
2017-04-10 15:56:25+00:00,-83.25,-89.5,-65.0,-81.33333333333333,-95.0,-83.33333333333333,-66.25,-90.0,-75.0,-72.6,-81.2,bedroom_2
2017-04-10 15:56:26+00:00,-86.75,-79.66666666666667,-74.0,-78.5,-87.5,-89.25,-62.0,-78.0,-74.33333333333333,-67.2,-78.33333333333333,bedroom_2
2017-04-10 15:56:27+00:00,-80.33333333333333,-92.33333333333333,-65.0,-73.5,-82.0,-93.0,-64.33333333333333,-83.25,-69.0,-74.0,-77.0,bedroom_2
2017-04-10 15:56:28+00:00,-81.5,-85.0,-58.0,-74.25,-97.0,-82.25,-60.0,-84.5,-74.0,-73.0,-71.8,bedroom_2
2017-04-10 15:56:29+00:00,-90.75,-91.5,-67.0,-77.33333333333333,-91.33333333333333,-76.0,-49.6,-92.0,-64.33333333333333,-76.0,-76.33333333333333,bedroom_2
2017-04-10 15:56:30+00:00,-88.0,-87.0,-67.2,-66.33333333333333,-86.5,-80.66666666666667,-59.5,-89.75,-73.25,-65.0,-77.8,bedroom_2
2017-04-10 15:56:31+00:00,-90.0,-94.5,-65.0,-73.25,-90.0,-83.2,-58.25,-96.0,-68.5,-66.66666666666667,-75.0,bedroom_2
2017-04-10 15:56:32+00:00,-89.0,-94.5,-64.8,-79.0,-77.0,-82.33333333333333,-54.4,-94.33333333333333,-73.25,-67.0,-79.25,bedroom_2
2017-04-10 15:56:33+00:00,-93.33333333333333,-86.5,-66.25,-77.75,-97.0,-74.5,-49.75,-91.5,-72.75,-67.25,-83.25,bedroom_2
2017-04-10 15:56:34+00:00,-85.75,-120.0,-57.0,-92.0,-87.66666666666667,-77.0,-70.66666666666667,-91.66666666666667,-77.0,-65.0,-89.33333333333333,bedroom_2
2017-04-10 15:56:35+00:00,-91.0,-99.0,-66.4,-81.0,-82.33333333333333,-81.66666666666667,-60.0,-86.33333333333333,-68.4,-60.0,-69.75,bedroom_2
2017-04-10 15:56:36+00:00,-83.0,-92.0,-75.5,-73.0,-88.5,-80.2,-56.0,-86.5,-75.75,-63.25,-76.4,bedroom_2
2017-04-10 15:56:37+00:00,-82.0,-89.33333333333333,-61.666666666666664,-81.33333333333333,-120.0,-78.5,-60.666666666666664,-84.33333333333333,-72.5,-70.5,-77.5,bedroom_2
2017-04-10 15:56:38+00:00,-88.75,-94.0,-69.2,-79.5,-85.33333333333333,-77.4,-58.2,-78.0,-77.66666666666667,-70.0,-78.4,bedroom_2
2017-04-10 15:56:39+00:00,-82.8,-81.0,-67.0,-78.75,-86.25,-84.0,-52.75,-85.5,-66.75,-64.33333333333333,-75.0,bedroom_2
2017-04-10 15:56:40+00:00,-89.5,-87.0,-65.2,-72.75,-88.33333333333333,-82.75,-58.4,-87.0,-64.0,-71.0,-78.5,bedroom_2
2017-04-10 15:56:41+00:00,-77.5,-92.0,-74.66666666666667,-78.0,-85.0,-80.25,-67.5,-86.75,-77.33333333333333,-74.8,-77.0,bedroom_2
2017-04-10 15:56:42+00:00,-80.5,-91.5,-68.66666666666667,-82.0,-87.25,-85.33333333333333,-70.33333333333333,-86.66666666666667,-76.0,-71.6,-68.5,bedroom_2
2017-04-10 15:56:43+00:00,-82.5,-85.5,-68.25,-75.5,-78.0,-72.66666666666667,-66.0,-85.75,-69.0,-69.4,-77.66666666666667,bedroom_2
2017-04-10 15:56:44+00:00,-82.0,-94.0,-66.0,-76.4,-90.0,-85.0,-64.2,-90.0,-66.33333333333333,-67.0,-82.75,bedroom_2
2017-04-10 15:56:45+00:00,-90.5,-90.0,-72.25,-80.75,-86.5,-83.33333333333333,-62.5,-86.0,-70.33333333333333,-69.6,-71.25,bedroom_2
2017-04-10 15:56:46+00:00,-94.0,-77.0,-61.333333333333336,-79.2,-78.25,-83.0,-52.0,-92.0,-72.0,-65.25,-70.25,bedroom_2
2017-04-10 15:56:47+00:00,-120.0,-84.75,-62.5,-78.0,-82.5,-89.5,-66.33333333333333,-93.33333333333333,-63.0,-66.25,-73.75,bedroom_2
2017-04-10 15:56:48+00:00,-84.0,-96.0,-60.5,-79.33333333333333,-85.33333333333333,-80.2,-76.75,-85.0,-59.0,-73.5,-75.5,bedroom_2
2017-04-10 15:56:49+00:00,-77.0,-81.33333333333333,-70.0,-79.8,-86.5,-85.0,-72.66666666666667,-82.0,-72.25,-71.0,-75.0,bedroom_2
2017-04-10 15:56:51+00:00,-81.0,-87.66666666666667,-66.2,-77.6,-90.5,-82.5,-62.0,-89.0,-71.33333333333333,-67.0,-82.25,bedroom_2
2017-04-10 15:56:52+00:00,-84.0,-86.0,-74.0,-78.75,-84.75,-77.33333333333333,-60.0,-83.0,-66.33333333333333,-62.75,-79.5,bedroom_2
2017-04-10 15:56:53+00:00,-78.0,-94.0,-64.4,-79.25,-90.66666666666667,-79.5,-64.8,-84.4,-65.66666666666667,-67.25,-73.75,bedroom_2
2017-04-10 15:56:54+00:00,-83.33333333333333,-86.33333333333333,-62.333333333333336,-78.75,-84.0,-80.0,-59.5,-83.25,-72.0,-67.8,-69.5,bedroom_2
2017-04-10 15:56:55+00:00,-87.0,-91.66666666666667,-64.0,-74.0,-94.0,-79.75,-55.75,-120.0,-67.33333333333333,-62.25,-71.0,bedroom_2
2017-04-10 15:56:56+00:00,-79.0,-87.75,-64.0,-75.0,-85.66666666666667,-87.33333333333333,-57.75,-86.0,-58.0,-71.75,-75.25,bedroom_2
2017-04-10 15:56:57+00:00,-84.6,-96.66666666666667,-68.0,-88.66666666666667,-90.0,-86.33333333333333,-57.5,-86.6,-72.66666666666667,-69.75,-86.75,bedroom_2
2017-04-10 15:56:58+00:00,-79.0,-85.66666666666667,-75.0,-85.0,-90.0,-88.33333333333333,-67.0,-77.0,-75.0,-69.0,-77.25,bedroom_2
2017-04-10 15:56:59+00:00,-84.25,-91.0,-73.5,-77.8,-87.0,-85.0,-67.66666666666667,-90.0,-73.5,-62.75,-80.0,bedroom_2
2017-04-10 15:57:00+00:00,-85.75,-90.5,-58.5,-74.2,-85.75,-74.33333333333333,-65.2,-91.33333333333333,-72.5,-70.0,-77.5,bedroom_2
2017-04-10 15:57:01+00:00,-74.0,-85.0,-70.2,-75.0,-81.5,-76.5,-62.2,-81.66666666666667,-71.4,-69.8,-71.2,bedroom_2
2017-04-10 15:57:02+00:00,-75.5,-86.5,-68.2,-86.25,-88.25,-80.4,-74.4,-79.75,-80.0,-63.333333333333336,-69.0,bedroom_2
2017-04-10 15:57:03+00:00,-85.5,-88.0,-66.75,-84.0,-85.33333333333333,-79.4,-61.4,-82.5,-72.0,-58.2,-75.5,bedroom_2
2017-04-10 15:57:04+00:00,-80.0,-82.0,-71.8,-78.0,-86.75,-85.5,-60.75,-77.0,-68.0,-63.8,-59.0,bedroom_2
2017-04-10 15:57:05+00:00,-78.8,-87.0,-73.0,-85.4,-85.0,-84.75,-67.0,-87.5,-77.75,-67.5,-68.5,bedroom_2
2017-04-10 15:57:06+00:00,-80.0,-120.0,-74.75,-89.0,-120.0,-81.5,-74.5,-87.5,-93.5,-69.75,-65.0,bedroom_2
2017-04-10 15:57:08+00:00,-75.5,-91.66666666666667,-77.0,-83.0,-97.0,-105.0,-64.5,-84.5,-83.0,-78.0,-76.33333333333333,bedroom_2
2017-04-10 15:57:09+00:00,-78.0,-120.0,-69.0,-83.0,-87.0,-92.0,-69.75,-91.66666666666667,-94.0,-82.75,-71.8,bedroom_2
2017-04-10 15:57:12+00:00,-82.0,-81.0,-72.0,-84.0,-94.0,-84.66666666666667,-57.333333333333336,-85.66666666666667,-72.0,-75.6,-74.0,bedroom_2
2017-04-10 15:57:13+00:00,-77.0,-87.0,-78.33333333333333,-80.5,-83.0,-74.6,-77.66666666666667,-120.0,-73.33333333333333,-67.25,-69.0,bedroom_2
2017-04-10 15:57:14+00:00,-75.66666666666667,-88.0,-61.8,-77.0,-95.0,-80.66666666666667,-50.0,-89.0,-68.75,-53.0,-76.75,bedroom_2
2017-04-10 15:57:15+00:00,-80.25,-88.33333333333333,-69.25,-82.75,-83.66666666666667,-80.75,-70.5,-88.66666666666667,-66.33333333333333,-77.2,-69.25,bedroom_2
2017-04-10 15:57:16+00:00,-81.2,-88.0,-79.0,-98.0,-93.5,-91.5,-66.4,-87.0,-78.66666666666667,-78.25,-76.8,bedroom_2
2017-04-10 15:57:17+00:00,-78.25,-103.0,-73.25,-92.0,-90.0,-84.0,-69.25,-85.0,-74.0,-80.5,-68.8,bedroom_2
2017-04-10 15:57:18+00:00,-85.66666666666667,-94.0,-80.75,-88.5,-120.0,-83.0,-66.2,-78.0,-82.0,-75.66666666666667,-73.25,bedroom_2
2017-04-10 15:57:19+00:00,-83.75,-88.0,-75.0,-84.5,-86.0,-84.0,-69.5,-88.0,-77.4,-78.0,-72.0,bedroom_2
2017-04-10 15:57:20+00:00,-77.6,-94.0,-72.66666666666667,-84.66666666666667,-91.66666666666667,-86.5,-69.25,-90.5,-120.0,-72.5,-74.8,bedroom_2
2017-04-10 15:57:21+00:00,-80.0,-82.66666666666667,-83.25,-83.75,-84.66666666666667,-80.5,-65.0,-90.5,-81.33333333333333,-70.2,-78.2,bedroom_2
2017-04-10 15:57:22+00:00,-83.0,-84.0,-70.75,-71.33333333333333,-87.5,-78.0,-57.0,-84.33333333333333,-68.66666666666667,-64.0,-78.0,bedroom_2
2017-04-10 15:57:23+00:00,-78.75,-85.0,-63.0,-78.0,-93.0,-73.33333333333333,-52.75,-87.75,-76.0,-62.6,-80.5,bedroom_2
2017-04-10 15:57:24+00:00,-81.75,-90.5,-73.0,-82.0,-83.0,-80.2,-52.75,-86.66666666666667,-86.0,-65.0,-82.25,bedroom_2
2017-04-10 15:57:25+00:00,-79.75,-93.0,-71.6,-76.2,-88.0,-90.0,-63.5,-89.0,-80.66666666666667,-65.6,-74.25,bedroom_2
2017-04-10 15:57:26+00:00,-85.8,-94.66666666666667,-60.75,-76.0,-91.33333333333333,-79.8,-64.4,-91.0,-71.0,-63.2,-74.4,bedroom_2
2017-04-10 15:57:27+00:00,-80.33333333333333,-83.0,-57.25,-75.2,-84.0,-89.33333333333333,-52.2,-92.0,-69.0,-66.66666666666667,-75.4,bedroom_2
2017-04-10 15:57:28+00:00,-83.0,-90.66666666666667,-66.0,-85.0,-81.0,-87.5,-54.0,-98.0,-63.0,-62.4,-77.75,bedroom_2
2017-04-10 15:57:29+00:00,-81.33333333333333,-120.0,-61.0,-75.0,-79.0,-81.4,-67.0,-87.0,-78.66666666666667,-64.0,-77.0,bedroom_2
2017-04-10 15:57:30+00:00,-77.75,-93.5,-66.75,-76.2,-80.0,-84.4,-61.75,-83.0,-85.0,-65.25,-71.0,bedroom_2
2017-04-10 15:57:31+00:00,-81.2,-89.5,-65.2,-77.0,-89.0,-88.25,-68.4,-89.0,-70.5,-61.0,-75.8,bedroom_2
2017-04-10 15:57:32+00:00,-81.0,-90.66666666666667,-79.0,-81.4,-82.5,-85.0,-71.0,-82.0,-73.5,-70.2,-80.5,bedroom_2
2017-04-10 15:57:33+00:00,-83.0,-94.66666666666667,-71.0,-93.0,-94.66666666666667,-80.66666666666667,-66.75,-86.0,-75.66666666666667,-68.6,-79.0,bedroom_2
2017-04-10 15:57:34+00:00,-78.66666666666667,-91.0,-67.66666666666667,-85.0,-80.0,-81.33333333333333,-64.25,-90.33333333333333,-86.33333333333333,-66.75,-69.66666666666667,bedroom_2
2017-04-10 15:57:35+00:00,-82.75,-82.5,-70.0,-77.66666666666667,-85.33333333333333,-79.33333333333333,-59.333333333333336,-83.5,-68.0,-64.0,-73.0,bedroom_2
2017-04-10 15:57:36+00:00,-86.5,-85.0,-71.25,-76.75,-85.66666666666667,-82.2,-59.75,-84.0,-76.0,-64.5,-67.66666666666667,bedroom_2
2017-04-10 15:57:37+00:00,-83.66666666666667,-87.33333333333333,-71.5,-78.8,-90.5,-81.33333333333333,-58.6,-81.66666666666667,-61.666666666666664,-62.5,-74.5,bedroom_2
2017-04-10 15:57:38+00:00,-83.0,-93.0,-67.4,-77.33333333333333,-92.0,-84.0,-50.0,-92.0,-68.5,-65.66666666666667,-74.66666666666667,bedroom_2
2017-04-10 15:57:39+00:00,-81.75,-94.5,-58.4,-72.75,-86.5,-79.66666666666667,-62.0,-86.33333333333333,-70.0,-68.33333333333333,-68.5,bedroom_2
2017-04-10 15:57:40+00:00,-79.0,-88.0,-65.5,-73.25,-87.0,-88.33333333333333,-60.25,-88.5,-66.0,-68.2,-68.5,bedroom_2
2017-04-10 15:57:41+00:00,-79.0,-92.25,-69.0,-74.0,-87.0,-83.0,-68.0,-86.33333333333333,-71.8,-68.5,-72.2,bedroom_2
2017-04-10 15:57:42+00:00,-87.2,-100.0,-69.5,-75.5,-81.66666666666667,-81.33333333333333,-64.2,-88.0,-73.75,-66.75,-74.66666666666667,bedroom_2
2017-04-10 15:57:43+00:00,-88.5,-92.0,-61.6,-77.0,-84.75,-80.75,-50.6,-87.5,-76.0,-65.25,-74.0,bedroom_2
2017-04-10 15:57:44+00:00,-91.33333333333333,-120.0,-66.5,-80.33333333333333,-89.75,-86.66666666666667,-67.0,-82.0,-74.75,-65.4,-82.5,bedroom_2
2017-04-10 15:57:45+00:00,-79.0,-85.0,-59.0,-66.5,-91.5,-76.0,-57.333333333333336,-90.33333333333333,-75.33333333333333,-57.0,-74.75,bedroom_2
2017-04-10 15:57:46+00:00,-73.0,-84.5,-72.25,-76.0,-84.25,-80.66666666666667,-59.5,-77.0,-67.66666666666667,-62.5,-84.66666666666667,bedroom_2
2017-04-10 15:57:47+00:00,-88.6,-85.0,-58.25,-77.4,-83.5,-84.6,-57.0,-88.25,-65.33333333333333,-66.25,-85.0,bedroom_2
2017-04-10 15:57:48+00:00,-85.0,-120.0,-66.25,-76.5,-92.0,-80.66666666666667,-63.4,-87.25,-75.33333333333333,-60.333333333333336,-69.75,bedroom_2
2017-04-10 15:57:49+00:00,-88.66666666666667,-91.5,-63.25,-73.25,-87.6,-79.0,-62.666666666666664,-87.0,-77.33333333333333,-63.5,-79.8,bedroom_2
2017-04-10 15:57:50+00:00,-78.0,-87.33333333333333,-66.0,-78.0,-87.0,-81.75,-62.75,-87.0,-72.6,-61.8,-74.25,bedroom_2
2017-04-10 15:57:51+00:00,-80.33333333333333,-88.0,-65.6,-73.75,-89.0,-83.0,-54.6,-93.0,-65.33333333333333,-66.6,-69.66666666666667,bedroom_2
2017-04-10 15:57:52+00:00,-82.5,-83.0,-72.0,-73.33333333333333,-83.0,-82.0,-56.75,-88.0,-73.0,-59.333333333333336,-84.25,bedroom_2
2017-04-10 15:57:53+00:00,-81.75,-91.0,-73.33333333333333,-91.0,-92.6,-75.0,-63.0,-85.2,-65.0,-70.0,-74.75,bedroom_2
2017-04-10 15:57:54+00:00,-82.25,-88.5,-71.8,-88.0,-76.66666666666667,-75.33333333333333,-63.0,-74.5,-72.0,-67.33333333333333,-75.0,bedroom_2
2017-04-10 15:57:55+00:00,-93.0,-87.0,-79.75,-90.5,-85.25,-78.66666666666667,-62.5,-82.0,-72.75,-68.0,-72.0,bedroom_2
2017-04-10 15:57:56+00:00,-80.5,-97.0,-73.8,-85.0,-88.5,-83.0,-68.75,-83.25,-77.5,-68.0,-69.4,bedroom_2
2017-04-10 15:57:57+00:00,-82.0,-79.0,-73.66666666666667,-83.66666666666667,-99.0,-73.66666666666667,-63.333333333333336,-80.33333333333333,-79.5,-67.0,-73.0,bedroom_2
2017-04-10 15:57:58+00:00,-75.5,-97.0,-71.33333333333333,-84.6,-95.0,-82.33333333333333,-72.33333333333333,-83.8,-73.0,-78.0,-66.33333333333333,bedroom_2
2017-04-10 15:57:59+00:00,-81.0,-88.0,-78.0,-80.66666666666667,-87.75,-83.6,-63.0,-78.0,-66.66666666666667,-67.5,-80.4,bedroom_2
2017-04-10 15:58:00+00:00,-75.2,-88.5,-74.0,-74.33333333333333,-87.0,-82.0,-67.25,-82.25,-68.6,-65.6,-74.2,bedroom_2
2017-04-10 15:58:01+00:00,-78.33333333333333,-87.25,-80.33333333333333,-84.0,-85.25,-84.0,-69.0,-83.5,-80.0,-70.0,-84.75,hallway_upper
2017-04-10 15:58:02+00:00,-68.66666666666667,-87.8,-77.5,-80.0,-89.0,-71.5,-72.0,-91.0,-83.5,-66.25,-76.66666666666667,hallway_upper
2017-04-10 15:58:03+00:00,-80.75,-87.25,-77.66666666666667,-83.66666666666667,-86.5,-77.33333333333333,-64.6,-89.0,-65.0,-67.25,-74.33333333333333,hallway_upper
2017-04-10 15:58:04+00:00,-84.33333333333333,-74.6,-72.5,-82.25,-82.6,-79.33333333333333,-50.0,-88.5,-81.33333333333333,-70.0,-70.0,hallway_upper
2017-04-10 15:58:05+00:00,-78.0,-80.0,-67.0,-76.66666666666667,-86.0,-80.66666666666667,-65.75,-88.5,-81.0,-63.5,-74.2,hallway_upper
2017-04-10 15:58:06+00:00,-80.2,-80.5,-82.0,-86.5,-79.5,-90.0,-65.5,-83.0,-80.0,-69.0,-65.5,hallway_upper
2017-04-10 15:58:07+00:00,-79.5,-91.33333333333333,-69.2,-85.5,-91.25,-84.4,-74.0,-93.0,-73.0,-73.0,-71.6,bedroom_2
2017-04-10 15:58:08+00:00,-87.0,-91.0,-79.66666666666667,-89.25,-87.0,-85.0,-79.6,-92.0,-70.75,-82.25,-68.75,bedroom_2
2017-04-10 15:58:09+00:00,-78.33333333333333,-85.5,-67.75,-80.25,-90.0,-80.0,-59.25,-89.0,-81.0,-76.33333333333333,-75.0,bedroom_2
2017-04-10 15:58:10+00:00,-75.0,-82.0,-76.66666666666667,-86.5,-93.5,-88.33333333333333,-72.4,-88.0,-82.66666666666667,-85.25,-75.0,bedroom_2
2017-04-10 15:58:11+00:00,-77.66666666666667,-89.0,-80.0,-93.0,-120.0,-85.75,-76.5,-95.0,-79.33333333333333,-79.0,-87.66666666666667,bedroom_2
2017-04-10 15:58:12+00:00,-74.0,-89.66666666666667,-74.66666666666667,-78.0,-88.5,-82.0,-68.66666666666667,-84.33333333333333,-80.0,-70.4,-71.33333333333333,bedroom_2
2017-04-10 15:58:13+00:00,-83.0,-83.0,-73.75,-86.0,-86.33333333333333,-84.0,-68.0,-90.0,-74.75,-81.75,-74.8,bedroom_2
2017-04-10 15:58:14+00:00,-78.25,-97.0,-74.33333333333333,-85.75,-93.0,-83.8,-70.0,-82.0,-71.0,-72.6,-73.8,bedroom_2
2017-04-10 15:58:15+00:00,-70.5,-83.5,-76.5,-81.66666666666667,-92.0,-86.0,-62.0,-84.5,-76.75,-69.0,-75.0,bedroom_2
2017-04-10 15:58:16+00:00,-76.25,-87.5,-85.25,-92.0,-89.66666666666667,-81.5,-68.8,-90.0,-71.0,-68.0,-83.5,bedroom_2
2017-04-10 15:58:17+00:00,-76.8,-89.5,-77.0,-85.5,-79.5,-88.0,-77.66666666666667,-84.0,-120.0,-74.5,-75.8,bedroom_2
2017-04-10 15:58:18+00:00,-72.8,-120.0,-81.0,-87.33333333333333,-93.5,-82.0,-69.4,-76.0,-82.5,-72.6,-75.5,bedroom_2
2017-04-10 15:58:19+00:00,-82.0,-91.25,-71.5,-81.0,-80.66666666666667,-81.66666666666667,-70.2,-86.25,-69.25,-76.5,-78.75,bedroom_2
2017-04-10 15:58:20+00:00,-77.66666666666667,-90.0,-69.33333333333333,-72.5,-99.33333333333333,-82.33333333333333,-62.25,-82.25,-77.33333333333333,-70.75,-78.0,bedroom_2
2017-04-10 15:58:21+00:00,-88.5,-83.0,-67.8,-82.25,-84.33333333333333,-87.75,-60.5,-83.5,-62.333333333333336,-68.8,-79.25,bedroom_2
2017-04-10 15:58:22+00:00,-84.0,-120.0,-74.25,-75.0,-92.5,-77.5,-51.8,-88.0,-58.0,-67.25,-67.75,bedroom_2
2017-04-10 15:58:23+00:00,-84.0,-89.66666666666667,-74.0,-79.8,-92.0,-81.0,-55.6,-81.66666666666667,-57.8,-67.5,-75.33333333333333,bedroom_2
2017-04-10 15:58:24+00:00,-86.33333333333333,-98.0,-65.0,-82.8,-79.5,-81.33333333333333,-53.333333333333336,-85.0,-58.75,-66.66666666666667,-78.5,bedroom_2
2017-04-10 15:58:25+00:00,-94.0,-86.5,-63.5,-74.25,-84.5,-85.0,-67.0,-86.0,-80.75,-69.5,-88.25,bedroom_2
2017-04-10 15:58:26+00:00,-77.0,-90.5,-76.75,-89.0,-83.0,-93.0,-70.0,-84.0,-64.66666666666667,-78.25,-80.0,bedroom_2
2017-04-10 15:58:27+00:00,-75.75,-89.0,-83.5,-82.0,-101.0,-120.0,-73.0,-84.0,-75.5,-66.8,-79.5,bedroom_2
2017-04-10 15:58:28+00:00,-81.0,-82.0,-76.4,-85.0,-82.0,-84.25,-69.0,-79.75,-62.0,-64.66666666666667,-73.75,bedroom_2
2017-04-10 15:58:30+00:00,-79.0,-81.6,-74.0,-83.0,-91.0,-82.25,-59.4,-85.0,-84.0,-68.2,-68.5,hallway_upper
2017-04-10 15:58:31+00:00,-77.8,-86.33333333333333,-77.75,-86.6,-85.25,-84.5,-76.2,-88.75,-71.0,-68.0,-75.25,hallway_upper
2017-04-10 15:58:32+00:00,-71.25,-82.66666666666667,-71.4,-79.75,-88.5,-80.66666666666667,-73.4,-91.5,-69.0,-62.25,-81.33333333333333,hallway_upper
2017-04-10 15:58:33+00:00,-71.75,-77.25,-75.2,-79.5,-86.0,-84.0,-76.6,-81.0,-81.33333333333333,-64.5,-86.25,hallway_upper
2017-04-10 15:58:34+00:00,-78.0,-82.66666666666667,-72.25,-85.5,-79.4,-78.66666666666667,-73.6,-88.25,-75.25,-62.0,-76.6,hallway_upper
2017-04-10 15:58:35+00:00,-76.25,-81.2,-74.5,-72.5,-85.5,-80.33333333333333,-76.5,-85.75,-82.0,-64.33333333333333,-84.25,hallway_upper
2017-04-10 15:58:36+00:00,-75.0,-76.0,-73.4,-77.5,-86.0,-75.66666666666667,-82.33333333333333,-91.0,-76.66666666666667,-64.0,-81.2,hallway_upper
2017-04-10 15:58:37+00:00,-69.5,-77.5,-76.66666666666667,-71.0,-86.6,-78.8,-73.66666666666667,-80.0,-70.0,-62.333333333333336,-74.0,hallway_upper
2017-04-10 15:58:38+00:00,-74.4,-75.5,-78.75,-79.5,-83.75,-75.75,-76.5,-83.8,-70.33333333333333,-58.0,-88.75,hallway_upper
2017-04-10 15:58:39+00:00,-72.75,-74.5,-80.66666666666667,-79.25,-86.5,-73.0,-90.66666666666667,-98.0,-62.0,-60.25,-81.0,hallway_upper
2017-04-10 15:58:40+00:00,-79.0,-75.33333333333333,-83.0,-75.0,-81.25,-76.6,-82.0,-92.0,-66.8,-58.25,-80.5,hallway_upper
2017-04-10 15:58:41+00:00,-76.8,-75.5,-80.75,-86.0,-79.8,-76.0,-81.25,-91.5,-65.75,-60.6,-79.6,hallway_upper
2017-04-10 15:58:42+00:00,-76.4,-76.75,-83.5,-82.0,-87.0,-73.25,-78.33333333333333,-91.0,-64.2,-58.0,-78.4,hallway_upper
2017-04-10 15:58:43+00:00,-81.25,-74.5,-65.5,-78.0,-81.8,-76.0,-76.0,-89.5,-65.25,-57.6,-65.66666666666667,hallway_upper
2017-04-10 15:58:44+00:00,-78.0,-78.33333333333333,-72.4,-82.5,-120.0,-82.5,-65.0,-78.0,-70.4,-56.5,-85.4,hallway_upper
2017-04-10 15:58:45+00:00,-75.25,-71.25,-82.8,-80.75,-81.0,-78.75,-77.33333333333333,-86.0,-69.75,-62.5,-83.25,hallway_upper
2017-04-10 15:58:46+00:00,-85.33333333333333,-77.6,-79.0,-80.5,-93.66666666666667,-71.5,-72.5,-86.66666666666667,-70.0,-62.8,-81.2,hallway_upper
2017-04-10 15:58:47+00:00,-74.2,-88.0,-74.6,-88.25,-88.2,-79.33333333333333,-67.4,-90.0,-73.5,-70.8,-75.33333333333333,hallway_upper
2017-04-10 15:58:48+00:00,-74.75,-85.0,-75.0,-91.5,-88.4,-79.75,-77.0,-91.66666666666667,-76.0,-72.33333333333333,-68.2,hallway_upper
2017-04-10 15:58:49+00:00,-74.33333333333333,-90.66666666666667,-82.8,-82.0,-83.5,-83.6,-60.4,-87.0,-75.0,-71.25,-69.5,hallway_upper
2017-04-10 15:58:50+00:00,-78.6,-81.6,-69.5,-84.5,-83.33333333333333,-77.75,-65.8,-84.0,-71.66666666666667,-61.333333333333336,-65.5,hallway_upper
2017-04-10 15:58:51+00:00,-82.0,-85.33333333333333,-78.0,-80.33333333333333,-89.5,-82.6,-65.6,-79.0,-81.0,-79.0,-59.0,hallway_upper
2017-04-10 15:58:52+00:00,-79.75,-84.2,-76.66666666666667,-84.0,-82.66666666666667,-85.2,-67.66666666666667,-77.0,-74.66666666666667,-72.75,-63.5,hallway_upper
2017-04-10 15:58:53+00:00,-73.5,-84.25,-77.0,-88.0,-89.5,-91.0,-68.75,-79.0,-83.5,-76.8,-62.333333333333336,hallway_upper
2017-04-10 15:58:54+00:00,-75.66666666666667,-82.75,-76.75,-85.66666666666667,-90.75,-78.0,-71.66666666666667,-81.0,-78.66666666666667,-67.0,-67.66666666666667,hallway_upper
2017-04-10 15:58:55+00:00,-73.6,-81.33333333333333,-77.6,-78.5,-89.5,-83.75,-68.75,-91.5,-120.0,-72.0,-85.0,hallway_upper
2017-04-10 15:58:56+00:00,-76.6,-94.0,-67.8,-80.75,-90.0,-86.0,-81.33333333333333,-82.66666666666667,-67.25,-82.8,-76.6,bedroom_2
2017-04-10 15:58:57+00:00,-82.66666666666667,-87.0,-74.5,-81.5,-81.0,-85.0,-72.0,-120.0,-80.0,-73.33333333333333,-72.25,bedroom_2
2017-04-10 15:58:58+00:00,-93.66666666666667,-83.0,-75.5,-86.33333333333333,-92.33333333333333,-93.0,-73.0,-91.66666666666667,-76.33333333333333,-83.0,-68.0,bedroom_2
2017-04-10 15:58:59+00:00,-74.33333333333333,-92.5,-79.33333333333333,-92.0,-120.0,-83.75,-70.0,-120.0,-78.0,-69.25,-71.0,bedroom_2
2017-04-10 15:59:00+00:00,-75.66666666666667,-120.0,-75.66666666666667,-96.0,-92.0,-87.25,-74.0,-86.5,-71.5,-77.2,-77.4,bedroom_2
2017-04-10 15:59:01+00:00,-79.66666666666667,-87.33333333333333,-79.5,-84.5,-87.0,-82.5,-76.0,-95.0,-69.0,-79.8,-80.75,bedroom_2
2017-04-10 15:59:02+00:00,-84.25,-96.0,-78.0,-85.0,-120.0,-89.0,-68.5,-120.0,-72.0,-75.4,-78.5,bedroom_2
2017-04-10 15:59:03+00:00,-79.66666666666667,-88.0,-69.0,-85.25,-79.0,-85.5,-65.66666666666667,-86.5,-81.5,-68.6,-72.33333333333333,bedroom_2
2017-04-10 15:59:04+00:00,-80.33333333333333,-75.0,-80.0,-87.0,-92.0,-90.66666666666667,-73.5,-86.0,-75.0,-71.8,-73.6,bedroom_2
2017-04-10 15:59:05+00:00,-79.5,-90.0,-74.75,-87.25,-89.5,-85.0,-70.0,-82.0,-74.5,-68.4,-82.0,bedroom_2
2017-04-10 15:59:06+00:00,-79.25,-87.0,-75.25,-81.5,-95.0,-89.0,-64.66666666666667,-76.0,-73.66666666666667,-75.0,-70.6,bedroom_2
2017-04-10 15:59:07+00:00,-82.0,-80.5,-75.0,-85.0,-89.66666666666667,-90.33333333333333,-74.66666666666667,-84.4,-73.66666666666667,-76.66666666666667,-65.0,bedroom_2
2017-04-10 15:59:08+00:00,-82.0,-80.5,-73.0,-79.0,-88.0,-83.5,-62.8,-84.0,-70.6,-76.75,-65.33333333333333,bedroom_2
2017-04-10 15:59:09+00:00,-82.5,-86.0,-76.0,-86.0,-82.33333333333333,-81.33333333333333,-76.25,-92.33333333333333,-58.333333333333336,-74.75,-63.0,bedroom_2
2017-04-10 15:59:10+00:00,-84.75,-84.75,-77.25,-79.0,-89.33333333333333,-89.33333333333333,-68.5,-80.8,-53.0,-82.0,-64.5,bedroom_2
2017-04-10 15:59:11+00:00,-86.33333333333333,-88.25,-68.25,-88.5,-83.0,-84.33333333333333,-60.333333333333336,-80.8,-68.0,-78.5,-68.25,bedroom_2
2017-04-10 15:59:12+00:00,-81.33333333333333,-85.5,-68.5,-77.0,-86.0,-80.2,-74.33333333333333,-86.25,-66.8,-80.25,-73.5,bedroom_2
2017-04-10 15:59:13+00:00,-85.25,-84.33333333333333,-83.66666666666667,-89.0,-93.0,-88.5,-63.5,-90.0,-70.75,-83.66666666666667,-70.2,bedroom_2
2017-04-10 15:59:14+00:00,-79.8,-92.0,-79.5,-80.0,-86.5,-85.66666666666667,-67.0,-87.5,-88.0,-73.6,-66.5,bedroom_2
2017-04-10 15:59:15+00:00,-78.8,-91.5,-75.8,-94.0,-120.0,-90.66666666666667,-77.0,-92.5,-74.25,-67.33333333333333,-76.25,bedroom_2
2017-04-10 15:59:16+00:00,-79.66666666666667,-98.0,-76.0,-86.33333333333333,-120.0,-84.0,-66.5,-88.75,-76.33333333333333,-79.4,-77.0,bedroom_2
2017-04-10 15:59:17+00:00,-77.66666666666667,-92.0,-68.2,-75.75,-120.0,-83.66666666666667,-61.0,-89.0,-77.5,-75.2,-70.5,bedroom_2
2017-04-10 15:59:18+00:00,-87.5,-89.0,-67.5,-94.0,-120.0,-85.0,-62.5,-92.0,-72.25,-76.33333333333333,-67.66666666666667,bedroom_2
2017-04-10 15:59:19+00:00,-86.5,-88.66666666666667,-77.0,-84.8,-84.0,-87.25,-62.5,-84.25,-73.0,-82.33333333333333,-76.0,bedroom_2
2017-04-10 15:59:20+00:00,-81.25,-88.33333333333333,-78.5,-82.66666666666667,-93.0,-82.4,-73.66666666666667,-87.0,-72.5,-77.2,-68.0,bedroom_2
2017-04-10 15:59:21+00:00,-83.8,-88.0,-74.2,-87.33333333333333,-120.0,-81.4,-69.5,-84.66666666666667,-72.75,-72.6,-76.0,bedroom_2
2017-04-10 15:59:22+00:00,-88.25,-90.0,-69.4,-99.0,-120.0,-90.0,-63.0,-88.33333333333333,-78.5,-74.8,-76.0,bedroom_2
2017-04-10 15:59:23+00:00,-82.4,-87.0,-66.5,-82.33333333333333,-96.0,-85.33333333333333,-69.0,-90.75,-76.0,-74.0,-73.0,bedroom_2
2017-04-10 15:59:24+00:00,-78.66666666666667,-100.0,-74.2,-85.4,-87.0,-83.75,-57.0,-92.5,-69.75,-72.25,-70.0,bedroom_2
2017-04-10 15:59:25+00:00,-86.0,-86.66666666666667,-82.75,-82.66666666666667,-87.0,-84.0,-70.66666666666667,-88.33333333333333,-70.25,-78.0,-70.0,bedroom_2
2017-04-10 15:59:26+00:00,-88.0,-92.5,-75.33333333333333,-87.0,-89.5,-92.25,-69.0,-88.0,-79.0,-75.0,-60.5,bedroom_2
2017-04-10 15:59:27+00:00,-77.8,-92.5,-84.33333333333333,-83.0,-90.25,-82.25,-73.25,-95.33333333333333,-76.33333333333333,-74.5,-69.8,bedroom_2
2017-04-10 15:59:28+00:00,-81.0,-89.0,-72.33333333333333,-82.0,-91.0,-83.66666666666667,-65.5,-87.0,-84.25,-70.0,-74.2,bedroom_2
2017-04-10 15:59:29+00:00,-75.8,-90.0,-75.5,-86.33333333333333,-88.6,-88.5,-71.2,-88.25,-71.0,-71.33333333333333,-86.0,bedroom_2
2017-04-10 15:59:30+00:00,-82.0,-87.75,-72.8,-86.75,-84.0,-84.33333333333333,-68.0,-90.33333333333333,-73.0,-65.75,-93.5,bedroom_2
2017-04-10 15:59:31+00:00,-78.66666666666667,-89.5,-69.0,-73.0,-91.0,-78.0,-63.333333333333336,-88.5,-76.66666666666667,-73.0,-82.0,bedroom_2
2017-04-10 15:59:32+00:00,-80.66666666666667,-93.0,-75.66666666666667,-80.0,-90.8,-90.5,-67.25,-86.5,-120.0,-81.0,-75.25,bedroom_2
2017-04-10 15:59:33+00:00,-81.75,-89.0,-81.0,-84.66666666666667,-96.5,-89.2,-74.66666666666667,-89.75,-85.5,-68.0,-79.5,bedroom_2
2017-04-10 15:59:34+00:00,-84.0,-89.0,-79.4,-120.0,-120.0,-83.0,-70.25,-86.0,-65.0,-76.75,-71.0,bedroom_2
2017-04-10 15:59:35+00:00,-78.5,-79.0,-76.75,-79.66666666666667,-87.66666666666667,-87.5,-67.0,-83.0,-75.5,-78.0,-75.4,bedroom_2
2017-04-10 15:59:36+00:00,-78.2,-92.0,-74.33333333333333,-82.33333333333333,-91.0,-83.0,-77.25,-82.5,-87.75,-73.8,-81.2,bedroom_2
2017-04-10 15:59:37+00:00,-76.0,-85.5,-77.0,-82.75,-89.0,-79.75,-67.0,-77.5,-68.5,-68.75,-70.33333333333333,bedroom_2
2017-04-10 15:59:38+00:00,-83.5,-84.75,-81.0,-87.0,-84.0,-88.66666666666667,-75.0,-84.0,-73.5,-75.4,-71.2,bedroom_2
2017-04-10 15:59:39+00:00,-77.25,-87.0,-76.5,-84.5,-84.75,-76.0,-78.75,-88.33333333333333,-81.66666666666667,-74.6,-74.4,bedroom_2
2017-04-10 15:59:40+00:00,-77.66666666666667,-88.33333333333333,-80.25,-88.75,-87.66666666666667,-94.0,-78.33333333333333,-87.0,-81.75,-72.0,-71.0,bedroom_2
2017-04-10 15:59:42+00:00,-83.5,-89.75,-74.75,-84.66666666666667,-82.0,-80.0,-72.0,-85.5,-79.33333333333333,-83.5,-75.5,bedroom_2
2017-04-10 15:59:43+00:00,-77.0,-83.25,-71.33333333333333,-79.0,-85.5,-74.66666666666667,-62.0,-84.66666666666667,-70.0,-74.0,-64.5,bedroom_2
2017-04-10 15:59:44+00:00,-81.0,-94.0,-82.25,-88.0,-85.0,-85.0,-64.33333333333333,-90.0,-77.75,-79.4,-82.5,bedroom_2
2017-04-10 15:59:45+00:00,-83.6,-92.0,-79.0,-86.8,-85.5,-75.0,-81.6,-86.5,-79.33333333333333,-81.75,-71.4,bedroom_2
2017-04-10 15:59:46+00:00,-81.0,-120.0,-76.75,-76.5,-91.75,-83.0,-66.25,-84.33333333333333,-70.0,-68.75,-79.2,bedroom_2
2017-04-10 15:59:47+00:00,-86.75,-120.0,-74.0,-77.0,-86.5,-89.0,-68.25,-79.0,-69.5,-76.6,-76.0,bedroom_2
2017-04-10 15:59:49+00:00,-82.2,-80.0,-84.5,-85.2,-86.0,-85.25,-71.2,-92.33333333333333,-77.0,-71.75,-75.66666666666667,bedroom_2
2017-04-10 15:59:50+00:00,-77.66666666666667,-83.0,-69.0,-93.33333333333333,-84.0,-88.0,-73.0,-79.0,-71.0,-76.0,-71.66666666666667,bedroom_2
2017-04-10 15:59:51+00:00,-79.6,-77.0,-77.25,-88.33333333333333,-90.0,-88.0,-69.75,-84.0,-77.25,-82.0,-68.25,bedroom_2
2017-04-10 15:59:53+00:00,-82.6,-120.0,-75.5,-88.0,-120.0,-90.33333333333333,-66.0,-87.0,-76.0,-76.5,-70.0,bedroom_2
2017-04-10 15:59:54+00:00,-82.2,-120.0,-77.0,-81.2,-120.0,-84.0,-79.75,-88.5,-74.75,-74.0,-69.5,bedroom_2
2017-04-10 15:59:55+00:00,-77.0,-90.0,-83.0,-82.33333333333333,-84.0,-83.66666666666667,-67.0,-80.0,-77.0,-75.25,-69.25,bedroom_2
2017-04-10 16:00:03+00:00,-79.25,-88.0,-78.33333333333333,-85.5,-86.0,-91.66666666666667,-70.0,-120.0,-80.2,-72.25,-71.6,bedroom_2
2017-04-10 16:00:04+00:00,-84.25,-88.5,-71.0,-86.75,-83.0,-81.0,-74.0,-94.5,-62.0,-75.5,-76.8,bedroom_2
2017-04-10 16:00:05+00:00,-81.2,-93.5,-84.75,-88.0,-87.0,-90.5,-72.66666666666667,-83.0,-74.0,-87.0,-80.0,bedroom_2
2017-04-10 16:00:06+00:00,-91.0,-91.0,-78.33333333333333,-83.0,-99.0,-84.25,-86.5,-88.75,-79.0,-80.2,-72.0,bedroom_2
2017-04-10 16:00:07+00:00,-79.75,-83.0,-77.4,-77.0,-84.66666666666667,-87.0,-76.75,-120.0,-71.0,-87.25,-70.75,bedroom_2
2017-04-10 16:00:08+00:00,-82.25,-120.0,-73.0,-90.75,-92.66666666666667,-82.5,-71.25,-91.5,-78.33333333333333,-82.0,-87.33333333333333,bedroom_2
2017-04-10 16:00:09+00:00,-88.5,-120.0,-75.6,-77.5,-88.0,-82.66666666666667,-69.0,-90.66666666666667,-84.0,-75.33333333333333,-73.5,bedroom_2
2017-04-10 16:00:10+00:00,-84.0,-90.0,-79.4,-83.33333333333333,-120.0,-88.5,-71.0,-88.0,-78.4,-72.0,-72.2,bedroom_2
2017-04-10 16:00:11+00:00,-90.33333333333333,-89.5,-72.66666666666667,-89.33333333333333,-92.0,-86.66666666666667,-77.5,-85.0,-74.66666666666667,-75.5,-73.8,bedroom_2
2017-04-10 16:00:12+00:00,-84.0,-87.0,-75.5,-85.66666666666667,-87.0,-86.33333333333333,-63.5,-87.5,-75.66666666666667,-71.0,-70.5,bedroom_2
2017-04-10 16:00:13+00:00,-82.4,-83.0,-75.4,-88.25,-90.33333333333333,-95.0,-63.25,-89.0,-70.0,-75.5,-77.5,bedroom_2
2017-04-10 16:00:14+00:00,-84.66666666666667,-120.0,-71.5,-86.0,-95.0,-84.33333333333333,-78.75,-89.0,-78.0,-79.4,-73.0,bedroom_2
2017-04-10 16:00:15+00:00,-84.33333333333333,-88.0,-75.8,-82.0,-90.66666666666667,-81.5,-63.333333333333336,-97.0,-90.0,-78.4,-74.25,bedroom_2
2017-04-10 16:00:16+00:00,-85.5,-85.5,-80.2,-88.75,-81.0,-92.5,-63.75,-85.0,-76.0,-69.0,-69.75,bedroom_2
2017-04-10 16:00:17+00:00,-83.66666666666667,-89.0,-80.0,-86.25,-90.0,-87.0,-69.4,-83.0,-79.0,-71.0,-74.25,bedroom_2
2017-04-10 16:00:18+00:00,-83.75,-93.0,-81.66666666666667,-80.66666666666667,-91.33333333333333,-88.5,-78.25,-93.5,-81.0,-76.0,-73.0,bedroom_2
2017-04-10 16:00:19+00:00,-81.33333333333333,-90.5,-74.25,-81.0,-82.5,-79.33333333333333,-73.25,-100.0,-77.0,-72.5,-75.25,bedroom_2
2017-04-10 16:00:20+00:00,-82.5,-90.0,-80.0,-82.6,-93.5,-84.8,-70.33333333333333,-91.5,-94.0,-74.5,-71.75,bedroom_2
2017-04-10 16:00:21+00:00,-82.0,-120.0,-76.5,-88.33333333333333,-120.0,-84.33333333333333,-75.0,-92.0,-78.5,-80.0,-77.4,bedroom_2
2017-04-10 16:00:22+00:00,-78.8,-81.0,-76.5,-82.33333333333333,-91.33333333333333,-86.0,-71.75,-97.0,-71.0,-82.6,-67.5,bedroom_2
2017-04-10 16:00:23+00:00,-80.0,-120.0,-84.75,-77.0,-94.5,-91.5,-74.5,-120.0,-86.5,-76.66666666666667,-72.5,bedroom_2
2017-04-10 16:00:24+00:00,-85.0,-91.0,-75.33333333333333,-91.0,-89.0,-93.0,-75.0,-93.0,-73.75,-71.5,-74.25,bedroom_2
2017-04-10 16:00:25+00:00,-76.25,-120.0,-79.25,-96.0,-85.0,-100.0,-65.2,-89.0,-94.0,-80.25,-79.8,bedroom_2
2017-04-10 16:00:26+00:00,-91.0,-120.0,-71.0,-87.0,-120.0,-85.0,-71.8,-120.0,-63.5,-86.0,-75.5,bedroom_2
2017-04-10 16:00:27+00:00,-76.0,-120.0,-83.0,-86.8,-88.0,-87.0,-79.5,-120.0,-77.4,-85.0,-79.25,bedroom_2
2017-04-10 16:00:28+00:00,-80.5,-120.0,-70.0,-82.66666666666667,-85.0,-86.33333333333333,-68.8,-87.0,-84.0,-73.5,-82.0,bedroom_2
2017-04-10 16:00:29+00:00,-82.8,-89.0,-79.8,-82.8,-120.0,-91.5,-66.2,-89.33333333333333,-73.0,-72.0,-75.0,bedroom_2
2017-04-10 16:00:30+00:00,-84.25,-98.0,-73.75,-84.25,-87.5,-88.0,-70.66666666666667,-91.25,-70.5,-71.0,-74.66666666666667,bedroom_2
2017-04-10 16:00:31+00:00,-80.0,-102.0,-80.25,-89.33333333333333,-88.0,-76.0,-70.5,-83.0,-74.6,-80.75,-76.0,bedroom_2
2017-04-10 16:00:32+00:00,-91.66666666666667,-96.0,-77.75,-92.5,-100.0,-85.66666666666667,-70.5,-95.0,-77.2,-80.33333333333333,-77.4,bedroom_2
2017-04-10 16:00:33+00:00,-84.6,-94.66666666666667,-73.75,-87.8,-86.0,-86.0,-71.33333333333333,-88.33333333333333,-81.33333333333333,-72.0,-89.66666666666667,bedroom_2
2017-04-10 16:00:34+00:00,-71.33333333333333,-89.5,-77.0,-86.25,-120.0,-81.33333333333333,-78.66666666666667,-92.5,-77.8,-74.75,-83.25,bedroom_2
2017-04-10 16:00:35+00:00,-80.8,-89.0,-73.2,-86.5,-86.33333333333333,-83.5,-68.8,-89.66666666666667,-76.75,-83.0,-75.4,bedroom_2
2017-04-10 16:00:36+00:00,-84.4,-93.0,-71.6,-78.0,-87.0,-86.25,-76.0,-87.75,-78.33333333333333,-76.25,-78.0,bedroom_2
2017-04-10 16:00:37+00:00,-79.0,-87.0,-79.0,-83.5,-120.0,-87.0,-62.0,-98.0,-77.75,-75.0,-74.0,bedroom_2
2017-04-10 16:00:38+00:00,-84.66666666666667,-92.0,-70.0,-89.5,-82.0,-82.5,-75.0,-120.0,-77.66666666666667,-77.0,-77.4,bedroom_2
2017-04-10 16:00:39+00:00,-82.0,-87.0,-79.2,-83.66666666666667,-96.0,-79.0,-67.0,-120.0,-72.0,-84.0,-80.5,bedroom_2
2017-04-10 16:00:40+00:00,-79.66666666666667,-86.5,-82.5,-90.0,-89.6,-85.5,-71.0,-95.0,-71.8,-84.66666666666667,-73.5,bedroom_2
2017-04-10 16:00:41+00:00,-77.5,-88.0,-76.5,-87.0,-89.0,-77.5,-66.0,-94.5,-120.0,-82.5,-80.33333333333333,bedroom_2
2017-04-10 16:00:42+00:00,-74.5,-87.66666666666667,-78.0,-92.0,-86.0,-82.66666666666667,-63.75,-90.0,-84.5,-78.0,-74.5,bedroom_2
2017-04-10 16:00:43+00:00,-75.66666666666667,-82.0,-81.0,-82.5,-120.0,-120.0,-72.5,-82.0,-77.5,-81.25,-65.5,bedroom_2
2017-04-10 16:00:44+00:00,-75.2,-89.0,-81.8,-84.0,-87.66666666666667,-78.5,-69.8,-82.5,-76.0,-78.25,-73.4,bedroom_2
2017-04-10 16:00:45+00:00,-76.25,-95.0,-80.75,-78.66666666666667,-89.33333333333333,-85.5,-70.0,-90.0,-79.5,-74.33333333333333,-70.5,bedroom_2
2017-04-10 16:00:46+00:00,-80.75,-85.33333333333333,-76.5,-82.0,-85.0,-90.5,-73.0,-87.5,-73.5,-74.33333333333333,-73.0,bedroom_2
2017-04-10 16:00:47+00:00,-81.75,-93.0,-88.66666666666667,-120.0,-83.33333333333333,-89.0,-58.0,-79.5,-76.4,-74.5,-77.0,bedroom_2
2017-04-10 16:00:48+00:00,-82.0,-91.25,-78.75,-120.0,-90.5,-82.0,-70.66666666666667,-89.5,-70.0,-84.25,-64.0,bedroom_2
2017-04-10 16:00:49+00:00,-86.75,-120.0,-77.33333333333333,-83.33333333333333,-84.0,-82.33333333333333,-65.5,-77.0,-69.33333333333333,-70.0,-68.5,bedroom_2
2017-04-10 16:00:50+00:00,-89.33333333333333,-120.0,-77.0,-84.0,-85.0,-82.0,-67.0,-87.0,-73.0,-69.5,-73.2,bedroom_2
2017-04-10 16:00:51+00:00,-77.25,-120.0,-79.25,-85.66666666666667,-84.5,-86.75,-66.0,-96.0,-79.75,-74.66666666666667,-73.25,bedroom_2
2017-04-10 16:00:52+00:00,-83.2,-120.0,-77.0,-82.33333333333333,-92.5,-84.66666666666667,-63.2,-97.0,-70.75,-79.0,-74.6,bedroom_2
2017-04-10 16:00:53+00:00,-81.66666666666667,-120.0,-83.4,-82.66666666666667,-92.66666666666667,-85.0,-71.6,-99.0,-64.0,-72.33333333333333,-73.0,bedroom_2
2017-04-10 16:00:54+00:00,-88.0,-87.0,-78.4,-80.5,-91.0,-87.5,-66.75,-120.0,-81.0,-80.4,-68.6,bedroom_2
2017-04-10 16:00:55+00:00,-88.66666666666667,-120.0,-82.8,-85.75,-94.5,-82.5,-59.8,-81.5,-78.66666666666667,-81.4,-67.0,bedroom_2
2017-04-10 16:00:56+00:00,-84.8,-120.0,-80.6,-81.0,-90.0,-88.0,-64.8,-94.0,-62.5,-78.4,-71.66666666666667,bedroom_2
2017-04-10 16:00:57+00:00,-81.2,-120.0,-77.5,-84.4,-92.0,-79.5,-61.8,-83.25,-66.0,-76.0,-69.0,bedroom_2
2017-04-10 16:00:58+00:00,-79.0,-120.0,-79.0,-85.0,-87.5,-82.75,-65.8,-78.5,-84.5,-77.0,-66.75,bedroom_2
2017-04-10 16:00:59+00:00,-83.0,-96.0,-86.5,-82.66666666666667,-93.66666666666667,-87.0,-69.0,-92.5,-80.0,-79.75,-68.5,bedroom_2
2017-04-10 16:01:00+00:00,-78.66666666666667,-84.0,-79.33333333333333,-82.66666666666667,-120.0,-84.5,-71.66666666666667,-92.0,-73.5,-80.0,-82.0,bedroom_2
2017-04-10 16:01:01+00:00,-84.33333333333333,-87.0,-72.2,-92.5,-84.5,-79.0,-78.0,-86.0,-83.0,-68.75,-73.25,bedroom_2
2017-04-10 16:01:02+00:00,-79.25,-88.66666666666667,-82.4,-77.0,-100.0,-85.5,-80.25,-88.0,-76.0,-76.0,-70.5,bedroom_2
2017-04-10 16:01:03+00:00,-87.25,-101.0,-74.5,-81.0,-120.0,-86.0,-76.0,-97.0,-72.0,-78.0,-66.0,bedroom_2
2017-04-10 16:01:04+00:00,-80.5,-120.0,-84.2,-88.33333333333333,-87.0,-86.66666666666667,-66.0,-89.0,-73.6,-73.25,-70.75,bedroom_2
2017-04-10 16:01:05+00:00,-85.75,-120.0,-84.75,-84.0,-91.0,-92.0,-66.5,-88.0,-77.0,-74.6,-66.5,bedroom_2
2017-04-10 16:01:06+00:00,-87.0,-120.0,-91.66666666666667,-90.66666666666667,-90.0,-78.0,-68.25,-120.0,-78.0,-74.25,-67.5,bedroom_2
2017-04-10 16:01:07+00:00,-79.0,-120.0,-80.66666666666667,-82.0,-120.0,-90.0,-68.4,-84.0,-79.66666666666667,-78.5,-73.0,bedroom_2
2017-04-10 16:01:08+00:00,-82.5,-120.0,-84.0,-91.0,-88.0,-78.33333333333333,-69.0,-88.5,-68.75,-77.5,-65.0,bedroom_2
2017-04-10 16:01:09+00:00,-77.5,-89.0,-70.5,-82.0,-93.66666666666667,-87.0,-66.5,-89.2,-87.0,-75.33333333333333,-73.25,bedroom_2
2017-04-10 16:01:10+00:00,-80.0,-87.5,-80.6,-86.5,-91.0,-82.25,-63.2,-91.33333333333333,-71.0,-71.5,-79.0,bedroom_2
2017-04-10 16:01:11+00:00,-84.66666666666667,-86.0,-85.75,-81.0,-88.5,-85.0,-67.25,-79.0,-77.5,-77.0,-73.0,bedroom_2
2017-04-10 16:01:12+00:00,-86.0,-87.0,-76.2,-94.0,-83.0,-91.0,-70.0,-93.5,-88.33333333333333,-83.0,-61.5,bedroom_2
2017-04-10 16:01:13+00:00,-78.4,-93.0,-81.5,-87.5,-85.0,-91.75,-64.0,-93.25,-72.66666666666667,-74.0,-79.0,bedroom_2
2017-04-10 16:01:14+00:00,-88.0,-89.0,-82.0,-87.0,-89.0,-85.0,-73.0,-91.5,-70.0,-76.66666666666667,-69.0,bedroom_2
2017-04-10 16:01:15+00:00,-80.8,-88.0,-79.0,-90.5,-120.0,-89.0,-70.0,-90.0,-81.66666666666667,-70.4,-69.66666666666667,bedroom_2
2017-04-10 16:01:16+00:00,-82.0,-100.0,-85.0,-80.66666666666667,-87.66666666666667,-92.5,-66.0,-120.0,-68.0,-80.25,-72.25,bedroom_2
2017-04-10 16:01:17+00:00,-81.5,-98.0,-80.75,-87.5,-87.0,-88.0,-65.6,-92.5,-70.5,-78.75,-65.0,bedroom_2
2017-04-10 16:01:18+00:00,-89.33333333333333,-86.0,-71.0,-80.75,-96.0,-88.75,-68.5,-97.5,-80.4,-75.5,-69.4,bedroom_2
2017-04-10 16:01:19+00:00,-89.5,-89.5,-71.75,-82.75,-83.0,-86.66666666666667,-78.0,-83.0,-81.25,-78.6,-76.75,bedroom_2
2017-04-10 16:01:20+00:00,-82.0,-90.5,-74.0,-87.0,-86.0,-84.0,-74.25,-88.0,-86.0,-74.25,-77.75,bedroom_2
2017-04-10 16:01:21+00:00,-77.0,-91.0,-77.66666666666667,-87.0,-93.25,-120.0,-67.25,-82.0,-79.0,-74.0,-73.0,bedroom_2
2017-04-10 16:01:22+00:00,-82.66666666666667,-86.0,-77.0,-86.0,-120.0,-88.0,-73.0,-88.5,-76.5,-79.25,-71.5,bedroom_2
2017-04-10 16:01:23+00:00,-86.4,-90.0,-78.0,-76.0,-94.0,-81.0,-70.6,-94.0,-79.5,-81.5,-72.0,bedroom_2
2017-04-10 16:01:24+00:00,-74.5,-120.0,-70.25,-89.4,-87.0,-88.66666666666667,-71.75,-83.33333333333333,-77.0,-79.5,-74.25,bedroom_2
2017-04-10 16:01:25+00:00,-90.5,-89.0,-76.75,-84.0,-120.0,-93.66666666666667,-74.75,-90.0,-75.0,-76.66666666666667,-74.4,bedroom_2
2017-04-10 16:01:26+00:00,-80.25,-87.0,-77.8,-77.0,-120.0,-81.0,-75.0,-96.0,-71.5,-74.5,-73.5,bedroom_2
2017-04-10 16:01:27+00:00,-80.6,-93.0,-70.2,-87.0,-90.0,-85.5,-64.0,-90.66666666666667,-73.25,-79.6,-70.6,bedroom_2
2017-04-10 16:01:28+00:00,-83.25,-120.0,-75.5,-80.0,-120.0,-91.0,-68.66666666666667,-86.4,-74.0,-80.5,-75.0,bedroom_2
2017-04-10 16:01:29+00:00,-74.5,-120.0,-73.25,-81.0,-120.0,-91.0,-80.0,-92.0,-78.33333333333333,-78.6,-75.0,bedroom_2
2017-04-10 16:01:30+00:00,-81.4,-120.0,-75.2,-120.0,-91.5,-120.0,-74.6,-88.5,-72.75,-79.25,-77.0,bedroom_2
2017-04-10 16:01:31+00:00,-81.33333333333333,-81.5,-75.0,-86.75,-98.0,-82.0,-73.75,-91.0,-79.66666666666667,-76.66666666666667,-76.0,bedroom_2
2017-04-10 16:01:32+00:00,-81.66666666666667,-90.0,-76.0,-98.0,-120.0,-86.6,-72.4,-90.0,-81.33333333333333,-76.5,-77.0,bedroom_2
2017-04-10 16:01:33+00:00,-80.5,-92.0,-76.5,-78.0,-95.0,-81.33333333333333,-71.25,-92.0,-65.0,-80.25,-65.0,bedroom_2
2017-04-10 16:01:34+00:00,-77.66666666666667,-87.33333333333333,-73.25,-85.0,-89.0,-87.25,-67.5,-89.0,-78.75,-68.0,-81.8,bedroom_2
2017-04-10 16:01:35+00:00,-77.75,-86.0,-74.5,-86.0,-87.0,-87.5,-66.25,-77.0,-67.0,-79.33333333333333,-79.75,bedroom_2
2017-04-10 16:01:36+00:00,-84.25,-96.0,-84.25,-84.33333333333333,-120.0,-87.0,-75.33333333333333,-97.0,-71.5,-82.5,-79.8,bedroom_2
2017-04-10 16:01:37+00:00,-75.5,-86.0,-72.5,-85.4,-89.5,-87.0,-71.5,-86.0,-70.5,-76.0,-83.33333333333333,bedroom_2
2017-04-10 16:01:38+00:00,-74.25,-120.0,-78.2,-84.0,-120.0,-82.66666666666667,-71.8,-91.0,-76.4,-74.4,-76.4,bedroom_2
2017-04-10 16:01:39+00:00,-82.8,-87.0,-71.6,-84.0,-92.33333333333333,-86.25,-68.4,-96.0,-72.66666666666667,-76.75,-96.0,bedroom_2
2017-04-10 16:01:40+00:00,-75.0,-91.33333333333333,-75.0,-83.2,-85.0,-85.0,-67.2,-90.5,-69.33333333333333,-71.5,-76.5,bedroom_2
2017-04-10 16:01:41+00:00,-77.0,-120.0,-78.0,-84.5,-76.5,-86.66666666666667,-67.0,-91.0,-76.66666666666667,-75.5,-72.8,bedroom_2
2017-04-10 16:01:42+00:00,-79.5,-85.0,-79.0,-77.66666666666667,-88.33333333333333,-87.75,-70.4,-90.0,-73.5,-71.5,-73.5,bedroom_2
2017-04-10 16:01:43+00:00,-79.5,-93.66666666666667,-78.8,-78.33333333333333,-89.33333333333333,-85.0,-70.33333333333333,-85.0,-76.5,-69.66666666666667,-71.33333333333333,bedroom_2
2017-04-10 16:01:44+00:00,-73.0,-91.0,-80.75,-76.0,-120.0,-84.75,-68.25,-86.0,-73.66666666666667,-76.8,-69.8,bedroom_2
2017-04-10 16:01:45+00:00,-77.75,-102.0,-73.33333333333333,-87.4,-87.66666666666667,-83.2,-70.4,-92.0,-74.75,-73.0,-80.0,bedroom_2
2017-04-10 16:01:46+00:00,-82.4,-89.0,-76.0,-81.66666666666667,-90.0,-82.66666666666667,-75.33333333333333,-87.5,-82.5,-68.0,-87.0,bedroom_2
2017-04-10 16:01:48+00:00,-79.75,-91.0,-73.75,-78.0,-90.0,-89.5,-71.8,-83.75,-70.6,-74.75,-72.0,bedroom_2
2017-04-10 16:01:49+00:00,-89.0,-93.33333333333333,-78.0,-83.66666666666667,-104.0,-84.75,-67.75,-90.2,-74.5,-77.25,-86.0,bedroom_2
2017-04-10 16:01:51+00:00,-88.5,-93.0,-78.0,-82.0,-87.0,-80.5,-68.5,-89.5,-79.0,-68.0,-68.0,bedroom_2
2017-04-10 16:01:52+00:00,-85.5,-83.0,-75.6,-85.25,-84.5,-78.6,-75.5,-88.5,-62.5,-74.0,-69.2,bedroom_2
2017-04-10 16:01:53+00:00,-85.66666666666667,-88.0,-73.75,-84.0,-87.0,-91.0,-64.33333333333333,-89.0,-73.33333333333333,-72.6,-76.25,bedroom_2
2017-04-10 16:01:55+00:00,-76.0,-86.0,-85.0,-85.5,-92.0,-80.5,-71.0,-120.0,-78.33333333333333,-77.66666666666667,-79.6,bedroom_2
2017-04-10 16:01:56+00:00,-79.4,-85.66666666666667,-74.4,-82.5,-90.0,-87.25,-67.5,-82.0,-73.4,-80.0,-71.0,bedroom_2
2017-04-10 16:01:59+00:00,-77.33333333333333,-93.0,-72.33333333333333,-81.4,-92.0,-83.33333333333333,-68.66666666666667,-93.5,-78.33333333333333,-73.0,-78.75,bedroom_2
2017-04-10 16:02:00+00:00,-82.66666666666667,-96.5,-68.5,-88.0,-89.0,-76.33333333333333,-67.33333333333333,-92.5,-68.0,-74.2,-70.66666666666667,bedroom_2
2017-04-10 16:02:01+00:00,-89.5,-120.0,-69.0,-80.5,-93.0,-89.0,-73.0,-77.66666666666667,-82.0,-75.0,-76.6,bedroom_2
2017-04-10 16:02:02+00:00,-77.25,-120.0,-78.75,-81.5,-95.0,-87.0,-75.33333333333333,-82.33333333333333,-79.5,-79.25,-70.66666666666667,bedroom_2
2017-04-10 16:02:03+00:00,-74.6,-89.0,-75.6,-87.5,-84.75,-83.0,-67.0,-83.6,-75.25,-69.5,-77.0,bedroom_2
2017-04-10 16:02:04+00:00,-81.4,-100.0,-76.8,-81.5,-85.66666666666667,-83.4,-73.0,-84.66666666666667,-120.0,-75.33333333333333,-74.25,bedroom_2
2017-04-10 16:02:05+00:00,-88.75,-79.0,-79.0,-87.0,-83.75,-85.5,-67.0,-81.8,-74.0,-76.25,-73.75,bedroom_2
2017-04-10 16:02:06+00:00,-76.0,-88.66666666666667,-81.75,-82.8,-87.0,-81.0,-71.0,-91.4,-80.5,-70.0,-75.0,bedroom_2
2017-04-10 16:02:07+00:00,-84.75,-85.2,-75.75,-86.6,-95.0,-80.0,-62.25,-78.66666666666667,-67.0,-76.25,-77.2,bedroom_2
2017-04-10 16:02:09+00:00,-92.0,-80.6,-70.0,-84.33333333333333,-78.0,-79.0,-67.0,-86.75,-70.66666666666667,-76.25,-75.2,bedroom_2
2017-04-10 16:02:10+00:00,-73.0,-86.25,-72.33333333333333,-87.75,-90.33333333333333,-82.0,-72.0,-93.66666666666667,-70.33333333333333,-72.25,-76.0,bedroom_2
2017-04-10 16:02:11+00:00,-74.66666666666667,-88.6,-67.66666666666667,-80.33333333333333,-87.5,-82.33333333333333,-69.66666666666667,-80.25,-70.0,-80.5,-77.75,bedroom_2
2017-04-10 16:02:12+00:00,-80.0,-92.0,-75.5,-84.0,-85.0,-87.0,-72.66666666666667,-90.5,-65.0,-83.25,-73.5,bedroom_2
2017-04-10 16:02:13+00:00,-82.5,-84.0,-68.2,-84.66666666666667,-84.8,-91.5,-67.0,-84.8,-62.333333333333336,-75.4,-80.33333333333333,bedroom_2
2017-04-10 16:02:14+00:00,-82.0,-120.0,-73.66666666666667,-78.25,-87.0,-88.0,-64.5,-120.0,-52.5,-66.75,-74.5,bedroom_2
2017-04-10 16:02:15+00:00,-92.0,-99.0,-65.2,-79.33333333333333,-87.0,-87.75,-55.75,-86.5,-60.75,-78.5,-80.75,bedroom_2
2017-04-10 16:02:16+00:00,-88.5,-87.5,-63.25,-79.5,-91.5,-79.6,-61.75,-90.33333333333333,-72.0,-69.0,-82.0,bedroom_2
2017-04-10 16:02:17+00:00,-80.5,-96.0,-64.5,-78.75,-87.5,-76.6,-65.33333333333333,-88.0,-65.25,-71.0,-75.8,bedroom_2
2017-04-10 16:02:18+00:00,-82.75,-91.33333333333333,-73.66666666666667,-79.66666666666667,-88.0,-74.66666666666667,-60.0,-86.0,-71.66666666666667,-69.0,-84.0,bedroom_2
2017-04-10 16:02:19+00:00,-79.66666666666667,-84.33333333333333,-69.5,-77.0,-83.4,-78.66666666666667,-57.666666666666664,-92.0,-73.5,-62.5,-77.33333333333333,bedroom_2
2017-04-10 16:02:21+00:00,-86.75,-83.33333333333333,-64.25,-80.2,-91.33333333333333,-83.66666666666667,-61.0,-85.0,-82.33333333333333,-54.5,-83.25,bedroom_2
2017-04-10 16:02:22+00:00,-77.75,-94.0,-70.0,-82.5,-89.5,-85.66666666666667,-56.0,-92.5,-64.5,-62.0,-79.5,bedroom_2
2017-04-10 16:02:24+00:00,-83.4,-90.0,-62.2,-85.0,-87.0,-76.66666666666667,-57.75,-86.66666666666667,-76.25,-59.0,-77.5,bedroom_2
2017-04-10 16:02:25+00:00,-85.25,-87.0,-62.0,-75.5,-87.5,-85.66666666666667,-62.4,-91.25,-74.0,-67.0,-71.33333333333333,bedroom_2
2017-04-10 16:02:26+00:00,-85.33333333333333,-96.5,-64.0,-80.4,-80.25,-78.33333333333333,-62.0,-88.5,-64.0,-63.666666666666664,-78.25,bedroom_2
2017-04-10 16:02:27+00:00,-80.4,-89.0,-60.5,-86.0,-86.66666666666667,-86.5,-70.4,-83.4,-65.0,-66.4,-72.5,bedroom_2
2017-04-10 16:02:28+00:00,-82.0,-91.0,-64.0,-78.0,-90.75,-79.25,-68.75,-88.0,-80.5,-69.0,-79.0,bedroom_2
2017-04-10 16:02:29+00:00,-85.0,-92.5,-64.0,-75.0,-92.0,-83.0,-62.6,-84.0,-78.0,-65.5,-73.8,bedroom_2
2017-04-10 16:02:30+00:00,-83.25,-89.75,-68.0,-76.5,-95.5,-87.66666666666667,-66.25,-87.5,-76.0,-70.0,-74.66666666666667,hallway_upper
2017-04-10 16:02:31+00:00,-79.66666666666667,-88.0,-73.75,-120.0,-81.0,-81.33333333333333,-65.0,-90.0,-78.0,-65.25,-75.0,hallway_upper
2017-04-10 16:02:32+00:00,-82.66666666666667,-91.66666666666667,-67.0,-81.0,-83.0,-81.33333333333333,-62.75,-79.66666666666667,-75.0,-72.66666666666667,-77.5,hallway_upper
2017-04-10 16:02:33+00:00,-81.66666666666667,-89.0,-67.33333333333333,-78.5,-87.0,-80.0,-61.0,-85.0,-120.0,-65.66666666666667,-76.0,hallway_upper
2017-04-10 16:02:34+00:00,-88.0,-84.0,-57.25,-81.0,-83.66666666666667,-72.0,-66.25,-91.25,-75.0,-52.4,-79.0,hallway_upper
2017-04-10 16:02:35+00:00,-86.33333333333333,-86.66666666666667,-51.6,-67.25,-80.33333333333333,-60.25,-66.66666666666667,-86.0,-77.0,-63.6,-83.0,bedroom_1
2017-04-10 16:02:36+00:00,-86.66666666666667,-85.33333333333333,-53.666666666666664,-65.25,-74.0,-70.8,-64.0,-85.0,-75.33333333333333,-60.5,-80.0,bedroom_1
2017-04-10 16:02:37+00:00,-70.2,-98.0,-52.25,-71.0,-79.25,-65.6,-72.8,-80.5,-78.75,-66.6,-89.4,bedroom_1
2017-04-10 16:02:38+00:00,-77.75,-91.0,-44.333333333333336,-64.8,-72.66666666666667,-71.8,-71.25,-120.0,-95.0,-68.4,-86.25,bedroom_1
2017-04-10 16:02:39+00:00,-83.0,-88.0,-51.333333333333336,-58.75,-69.5,-82.0,-61.5,-120.0,-80.0,-66.66666666666667,-82.25,bedroom_1
2017-04-10 16:02:40+00:00,-86.75,-120.0,-45.8,-53.5,-86.0,-76.5,-64.6,-120.0,-87.0,-68.75,-88.25,bedroom_1
2017-04-10 16:02:47+00:00,-83.75,-93.0,-52.5,-66.2,-74.0,-80.75,-64.4,-120.0,-78.5,-74.25,-84.0,bedroom_1
2017-04-10 16:02:51+00:00,-88.0,-93.5,-52.666666666666664,-54.25,-61.0,-68.5,-71.66666666666667,-85.5,-81.5,-65.6,-90.5,bedroom_1
2017-04-10 16:02:52+00:00,-85.0,-82.8,-50.8,-70.0,-81.0,-75.0,-66.2,-120.0,-78.5,-71.2,-94.33333333333333,bedroom_1
2017-04-10 16:02:53+00:00,-87.66666666666667,-83.66666666666667,-51.0,-62.25,-73.5,-67.0,-77.5,-90.5,-76.66666666666667,-67.8,-84.0,bedroom_1
2017-04-10 16:02:58+00:00,-87.0,-74.0,-58.0,-65.25,-75.0,-65.25,-72.75,-87.0,-82.0,-68.25,-87.5,bedroom_1
2017-04-10 16:03:03+00:00,-85.8,-85.2,-68.33333333333333,-65.0,-65.8,-71.8,-69.66666666666667,-120.0,-80.33333333333333,-64.33333333333333,-86.66666666666667,bedroom_1
2017-04-10 16:03:04+00:00,-84.66666666666667,-82.0,-54.0,-64.2,-70.0,-67.0,-70.25,-99.0,-77.25,-61.6,-89.8,bedroom_1
2017-04-10 16:03:05+00:00,-90.5,-83.5,-58.4,-52.4,-72.25,-76.75,-75.5,-120.0,-85.75,-72.25,-89.75,bedroom_1
2017-04-10 16:03:06+00:00,-87.25,-85.33333333333333,-56.5,-57.0,-75.0,-71.2,-67.75,-120.0,-70.0,-75.25,-90.0,bedroom_1
2017-04-10 16:03:07+00:00,-79.5,-76.0,-56.8,-67.5,-71.66666666666667,-82.33333333333333,-63.0,-120.0,-78.5,-62.0,-83.25,bedroom_1
2017-04-10 16:03:08+00:00,-82.8,-82.33333333333333,-66.4,-62.0,-76.0,-67.33333333333333,-66.4,-120.0,-76.5,-67.0,-87.25,bedroom_1
2017-04-10 16:03:10+00:00,-78.0,-85.0,-65.66666666666667,-63.4,-73.25,-73.25,-76.25,-120.0,-79.66666666666667,-62.5,-75.0,bedroom_1
2017-04-10 16:03:11+00:00,-82.4,-80.75,-68.4,-61.0,-76.5,-73.25,-72.2,-120.0,-87.0,-57.25,-90.66666666666667,bedroom_1
2017-04-10 16:03:12+00:00,-88.0,-89.0,-62.25,-60.0,-71.8,-74.5,-71.2,-86.66666666666667,-97.0,-64.75,-86.4,bedroom_1
2017-04-10 16:03:13+00:00,-80.0,-82.75,-60.333333333333336,-60.25,-68.25,-71.0,-72.0,-120.0,-87.0,-69.75,-82.33333333333333,bedroom_1
2017-04-10 16:03:14+00:00,-97.0,-77.75,-60.333333333333336,-61.25,-71.25,-60.5,-87.0,-120.0,-87.0,-85.0,-120.0,bedroom_1
2017-04-10 16:03:19+00:00,-82.33333333333333,-90.0,-59.666666666666664,-64.0,-73.75,-75.25,-76.25,-99.0,-71.75,-72.8,-81.25,bedroom_1
2017-04-10 16:03:20+00:00,-85.0,-86.66666666666667,-65.0,-60.5,-69.75,-78.5,-87.0,-120.0,-88.0,-67.66666666666667,-89.33333333333333,bedroom_1
2017-04-10 16:03:21+00:00,-88.5,-85.2,-69.0,-70.25,-72.75,-82.66666666666667,-67.8,-88.0,-75.5,-64.66666666666667,-85.33333333333333,bedroom_1
2017-04-10 16:03:22+00:00,-81.66666666666667,-83.0,-66.0,-63.0,-70.33333333333333,-72.4,-68.0,-86.0,-71.5,-61.0,-86.0,bedroom_1
2017-04-10 16:03:25+00:00,-83.75,-84.75,-61.5,-65.0,-77.2,-70.4,-63.0,-120.0,-73.0,-65.25,-84.5,bedroom_1
2017-04-10 16:03:26+00:00,-81.75,-82.66666666666667,-59.6,-69.75,-70.0,-73.75,-71.2,-120.0,-83.0,-69.25,-96.0,bedroom_1
2017-04-10 16:03:27+00:00,-81.4,-91.33333333333333,-59.8,-70.25,-74.66666666666667,-67.0,-63.4,-90.0,-78.5,-62.75,-96.0,bedroom_1
2017-04-10 16:03:28+00:00,-88.0,-86.33333333333333,-53.8,-71.66666666666667,-61.5,-65.5,-71.0,-90.0,-78.66666666666667,-66.8,-88.6,bedroom_1
2017-04-10 16:03:30+00:00,-93.0,-81.0,-63.0,-67.5,-66.0,-82.0,-75.0,-120.0,-76.0,-78.0,-84.25,bedroom_1
2017-04-10 16:03:31+00:00,-80.33333333333333,-76.6,-74.5,-68.66666666666667,-72.33333333333333,-48.0,-77.5,-120.0,-84.0,-66.0,-83.5,bedroom_1
2017-04-10 16:03:32+00:00,-82.5,-75.5,-75.0,-59.0,-79.2,-68.6,-81.33333333333333,-120.0,-78.0,-75.25,-90.0,bedroom_1
2017-04-10 16:03:33+00:00,-86.2,-87.33333333333333,-66.75,-77.6,-86.0,-73.5,-80.0,-120.0,-73.0,-65.25,-85.0,bedroom_1
2017-04-10 16:03:34+00:00,-84.33333333333333,-80.75,-67.75,-63.0,-73.25,-75.0,-68.5,-97.0,-88.33333333333333,-65.8,-79.0,bedroom_1
2017-04-10 16:03:36+00:00,-84.8,-87.25,-68.66666666666667,-72.25,-83.4,-76.0,-74.33333333333333,-85.33333333333333,-90.5,-61.25,-82.0,bedroom_1
2017-04-10 16:03:37+00:00,-76.0,-87.66666666666667,-67.33333333333333,-59.5,-78.33333333333333,-76.0,-70.0,-120.0,-75.0,-68.5,-85.0,bedroom_1
2017-04-10 16:03:38+00:00,-78.0,-96.33333333333333,-65.0,-56.5,-80.0,-76.66666666666667,-71.2,-96.0,-88.66666666666667,-70.5,-91.0,bedroom_1
2017-04-10 16:03:39+00:00,-83.0,-86.0,-60.2,-67.25,-74.6,-73.0,-71.0,-92.0,-72.0,-62.0,-120.0,bedroom_1
2017-04-10 16:03:40+00:00,-81.75,-84.25,-58.0,-69.0,-64.33333333333333,-74.8,-74.0,-120.0,-80.0,-62.2,-83.4,bedroom_1
2017-04-10 16:03:41+00:00,-81.33333333333333,-82.0,-61.8,-62.75,-73.2,-78.5,-75.0,-84.0,-85.5,-62.5,-79.0,bedroom_1
2017-04-10 16:03:42+00:00,-85.25,-84.25,-67.33333333333333,-66.25,-68.8,-70.2,-80.0,-120.0,-79.66666666666667,-69.6,-88.0,bedroom_1
2017-04-10 16:03:43+00:00,-81.6,-90.33333333333333,-49.75,-63.25,-68.8,-83.0,-65.8,-84.0,-83.0,-70.66666666666667,-86.75,bedroom_1
2017-04-10 16:03:44+00:00,-87.5,-86.0,-62.25,-59.25,-66.0,-64.25,-72.25,-120.0,-83.25,-78.0,-90.33333333333333,bedroom_1
2017-04-10 16:03:45+00:00,-98.0,-88.0,-63.25,-50.0,-71.0,-64.0,-81.0,-120.0,-120.0,-74.0,-95.0,bedroom_1
2017-04-10 16:03:46+00:00,-90.5,-82.0,-67.0,-61.0,-67.75,-67.2,-80.75,-120.0,-82.0,-79.6,-89.5,bedroom_1
2017-04-10 16:03:47+00:00,-93.5,-72.33333333333333,-77.0,-61.333333333333336,-61.75,-69.25,-87.33333333333333,-120.0,-72.0,-77.0,-85.0,bedroom_1
2017-04-10 16:03:50+00:00,-90.5,-87.66666666666667,-69.0,-60.4,-61.4,-70.6,-78.0,-120.0,-83.5,-76.66666666666667,-120.0,bedroom_1
2017-04-10 16:03:51+00:00,-90.0,-82.33333333333333,-68.0,-66.66666666666667,-59.0,-65.0,-81.25,-87.0,-87.0,-74.0,-94.5,bedroom_1
2017-04-10 16:03:52+00:00,-87.5,-85.0,-65.6,-60.666666666666664,-66.6,-68.0,-82.2,-120.0,-84.66666666666667,-75.0,-89.0,bedroom_1
2017-04-10 16:03:53+00:00,-78.0,-87.0,-72.5,-66.5,-75.4,-74.33333333333333,-75.0,-120.0,-120.0,-79.33333333333333,-100.0,bedroom_1
2017-04-10 16:03:54+00:00,-84.0,-82.6,-73.0,-56.75,-68.5,-75.0,-80.25,-120.0,-77.0,-73.4,-86.2,bedroom_1
2017-04-10 16:03:55+00:00,-75.66666666666667,-82.0,-66.25,-65.8,-72.5,-69.75,-87.66666666666667,-91.5,-92.0,-67.25,-92.75,bedroom_1
2017-04-10 16:03:56+00:00,-80.25,-75.5,-72.0,-70.2,-79.8,-77.0,-85.0,-86.0,-120.0,-64.75,-96.0,bedroom_1
2017-04-10 16:03:57+00:00,-79.33333333333333,-74.33333333333333,-72.33333333333333,-65.2,-81.2,-71.25,-87.33333333333333,-97.0,-94.0,-62.0,-95.0,bedroom_1
2017-04-10 16:03:58+00:00,-78.0,-77.75,-71.75,-67.66666666666667,-72.5,-69.4,-83.66666666666667,-98.0,-76.0,-65.5,-83.66666666666667,bedroom_1
2017-04-10 16:04:26+00:00,-82.5,-83.0,-72.5,-60.0,-67.25,-66.75,-61.0,-120.0,-84.0,-64.4,-84.75,bedroom_1
2017-04-10 16:04:27+00:00,-81.66666666666667,-78.0,-68.6,-66.2,-78.5,-57.0,-72.8,-120.0,-80.5,-68.8,-83.8,bedroom_1
2017-04-10 16:04:28+00:00,-84.66666666666667,-88.25,-68.5,-70.75,-81.0,-84.66666666666667,-84.0,-88.5,-86.0,-66.0,-90.25,bedroom_1
2017-04-10 16:04:29+00:00,-71.0,-83.75,-73.5,-73.25,-80.2,-77.0,-82.0,-82.0,-82.5,-67.5,-90.66666666666667,bedroom_1
2017-04-10 16:04:30+00:00,-72.25,-85.25,-82.5,-75.25,-69.0,-75.0,-73.5,-86.0,-77.5,-62.5,-89.33333333333333,hallway_upper
2017-04-10 16:04:32+00:00,-79.5,-94.0,-70.33333333333333,-59.0,-78.0,-72.8,-68.25,-91.0,-84.66666666666667,-70.0,-89.6,bedroom_1
2017-04-10 16:04:33+00:00,-90.33333333333333,-95.0,-56.333333333333336,-71.8,-73.8,-84.0,-72.66666666666667,-120.0,-78.75,-68.75,-84.6,bedroom_1
2017-04-10 16:04:34+00:00,-80.0,-80.0,-64.0,-61.333333333333336,-75.66666666666667,-81.25,-66.8,-89.25,-79.0,-61.8,-93.0,bedroom_1
2017-04-10 16:04:35+00:00,-80.0,-94.0,-63.8,-70.2,-74.4,-83.0,-68.75,-87.5,-120.0,-60.75,-88.5,bedroom_1
2017-04-10 16:04:36+00:00,-83.5,-84.0,-70.2,-72.66666666666667,-85.0,-74.0,-75.4,-84.0,-87.66666666666667,-63.8,-86.25,bedroom_1
2017-04-10 16:04:37+00:00,-93.0,-83.75,-65.0,-68.75,-81.4,-74.66666666666667,-86.5,-120.0,-120.0,-55.0,-83.33333333333333,bedroom_1
2017-04-10 16:04:38+00:00,-84.4,-84.5,-75.0,-71.0,-76.33333333333333,-72.0,-81.0,-120.0,-88.0,-66.25,-84.0,bedroom_1
2017-04-10 16:04:39+00:00,-79.6,-86.0,-75.0,-68.2,-81.5,-76.75,-77.4,-94.5,-80.0,-64.0,-96.0,bedroom_1
2017-04-10 16:04:40+00:00,-84.33333333333333,-79.5,-60.666666666666664,-65.0,-75.0,-72.33333333333333,-73.66666666666667,-120.0,-73.0,-63.25,-90.33333333333333,bedroom_1
2017-04-10 16:04:41+00:00,-84.66666666666667,-78.0,-84.0,-64.0,-77.25,-60.0,-82.66666666666667,-88.0,-86.5,-65.4,-85.66666666666667,bedroom_1
2017-04-10 16:04:44+00:00,-82.6,-89.0,-53.2,-69.2,-75.25,-69.5,-69.2,-87.5,-74.0,-67.66666666666667,-77.66666666666667,bedroom_1
2017-04-10 16:04:54+00:00,-77.75,-91.0,-55.333333333333336,-65.66666666666667,-77.75,-76.25,-65.25,-81.66666666666667,-74.5,-63.333333333333336,-89.33333333333333,bedroom_1
2017-04-10 16:04:55+00:00,-83.5,-84.5,-70.0,-62.75,-82.66666666666667,-70.33333333333333,-73.0,-84.0,-82.66666666666667,-61.0,-82.5,bedroom_1
2017-04-10 16:04:56+00:00,-87.0,-89.0,-51.2,-61.333333333333336,-64.0,-71.5,-55.25,-87.0,-75.5,-67.0,-85.0,bedroom_1
2017-04-10 16:04:57+00:00,-83.6,-76.8,-64.0,-58.4,-64.25,-67.5,-72.25,-90.0,-79.33333333333333,-62.0,-84.6,bedroom_1
2017-04-10 16:04:58+00:00,-120.0,-84.33333333333333,-64.25,-60.8,-78.0,-82.5,-75.5,-120.0,-77.0,-79.8,-90.5,bedroom_1
2017-04-10 16:04:59+00:00,-83.0,-79.4,-64.5,-59.4,-61.75,-69.25,-71.0,-120.0,-69.0,-74.0,-87.0,bedroom_1
2017-04-10 16:05:00+00:00,-85.0,-81.0,-61.6,-54.75,-82.5,-73.33333333333333,-74.6,-120.0,-95.5,-73.0,-85.0,bedroom_1
2017-04-10 16:05:01+00:00,-83.5,-83.33333333333333,-53.5,-53.333333333333336,-72.0,-64.5,-80.5,-120.0,-80.0,-69.75,-83.0,bedroom_1
2017-04-10 16:05:02+00:00,-87.8,-78.6,-54.333333333333336,-55.0,-76.0,-65.25,-73.4,-120.0,-92.0,-75.25,-90.25,bedroom_1
2017-04-10 16:05:03+00:00,-82.66666666666667,-84.33333333333333,-56.6,-51.333333333333336,-72.33333333333333,-61.75,-69.66666666666667,-120.0,-72.5,-69.25,-87.0,bedroom_1
2017-04-10 16:05:05+00:00,-82.66666666666667,-82.33333333333333,-67.2,-66.75,-72.5,-62.75,-77.75,-120.0,-80.5,-76.25,-90.66666666666667,bedroom_1
2017-04-10 16:05:06+00:00,-84.5,-78.4,-67.75,-74.75,-80.5,-68.66666666666667,-70.0,-85.5,-81.33333333333333,-67.0,-93.5,bedroom_1
2017-04-10 16:05:07+00:00,-71.0,-79.6,-67.33333333333333,-71.25,-76.75,-81.66666666666667,-78.66666666666667,-86.0,-77.66666666666667,-59.8,-78.0,bedroom_1
2017-04-10 16:05:08+00:00,-83.4,-82.0,-75.0,-81.8,-89.25,-85.75,-79.0,-82.75,-81.0,-63.666666666666664,-79.66666666666667,hallway_upper
2017-04-10 16:05:09+00:00,-76.0,-91.0,-74.8,-79.6,-79.0,-81.5,-73.4,-80.75,-73.25,-62.0,-85.25,hallway_upper
2017-04-10 16:05:10+00:00,-58.0,-81.75,-78.0,-84.75,-85.75,-79.75,-81.25,-84.6,-79.5,-67.2,-87.0,hallway_upper
2017-04-10 16:05:11+00:00,-71.66666666666667,-76.6,-82.0,-84.6,-86.2,-80.33333333333333,-74.25,-81.6,-72.5,-64.2,-78.0,hallway_upper
2017-04-10 16:05:12+00:00,-71.5,-78.0,-72.6,-79.25,-80.25,-69.33333333333333,-68.4,-89.5,-65.0,-67.0,-80.0,hallway_upper
2017-04-10 16:05:13+00:00,-67.0,-77.6,-75.5,-79.25,-87.0,-89.4,-72.0,-84.0,-74.0,-65.4,-73.25,stairs
2017-04-10 16:05:14+00:00,-67.75,-74.75,-83.25,-82.4,-87.8,-79.0,-69.25,-79.0,-71.5,-66.0,-83.25,stairs
2017-04-10 16:05:16+00:00,-66.0,-70.0,-75.25,-81.0,-75.5,-74.0,-72.5,-81.25,-63.666666666666664,-74.25,-74.5,stairs
2017-04-10 16:05:17+00:00,-75.33333333333333,-78.0,-79.5,-88.66666666666667,-75.0,-75.0,-85.8,-81.2,-62.0,-71.5,-53.666666666666664,hallway_lower
2017-04-10 16:05:18+00:00,-74.75,-72.0,-72.4,-81.0,-70.25,-68.33333333333333,-81.2,-81.75,-63.75,-71.8,-65.75,hallway_lower
2017-04-10 16:05:19+00:00,-85.75,-75.75,-73.0,-83.0,-70.33333333333333,-76.5,-75.8,-79.0,-70.75,-65.0,-68.6,hallway_lower
2017-04-10 16:05:20+00:00,-77.0,-72.0,-85.4,-101.0,-74.75,-79.25,-88.75,-79.25,-64.0,-74.33333333333333,-69.66666666666667,living_area_A
2017-04-10 16:05:21+00:00,-79.25,-69.75,-86.0,-84.5,-79.25,-80.5,-80.66666666666667,-74.0,-73.25,-81.0,-69.2,living_area_A
2017-04-10 16:05:22+00:00,-82.66666666666667,-79.0,-80.0,-95.0,-87.66666666666667,-82.33333333333333,-73.5,-77.0,-74.5,-77.33333333333333,-66.75,living_area_A
2017-04-10 16:05:23+00:00,-84.25,-83.2,-78.33333333333333,-79.5,-75.75,-79.6,-79.5,-75.8,-60.6,-74.25,-55.8,living_area_A
2017-04-10 16:05:24+00:00,-79.5,-83.0,-90.66666666666667,-84.0,-70.0,-81.33333333333333,-84.66666666666667,-63.0,-63.666666666666664,-78.8,-71.33333333333333,living_area_A
2017-04-10 16:05:25+00:00,-77.4,-100.0,-120.0,-96.0,-84.66666666666667,-80.0,-120.0,-72.25,-67.75,-82.5,-81.66666666666667,kitchen
2017-04-10 16:05:29+00:00,-70.4,-120.0,-92.5,-120.0,-82.25,-83.5,-87.0,-56.0,-83.25,-88.33333333333333,-83.0,kitchen
2017-04-10 16:05:30+00:00,-63.75,-90.0,-88.0,-120.0,-85.5,-88.2,-83.0,-63.666666666666664,-77.0,-86.0,-82.25,kitchen
2017-04-10 16:05:32+00:00,-69.6,-91.0,-120.0,-120.0,-87.25,-86.33333333333333,-95.0,-53.75,-79.0,-93.0,-79.0,kitchen
2017-04-10 16:05:33+00:00,-65.25,-89.5,-120.0,-120.0,-89.0,-91.0,-86.0,-43.25,-73.0,-84.5,-70.5,kitchen
2017-04-10 16:05:34+00:00,-67.0,-85.5,-86.0,-120.0,-84.0,-83.5,-88.0,-54.0,-78.25,-84.33333333333333,-73.2,kitchen
2017-04-10 16:05:35+00:00,-78.8,-98.5,-85.0,-120.0,-96.33333333333333,-87.0,-90.0,-58.0,-72.0,-97.0,-72.75,kitchen
2017-04-10 16:05:36+00:00,-71.6,-120.0,-120.0,-120.0,-74.0,-85.25,-88.66666666666667,-56.75,-82.0,-87.33333333333333,-79.33333333333333,kitchen
2017-04-10 16:05:37+00:00,-75.75,-120.0,-96.0,-120.0,-91.0,-82.5,-100.0,-69.66666666666667,-72.5,-84.0,-91.0,kitchen
2017-04-10 16:05:38+00:00,-84.0,-120.0,-120.0,-120.0,-85.0,-80.5,-87.0,-68.75,-83.25,-120.0,-85.33333333333333,kitchen
2017-04-10 16:05:39+00:00,-81.5,-83.0,-101.0,-92.0,-88.0,-85.75,-88.0,-67.6,-79.5,-85.5,-83.33333333333333,kitchen
2017-04-10 16:05:40+00:00,-75.25,-86.5,-91.0,-120.0,-87.66666666666667,-86.5,-87.0,-39.5,-74.66666666666667,-90.5,-78.8,kitchen
2017-04-10 16:05:41+00:00,-76.0,-81.0,-84.5,-120.0,-78.2,-83.5,-88.0,-42.8,-77.8,-89.0,-77.0,kitchen
2017-04-10 16:05:42+00:00,-80.33333333333333,-87.0,-120.0,-120.0,-87.0,-77.0,-86.0,-56.2,-85.0,-87.0,-87.0,kitchen
2017-04-10 16:05:43+00:00,-69.2,-91.66666666666667,-83.0,-96.5,-80.25,-82.0,-91.5,-46.0,-72.66666666666667,-82.0,-69.6,kitchen
2017-04-10 16:05:44+00:00,-69.0,-85.33333333333333,-120.0,-85.0,-85.25,-85.0,-85.0,-45.0,-71.5,-97.0,-84.4,kitchen
2017-04-10 16:05:45+00:00,-72.0,-90.33333333333333,-81.66666666666667,-120.0,-84.5,-86.66666666666667,-82.5,-42.0,-67.75,-82.0,-72.75,kitchen
2017-04-10 16:05:46+00:00,-73.25,-86.0,-88.33333333333333,-120.0,-83.2,-87.33333333333333,-83.5,-41.8,-61.666666666666664,-90.75,-73.0,kitchen
2017-04-10 16:05:47+00:00,-71.6,-120.0,-93.66666666666667,-120.0,-86.25,-81.0,-82.0,-45.0,-70.8,-85.4,-78.5,kitchen
2017-04-10 16:05:48+00:00,-69.33333333333333,-96.0,-94.0,-120.0,-80.33333333333333,-79.5,-89.33333333333333,-38.0,-70.25,-92.25,-72.5,kitchen
2017-04-10 16:05:49+00:00,-68.5,-87.5,-83.0,-120.0,-80.5,-81.75,-82.0,-44.0,-64.33333333333333,-91.5,-81.8,kitchen
2017-04-10 16:05:50+00:00,-72.5,-83.0,-90.5,-88.0,-85.25,-83.33333333333333,-86.0,-44.8,-73.0,-80.0,-75.0,kitchen
2017-04-10 19:20:40+00:00,-84.33333333333333,-67.5,-75.0,-77.0,-66.5,-54.4,-80.0,-81.5,-73.33333333333333,-81.6,-74.0,living_area_B
2017-04-10 19:20:41+00:00,-77.0,-63.0,-88.25,-70.33333333333333,-67.25,-48.0,-78.0,-86.33333333333333,-76.25,-74.0,-81.5,living_area_B
2017-04-10 19:20:42+00:00,-88.0,-60.8,-68.0,-76.0,-65.5,-46.666666666666664,-74.6,-92.0,-70.66666666666667,-81.66666666666667,-80.25,living_area_B
2017-04-10 19:20:43+00:00,-120.0,-55.0,-72.2,-67.6,-64.4,-48.8,-120.0,-88.25,-69.5,-86.0,-76.0,living_area_B
2017-04-10 19:20:44+00:00,-120.0,-64.4,-66.25,-70.5,-64.75,-50.75,-77.2,-88.75,-70.75,-79.0,-78.0,living_area_B
2017-04-10 19:20:45+00:00,-86.75,-75.6,-65.0,-65.0,-73.5,-44.4,-78.6,-83.5,-61.5,-82.5,-81.6,living_area_B
2017-04-10 19:20:46+00:00,-89.0,-64.5,-78.0,-79.0,-63.666666666666664,-46.0,-87.5,-75.33333333333333,-63.0,-75.5,-80.0,living_area_B
2017-04-10 19:20:47+00:00,-78.5,-63.6,-78.75,-79.5,-65.25,-50.0,-86.25,-80.33333333333333,-63.666666666666664,-81.0,-74.33333333333333,living_area_B
2017-04-10 19:20:48+00:00,-81.66666666666667,-63.666666666666664,-74.4,-78.5,-71.0,-63.8,-73.66666666666667,-79.0,-70.25,-78.2,-71.8,living_area_A
2017-04-10 19:20:49+00:00,-87.66666666666667,-70.66666666666667,-79.0,-86.25,-69.0,-71.33333333333333,-81.5,-74.33333333333333,-73.0,-78.33333333333333,-65.8,living_area_A
2017-04-10 19:20:50+00:00,-83.5,-79.75,-79.0,-81.33333333333333,-77.33333333333333,-73.8,-75.0,-79.6,-67.5,-81.4,-65.75,living_area_A
2017-04-10 19:20:51+00:00,-120.0,-69.5,-86.25,-88.5,-73.0,-74.0,-84.0,-73.33333333333333,-72.5,-120.0,-66.2,living_area_A
2017-04-10 19:20:52+00:00,-86.75,-73.5,-79.33333333333333,-86.2,-72.5,-72.5,-85.0,-74.0,-76.75,-65.75,-62.8,living_area_A
2017-04-10 19:20:53+00:00,-99.0,-73.33333333333333,-82.5,-80.5,-75.25,-69.6,-77.0,-80.2,-66.0,-74.0,-67.6,living_area_A
2017-04-10 19:20:54+00:00,-81.33333333333333,-70.0,-85.0,-76.5,-63.5,-73.6,-77.0,-76.2,-65.75,-72.5,-65.4,living_area_A
2017-04-10 19:20:55+00:00,-81.33333333333333,-75.25,-87.33333333333333,-85.5,-81.0,-77.33333333333333,-74.5,-73.25,-64.8,-77.75,-68.25,living_area_A
2017-04-10 19:20:56+00:00,-80.5,-78.25,-79.0,-94.0,-77.0,-75.66666666666667,-73.66666666666667,-68.25,-68.0,-70.0,-63.25,living_area_A
2017-04-10 19:20:57+00:00,-98.0,-68.0,-77.5,-79.25,-67.0,-68.33333333333333,-70.66666666666667,-77.66666666666667,-64.66666666666667,-74.66666666666667,-78.25,living_area_A
2017-04-10 19:20:58+00:00,-90.0,-73.0,-68.8,-71.75,-62.8,-74.33333333333333,-60.25,-88.75,-68.5,-77.0,-75.0,living_area_A
2017-04-10 19:20:59+00:00,-120.0,-76.0,-77.6,-78.0,-56.0,-61.4,-71.0,-87.0,-67.4,-84.33333333333333,-72.0,living_area_A
2017-04-10 19:21:00+00:00,-98.0,-74.0,-77.6,-67.0,-56.8,-58.25,-78.8,-91.5,-73.75,-84.33333333333333,-76.25,living_area_B
2017-04-10 19:21:01+00:00,-120.0,-78.66666666666667,-84.5,-63.0,-70.0,-60.2,-87.5,-92.5,-75.66666666666667,-83.0,-74.6,living_area_B
2017-04-10 19:21:02+00:00,-120.0,-77.25,-75.2,-63.4,-54.2,-58.25,-81.75,-87.0,-69.0,-78.25,-75.75,living_area_B
2017-04-10 19:21:03+00:00,-79.5,-82.5,-70.0,-74.0,-63.2,-72.66666666666667,-68.25,-78.8,-67.5,-73.25,-63.333333333333336,living_area_B
2017-04-10 19:21:04+00:00,-82.66666666666667,-74.33333333333333,-79.66666666666667,-84.66666666666667,-75.5,-70.25,-74.5,-73.0,-69.33333333333333,-73.5,-69.2,living_area_A
2017-04-10 19:21:05+00:00,-82.5,-68.5,-85.0,-89.75,-79.0,-80.25,-78.8,-74.6,-65.5,-75.33333333333333,-71.75,living_area_A
2017-04-10 19:21:06+00:00,-79.5,-67.33333333333333,-86.0,-80.5,-74.66666666666667,-81.4,-76.75,-75.25,-70.66666666666667,-74.0,-70.25,living_area_A
2017-04-10 19:21:07+00:00,-78.25,-79.0,-86.33333333333333,-83.0,-77.0,-71.0,-76.0,-69.5,-71.66666666666667,-78.8,-68.66666666666667,living_area_A
2017-04-10 19:21:20+00:00,-69.0,-120.0,-90.0,-87.5,-84.5,-85.5,-86.5,-59.6,-69.0,-83.0,-82.75,kitchen
2017-04-10 19:21:21+00:00,-78.66666666666667,-120.0,-88.0,-84.0,-73.5,-84.0,-88.5,-63.8,-77.2,-87.0,-83.8,kitchen
2017-04-10 19:21:24+00:00,-76.5,-120.0,-86.0,-120.0,-86.5,-82.0,-89.5,-66.25,-75.25,-90.5,-83.4,kitchen
2017-04-10 19:21:25+00:00,-84.4,-99.0,-120.0,-86.0,-81.6,-85.0,-93.0,-54.0,-87.0,-94.0,-90.0,kitchen
2017-04-10 19:21:26+00:00,-66.5,-86.0,-84.0,-84.5,-80.5,-76.2,-89.0,-56.6,-80.33333333333333,-83.0,-73.4,kitchen
2017-04-10 19:21:27+00:00,-71.0,-85.5,-87.0,-90.0,-95.0,-86.5,-86.0,-44.0,-63.0,-84.0,-77.6,kitchen
2017-04-10 19:21:28+00:00,-69.5,-120.0,-93.66666666666667,-91.5,-81.0,-88.5,-81.66666666666667,-52.25,-81.5,-83.5,-77.5,kitchen
2017-04-10 19:21:29+00:00,-80.5,-84.0,-87.5,-83.0,-99.0,-85.0,-91.0,-48.4,-64.0,-77.0,-79.75,kitchen
2017-04-10 19:21:30+00:00,-70.33333333333333,-90.5,-92.0,-87.66666666666667,-90.0,-88.0,-80.0,-52.666666666666664,-71.0,-82.0,-86.5,kitchen
2017-04-10 19:21:31+00:00,-71.5,-96.0,-94.25,-88.0,-82.0,-84.8,-96.0,-49.75,-67.0,-86.66666666666667,-80.33333333333333,kitchen
2017-04-10 19:21:34+00:00,-67.5,-84.0,-82.0,-120.0,-87.0,-81.6,-87.5,-56.25,-72.0,-92.0,-67.0,kitchen
2017-04-10 19:21:35+00:00,-73.0,-97.0,-85.0,-120.0,-101.5,-81.5,-80.5,-44.0,-86.33333333333333,-85.66666666666667,-72.0,kitchen
2017-04-10 19:21:36+00:00,-69.66666666666667,-84.0,-120.0,-120.0,-88.66666666666667,-94.0,-82.0,-48.2,-79.0,-89.0,-72.75,kitchen
2017-04-10 19:21:37+00:00,-70.66666666666667,-94.0,-99.0,-120.0,-80.0,-91.33333333333333,-89.66666666666667,-58.25,-86.5,-87.33333333333333,-71.33333333333333,kitchen
2017-04-10 19:21:38+00:00,-71.6,-90.0,-90.0,-120.0,-78.2,-79.25,-120.0,-55.75,-72.0,-86.75,-72.5,kitchen
2017-04-10 19:21:39+00:00,-72.33333333333333,-87.25,-120.0,-120.0,-90.8,-86.25,-86.0,-59.0,-75.25,-87.0,-78.0,kitchen
2017-04-10 19:21:40+00:00,-73.5,-83.0,-120.0,-120.0,-87.33333333333333,-81.75,-103.0,-62.0,-67.33333333333333,-96.0,-80.0,kitchen
2017-04-10 19:21:53+00:00,-73.0,-86.75,-120.0,-120.0,-84.33333333333333,-89.0,-84.0,-65.66666666666667,-77.5,-93.0,-84.25,kitchen
2017-04-10 19:21:54+00:00,-77.25,-88.5,-120.0,-120.0,-75.33333333333333,-82.25,-85.0,-47.0,-74.2,-83.5,-70.0,kitchen
2017-04-10 19:21:55+00:00,-73.25,-90.5,-120.0,-98.0,-85.33333333333333,-83.0,-88.25,-43.666666666666664,-79.0,-83.2,-72.0,kitchen
2017-04-10 19:21:56+00:00,-66.0,-88.5,-92.0,-84.0,-81.33333333333333,-84.0,-86.5,-42.0,-76.0,-89.5,-75.0,kitchen
2017-04-10 19:21:57+00:00,-67.2,-87.5,-82.33333333333333,-120.0,-64.33333333333333,-74.25,-87.5,-59.4,-63.75,-82.0,-76.0,kitchen
2017-04-10 19:21:58+00:00,-72.25,-88.5,-91.0,-120.0,-89.0,-71.8,-95.75,-52.25,-69.75,-81.66666666666667,-77.0,kitchen
2017-04-10 19:21:59+00:00,-67.8,-91.66666666666667,-97.0,-120.0,-80.5,-78.0,-93.25,-53.666666666666664,-76.6,-86.0,-71.8,kitchen
2017-04-10 19:22:00+00:00,-67.0,-89.5,-85.0,-120.0,-84.25,-80.0,-86.5,-50.0,-79.0,-92.33333333333333,-73.0,kitchen
2017-04-10 19:22:25+00:00,-66.4,-90.5,-120.0,-120.0,-88.66666666666667,-87.0,-94.0,-60.5,-81.33333333333333,-86.5,-83.0,kitchen
2017-04-10 19:22:26+00:00,-64.5,-97.0,-120.0,-120.0,-89.66666666666667,-88.0,-90.5,-51.8,-71.5,-92.66666666666667,-75.4,kitchen
2017-04-10 19:22:27+00:00,-68.75,-85.0,-120.0,-120.0,-91.5,-89.0,-77.66666666666667,-48.0,-77.5,-86.0,-63.0,kitchen
2017-04-10 19:22:28+00:00,-74.33333333333333,-85.5,-98.0,-90.0,-88.33333333333333,-79.75,-93.0,-49.5,-73.33333333333333,-89.66666666666667,-71.0,kitchen
2017-04-10 19:22:29+00:00,-77.4,-90.5,-99.0,-120.0,-78.0,-82.0,-85.66666666666667,-48.25,-65.5,-89.0,-73.4,kitchen
2017-04-10 19:22:30+00:00,-82.5,-83.66666666666667,-120.0,-84.5,-82.5,-82.66666666666667,-84.5,-43.75,-77.0,-85.0,-74.5,kitchen
2017-04-10 19:22:31+00:00,-82.0,-87.66666666666667,-95.33333333333333,-85.0,-83.25,-73.0,-93.0,-59.333333333333336,-72.0,-82.25,-62.0,kitchen
2017-04-10 19:22:32+00:00,-69.25,-87.0,-90.0,-84.8,-70.0,-68.0,-87.0,-52.75,-64.75,-82.0,-80.6,kitchen
2017-04-10 19:22:33+00:00,-68.8,-89.75,-86.5,-84.0,-65.4,-73.0,-87.0,-55.8,-59.0,-86.0,-79.8,kitchen
2017-04-10 19:23:29+00:00,-75.66666666666667,-120.0,-120.0,-86.0,-90.5,-76.66666666666667,-97.0,-56.75,-68.5,-85.0,-82.4,kitchen
2017-04-10 19:23:30+00:00,-67.4,-120.0,-120.0,-120.0,-89.0,-81.0,-90.0,-56.0,-71.5,-89.66666666666667,-73.0,kitchen
2017-04-10 19:23:31+00:00,-73.6,-88.5,-120.0,-120.0,-120.0,-86.0,-93.0,-45.5,-79.5,-92.0,-72.4,kitchen
2017-04-10 19:23:32+00:00,-65.5,-91.0,-120.0,-120.0,-89.6,-85.0,-84.0,-44.666666666666664,-77.33333333333333,-97.0,-67.75,kitchen
2017-04-10 19:23:33+00:00,-67.0,-92.5,-120.0,-120.0,-82.75,-77.0,-95.33333333333333,-50.666666666666664,-81.8,-85.0,-87.33333333333333,kitchen
2017-04-10 19:23:34+00:00,-69.33333333333333,-85.0,-120.0,-120.0,-87.8,-84.0,-98.5,-62.6,-76.5,-93.66666666666667,-75.75,kitchen
2017-04-10 19:23:35+00:00,-66.4,-120.0,-120.0,-120.0,-101.0,-89.66666666666667,-85.0,-47.5,-89.33333333333333,-97.0,-72.0,kitchen
2017-04-10 19:23:36+00:00,-67.75,-86.5,-120.0,-120.0,-87.0,-85.75,-120.0,-53.0,-74.66666666666667,-91.0,-72.75,kitchen
2017-04-10 19:23:37+00:00,-67.8,-93.0,-91.5,-120.0,-82.0,-90.0,-88.0,-58.6,-74.5,-91.0,-78.8,kitchen
2017-04-10 19:23:38+00:00,-64.25,-93.0,-87.0,-120.0,-82.0,-87.5,-89.0,-53.6,-95.0,-120.0,-79.5,kitchen
2017-04-10 19:23:39+00:00,-66.4,-93.0,-85.0,-92.0,-91.66666666666667,-73.0,-88.5,-51.5,-70.5,-74.5,-77.25,kitchen
2017-04-10 19:23:40+00:00,-69.5,-88.5,-89.0,-120.0,-89.66666666666667,-88.0,-82.0,-55.8,-71.0,-96.0,-71.5,kitchen
2017-04-10 19:23:41+00:00,-63.666666666666664,-103.0,-120.0,-120.0,-82.5,-77.0,-87.0,-57.25,-83.5,-120.0,-73.8,kitchen
2017-04-10 19:23:43+00:00,-65.33333333333333,-88.0,-84.0,-120.0,-76.25,-80.0,-120.0,-57.25,-78.33333333333333,-88.5,-71.0,kitchen
2017-04-10 19:23:44+00:00,-71.66666666666667,-90.0,-120.0,-80.0,-92.33333333333333,-79.33333333333333,-90.66666666666667,-55.0,-76.66666666666667,-84.0,-77.2,kitchen
2017-04-10 19:23:45+00:00,-72.0,-120.0,-78.0,-120.0,-87.0,-86.6,-120.0,-59.0,-63.5,-90.75,-78.66666666666667,kitchen
2017-04-10 19:23:46+00:00,-73.75,-120.0,-96.0,-120.0,-85.66666666666667,-96.0,-120.0,-58.4,-70.5,-91.0,-70.75,kitchen
2017-04-10 19:23:47+00:00,-70.75,-97.0,-120.0,-120.0,-88.66666666666667,-84.0,-86.0,-49.75,-75.75,-120.0,-75.4,kitchen
2017-04-10 19:23:48+00:00,-68.25,-98.0,-97.0,-120.0,-92.0,-76.66666666666667,-92.0,-57.25,-76.0,-97.0,-82.0,kitchen
2017-04-10 19:23:49+00:00,-72.0,-120.0,-83.0,-120.0,-89.66666666666667,-80.33333333333333,-100.0,-58.25,-82.0,-89.0,-79.5,kitchen
2017-04-10 19:23:50+00:00,-63.5,-87.0,-120.0,-90.0,-87.66666666666667,-83.5,-85.0,-55.75,-80.66666666666667,-82.5,-80.0,kitchen
2017-04-10 19:23:51+00:00,-67.25,-120.0,-120.0,-120.0,-97.5,-89.0,-85.5,-53.2,-73.2,-92.0,-85.0,kitchen
2017-04-10 19:23:52+00:00,-75.0,-95.0,-89.0,-120.0,-92.0,-86.5,-91.33333333333333,-60.666666666666664,-71.0,-87.0,-80.0,kitchen
2017-04-10 19:23:53+00:00,-64.6,-90.66666666666667,-86.0,-120.0,-80.66666666666667,-83.66666666666667,-120.0,-51.0,-82.0,-86.5,-74.25,kitchen
2017-04-10 19:23:54+00:00,-70.5,-120.0,-95.0,-120.0,-86.0,-79.75,-86.0,-49.5,-73.66666666666667,-96.0,-72.0,kitchen
2017-04-10 19:23:55+00:00,-75.5,-120.0,-120.0,-120.0,-82.66666666666667,-83.0,-120.0,-55.75,-78.0,-86.5,-79.25,kitchen
2017-04-10 19:23:56+00:00,-73.0,-92.0,-85.0,-120.0,-85.5,-83.5,-88.33333333333333,-57.0,-76.0,-93.0,-78.0,kitchen
2017-04-10 19:23:57+00:00,-71.5,-120.0,-88.33333333333333,-98.0,-85.66666666666667,-80.0,-120.0,-56.5,-78.5,-98.0,-83.8,kitchen
2017-04-10 19:23:58+00:00,-72.6,-92.0,-95.0,-120.0,-88.0,-86.5,-93.33333333333333,-55.5,-86.0,-93.5,-91.25,kitchen
2017-04-10 19:23:59+00:00,-72.75,-120.0,-120.0,-120.0,-81.8,-82.0,-120.0,-59.75,-81.5,-120.0,-79.25,kitchen
2017-04-10 19:24:01+00:00,-67.0,-91.0,-120.0,-120.0,-79.66666666666667,-84.33333333333333,-83.0,-65.33333333333333,-79.66666666666667,-88.0,-80.66666666666667,kitchen
2017-04-10 19:24:02+00:00,-69.0,-120.0,-120.0,-120.0,-88.0,-77.5,-97.0,-56.0,-76.0,-92.5,-76.66666666666667,kitchen
2017-04-10 19:24:03+00:00,-74.66666666666667,-120.0,-88.0,-120.0,-86.0,-90.0,-86.5,-54.25,-77.0,-96.0,-87.33333333333333,kitchen
2017-04-10 19:24:05+00:00,-71.33333333333333,-120.0,-98.0,-120.0,-85.2,-88.0,-120.0,-54.0,-74.66666666666667,-96.33333333333333,-73.2,kitchen
2017-04-10 19:24:06+00:00,-61.0,-95.0,-120.0,-120.0,-75.33333333333333,-85.5,-90.0,-51.0,-74.0,-92.5,-83.0,kitchen
2017-04-10 19:24:07+00:00,-73.6,-120.0,-120.0,-120.0,-90.5,-80.0,-93.0,-58.0,-76.75,-90.5,-74.4,kitchen
2017-04-10 19:24:08+00:00,-55.333333333333336,-101.0,-120.0,-120.0,-83.25,-86.5,-89.5,-49.0,-80.2,-91.8,-79.75,kitchen
2017-04-10 19:24:10+00:00,-65.0,-88.0,-120.0,-120.0,-87.66666666666667,-84.5,-90.0,-54.2,-80.5,-90.0,-76.25,kitchen
2017-04-10 19:24:11+00:00,-72.75,-85.5,-120.0,-120.0,-87.75,-91.25,-89.0,-62.2,-84.2,-87.5,-77.0,kitchen
2017-04-10 19:24:12+00:00,-76.66666666666667,-92.33333333333333,-120.0,-120.0,-88.5,-86.0,-93.0,-57.0,-75.4,-95.0,-86.2,kitchen
2017-04-10 19:24:13+00:00,-63.0,-120.0,-120.0,-120.0,-94.5,-88.0,-82.0,-46.333333333333336,-81.33333333333333,-120.0,-73.75,kitchen
2017-04-10 19:24:14+00:00,-63.5,-92.66666666666667,-120.0,-120.0,-99.0,-85.5,-87.25,-49.0,-84.75,-97.0,-64.0,kitchen
2017-04-10 19:24:16+00:00,-74.25,-120.0,-120.0,-120.0,-91.0,-79.0,-120.0,-58.5,-74.75,-92.0,-72.0,kitchen
2017-04-10 19:24:17+00:00,-74.75,-86.0,-120.0,-120.0,-82.75,-80.33333333333333,-91.66666666666667,-58.0,-78.33333333333333,-80.0,-74.2,kitchen
2017-04-10 19:24:18+00:00,-73.5,-99.0,-86.0,-120.0,-90.33333333333333,-81.5,-88.33333333333333,-44.0,-70.0,-86.33333333333333,-77.25,kitchen
2017-04-10 19:24:19+00:00,-74.5,-78.0,-120.0,-120.0,-89.75,-87.5,-90.33333333333333,-48.2,-70.66666666666667,-86.0,-78.4,kitchen
2017-04-10 19:24:20+00:00,-70.25,-96.0,-120.0,-120.0,-78.0,-90.33333333333333,-81.0,-52.4,-82.25,-97.0,-75.25,kitchen
2017-04-10 19:24:21+00:00,-68.0,-120.0,-87.0,-120.0,-88.66666666666667,-90.33333333333333,-85.0,-52.6,-95.0,-84.0,-81.0,kitchen
2017-04-10 19:24:22+00:00,-71.33333333333333,-120.0,-102.0,-120.0,-83.0,-90.0,-81.0,-49.4,-80.33333333333333,-91.25,-68.8,kitchen
2017-04-10 19:24:23+00:00,-72.75,-82.0,-84.0,-120.0,-85.66666666666667,-120.0,-88.0,-53.25,-70.33333333333333,-91.5,-73.4,kitchen
2017-04-10 19:24:24+00:00,-67.0,-120.0,-120.0,-120.0,-91.0,-87.0,-97.0,-48.25,-72.5,-94.5,-75.0,kitchen
2017-04-10 19:24:25+00:00,-68.8,-86.5,-120.0,-120.0,-80.66666666666667,-85.75,-88.0,-50.666666666666664,-87.0,-90.0,-75.66666666666667,kitchen
2017-04-10 19:24:32+00:00,-70.0,-88.66666666666667,-120.0,-120.0,-78.5,-71.0,-120.0,-51.25,-76.0,-90.5,-86.0,kitchen
2017-04-10 19:24:33+00:00,-68.4,-90.66666666666667,-120.0,-88.0,-89.66666666666667,-85.0,-92.0,-64.66666666666667,-72.66666666666667,-85.0,-82.0,kitchen
2017-04-10 19:24:47+00:00,-66.5,-93.0,-120.0,-120.0,-85.6,-78.0,-89.75,-53.666666666666664,-89.0,-90.66666666666667,-76.6,kitchen
2017-04-10 19:24:50+00:00,-74.25,-120.0,-120.0,-120.0,-85.75,-86.33333333333333,-99.0,-53.5,-78.0,-89.0,-70.25,kitchen
2017-04-10 19:24:51+00:00,-79.0,-87.0,-96.0,-120.0,-85.0,-87.66666666666667,-120.0,-52.2,-74.0,-120.0,-71.75,kitchen
2017-04-10 19:24:53+00:00,-69.8,-93.0,-120.0,-120.0,-86.5,-88.25,-120.0,-56.0,-73.2,-91.33333333333333,-73.6,kitchen
2017-04-10 19:24:54+00:00,-63.4,-84.0,-120.0,-120.0,-89.2,-83.33333333333333,-120.0,-55.5,-81.6,-120.0,-79.5,kitchen
2017-04-10 19:24:58+00:00,-69.25,-88.66666666666667,-120.0,-120.0,-93.25,-85.33333333333333,-84.0,-52.0,-69.0,-78.66666666666667,-76.66666666666667,kitchen
2017-04-10 19:24:59+00:00,-67.0,-92.5,-120.0,-120.0,-93.5,-87.5,-76.0,-51.0,-74.33333333333333,-93.0,-83.0,kitchen
2017-04-10 19:25:00+00:00,-74.66666666666667,-90.0,-120.0,-120.0,-87.5,-83.5,-90.5,-49.0,-63.5,-89.0,-79.66666666666667,kitchen
2017-04-10 19:25:01+00:00,-73.0,-84.33333333333333,-120.0,-120.0,-101.0,-75.0,-120.0,-46.0,-84.33333333333333,-77.0,-74.8,kitchen
2017-04-10 19:25:02+00:00,-76.33333333333333,-82.0,-120.0,-120.0,-87.33333333333333,-85.5,-96.0,-54.5,-70.5,-96.0,-78.0,kitchen
2017-04-10 19:25:03+00:00,-74.0,-83.0,-120.0,-120.0,-97.0,-84.0,-88.66666666666667,-50.0,-72.5,-91.5,-75.75,kitchen
2017-04-10 19:25:04+00:00,-69.0,-86.5,-120.0,-120.0,-100.0,-87.75,-88.5,-51.5,-79.0,-88.33333333333333,-82.5,kitchen
2017-04-10 19:25:05+00:00,-81.0,-85.0,-120.0,-120.0,-93.5,-83.0,-81.0,-49.0,-85.0,-90.8,-78.5,kitchen
2017-04-10 19:25:31+00:00,-76.0,-93.0,-120.0,-120.0,-93.5,-90.0,-92.0,-49.0,-74.25,-120.0,-80.2,kitchen
2017-04-10 19:25:32+00:00,-71.8,-86.0,-120.0,-120.0,-78.0,-82.5,-88.5,-53.0,-78.0,-94.0,-78.0,kitchen
2017-04-10 19:25:33+00:00,-67.75,-96.33333333333333,-120.0,-120.0,-85.5,-84.0,-84.0,-49.666666666666664,-72.8,-91.0,-70.75,kitchen
2017-04-10 19:25:34+00:00,-73.0,-120.0,-120.0,-120.0,-84.0,-82.66666666666667,-87.0,-51.75,-78.0,-85.5,-71.0,kitchen
2017-04-10 19:25:35+00:00,-74.25,-88.0,-89.0,-120.0,-87.25,-120.0,-92.0,-47.666666666666664,-83.33333333333333,-86.33333333333333,-79.75,kitchen
2017-04-10 19:25:36+00:00,-68.4,-91.33333333333333,-120.0,-120.0,-96.5,-84.5,-88.0,-54.6,-71.0,-91.66666666666667,-84.5,kitchen
2017-04-10 19:25:37+00:00,-75.0,-91.66666666666667,-90.0,-90.5,-85.25,-83.8,-82.0,-55.0,-77.0,-84.5,-81.5,kitchen
2017-04-10 19:25:38+00:00,-69.0,-120.0,-120.0,-120.0,-85.5,-85.33333333333333,-88.0,-53.0,-81.0,-86.0,-78.0,kitchen
2017-04-10 19:25:39+00:00,-68.0,-83.0,-120.0,-120.0,-85.33333333333333,-83.66666666666667,-95.0,-58.4,-78.66666666666667,-87.0,-79.0,kitchen
2017-04-10 19:25:42+00:00,-66.8,-85.66666666666667,-85.0,-120.0,-86.5,-75.0,-120.0,-62.0,-85.25,-84.75,-81.0,kitchen
2017-04-10 19:25:43+00:00,-71.66666666666667,-94.5,-120.0,-120.0,-89.25,-82.5,-90.0,-58.333333333333336,-68.66666666666667,-97.0,-77.0,kitchen
2017-04-10 19:25:46+00:00,-68.0,-84.33333333333333,-120.0,-120.0,-85.2,-74.0,-120.0,-53.5,-84.66666666666667,-88.0,-79.25,kitchen
2017-04-10 19:25:47+00:00,-65.66666666666667,-120.0,-89.0,-120.0,-85.0,-83.25,-120.0,-55.4,-74.0,-85.33333333333333,-74.0,kitchen
2017-04-10 19:25:49+00:00,-62.0,-120.0,-120.0,-120.0,-87.0,-81.66666666666667,-98.0,-49.25,-71.0,-90.66666666666667,-84.25,kitchen
2017-04-10 19:25:50+00:00,-63.75,-88.0,-120.0,-120.0,-87.66666666666667,-87.0,-92.0,-53.0,-79.33333333333333,-93.25,-75.66666666666667,kitchen
2017-04-10 19:25:51+00:00,-71.66666666666667,-83.0,-120.0,-97.5,-83.66666666666667,-77.66666666666667,-92.33333333333333,-51.8,-80.5,-80.66666666666667,-73.8,kitchen
2017-04-10 19:25:52+00:00,-64.66666666666667,-120.0,-85.0,-120.0,-81.33333333333333,-76.5,-87.66666666666667,-44.0,-71.0,-87.0,-71.0,kitchen
2017-04-10 19:25:53+00:00,-65.25,-91.0,-120.0,-120.0,-82.5,-80.8,-92.0,-59.666666666666664,-75.75,-90.0,-77.8,kitchen
2017-04-10 19:25:54+00:00,-67.25,-87.5,-120.0,-120.0,-90.0,-78.0,-86.0,-52.5,-70.0,-85.66666666666667,-74.66666666666667,kitchen
2017-04-10 19:25:55+00:00,-75.33333333333333,-89.0,-87.0,-120.0,-87.0,-84.6,-89.5,-49.4,-74.0,-79.0,-75.2,kitchen
2017-04-10 19:25:56+00:00,-55.5,-120.0,-93.0,-120.0,-89.0,-77.5,-88.0,-50.0,-69.0,-90.0,-82.25,kitchen
2017-04-10 19:25:57+00:00,-63.6,-120.0,-88.0,-120.0,-81.0,-78.25,-89.5,-58.666666666666664,-75.5,-87.8,-81.66666666666667,kitchen
2017-04-10 19:25:59+00:00,-80.33333333333333,-96.0,-88.0,-120.0,-91.0,-82.75,-84.0,-51.333333333333336,-74.0,-94.0,-77.0,kitchen
2017-04-10 19:26:00+00:00,-66.33333333333333,-84.5,-87.75,-120.0,-84.0,-84.33333333333333,-91.33333333333333,-53.25,-72.66666666666667,-86.6,-75.75,kitchen
2017-04-10 19:26:01+00:00,-72.25,-89.0,-120.0,-120.0,-83.66666666666667,-84.0,-94.0,-67.0,-78.0,-85.0,-79.75,kitchen
2017-04-10 19:26:02+00:00,-63.0,-99.0,-120.0,-120.0,-91.25,-78.66666666666667,-84.0,-55.0,-75.33333333333333,-84.0,-78.25,kitchen
2017-04-10 19:26:03+00:00,-69.33333333333333,-86.66666666666667,-100.0,-100.0,-79.0,-78.5,-85.0,-49.0,-69.5,-81.66666666666667,-72.0,kitchen
2017-04-10 19:26:06+00:00,-66.5,-85.5,-77.75,-77.0,-73.8,-72.5,-87.33333333333333,-55.0,-60.333333333333336,-80.5,-78.5,kitchen
2017-04-10 19:26:07+00:00,-61.6,-78.66666666666667,-86.25,-87.25,-84.25,-79.6,-87.33333333333333,-47.8,-79.5,-85.5,-73.4,kitchen
2017-04-10 19:26:08+00:00,-61.25,-90.5,-87.0,-120.0,-84.33333333333333,-83.25,-89.0,-49.5,-86.0,-89.75,-75.2,kitchen
2017-04-10 19:26:09+00:00,-67.2,-120.0,-92.5,-120.0,-84.25,-85.0,-92.0,-50.0,-74.66666666666667,-96.0,-73.66666666666667,kitchen
2017-04-10 19:26:10+00:00,-65.66666666666667,-87.25,-120.0,-87.0,-77.0,-76.5,-84.66666666666667,-56.5,-65.0,-87.5,-79.0,kitchen
2017-04-10 19:26:11+00:00,-62.6,-89.0,-92.0,-120.0,-83.5,-86.0,-84.33333333333333,-53.75,-75.0,-92.66666666666667,-88.0,kitchen
2017-04-10 19:26:12+00:00,-61.5,-100.0,-87.0,-120.0,-93.33333333333333,-85.8,-89.0,-68.66666666666667,-77.5,-82.5,-80.25,kitchen
2017-04-10 19:26:13+00:00,-64.25,-93.0,-120.0,-120.0,-120.0,-91.0,-88.0,-53.6,-78.0,-91.66666666666667,-77.0,kitchen
2017-04-10 19:26:14+00:00,-73.5,-87.33333333333333,-95.33333333333333,-87.0,-78.5,-84.75,-84.66666666666667,-60.25,-79.66666666666667,-81.5,-78.75,kitchen
2017-04-10 19:26:18+00:00,-62.25,-99.0,-89.33333333333333,-120.0,-84.25,-78.33333333333333,-84.25,-58.2,-63.75,-82.33333333333333,-80.0,kitchen
2017-04-10 19:26:20+00:00,-67.0,-97.0,-93.0,-120.0,-79.0,-76.66666666666667,-86.0,-49.25,-80.0,-87.25,-75.4,kitchen
2017-04-10 19:26:21+00:00,-74.66666666666667,-100.0,-120.0,-94.5,-81.5,-89.33333333333333,-92.0,-58.0,-78.33333333333333,-82.33333333333333,-78.6,kitchen
2017-04-10 19:26:36+00:00,-69.0,-85.0,-120.0,-84.0,-83.33333333333333,-73.0,-86.5,-58.25,-85.0,-88.2,-76.75,kitchen
2017-04-10 19:26:37+00:00,-66.0,-91.0,-120.0,-120.0,-85.25,-78.5,-78.0,-56.25,-88.5,-91.5,-76.5,kitchen
2017-04-10 19:26:40+00:00,-62.75,-120.0,-120.0,-120.0,-81.33333333333333,-85.0,-91.0,-49.75,-81.0,-92.0,-69.0,kitchen
2017-04-10 19:26:43+00:00,-75.0,-120.0,-89.0,-120.0,-89.75,-87.0,-83.0,-53.0,-83.5,-85.0,-74.0,kitchen
2017-04-10 19:27:19+00:00,-72.0,-88.5,-120.0,-120.0,-85.5,-84.66666666666667,-90.0,-45.0,-79.25,-91.66666666666667,-69.66666666666667,kitchen
2017-04-10 19:27:31+00:00,-74.33333333333333,-120.0,-120.0,-120.0,-84.33333333333333,-84.25,-88.5,-55.25,-79.66666666666667,-95.0,-75.25,kitchen
2017-04-10 19:27:32+00:00,-70.0,-120.0,-120.0,-120.0,-84.0,-82.5,-120.0,-55.5,-79.0,-86.5,-82.0,kitchen
2017-04-10 19:27:41+00:00,-72.0,-98.0,-86.0,-120.0,-90.5,-90.0,-87.75,-54.5,-81.0,-84.25,-84.25,kitchen
2017-04-10 19:27:53+00:00,-68.0,-89.0,-120.0,-120.0,-82.0,-87.0,-120.0,-55.6,-120.0,-89.5,-78.8,kitchen
2017-04-10 19:27:54+00:00,-66.5,-95.0,-120.0,-120.0,-85.5,-93.0,-85.0,-54.5,-94.0,-84.0,-81.8,kitchen
2017-04-10 19:27:55+00:00,-71.66666666666667,-93.0,-120.0,-120.0,-88.0,-120.0,-120.0,-46.0,-78.66666666666667,-85.33333333333333,-80.25,kitchen
2017-04-10 19:28:36+00:00,-64.25,-92.0,-79.0,-120.0,-86.5,-90.0,-94.25,-56.333333333333336,-72.5,-81.0,-74.75,kitchen
2017-04-10 19:28:37+00:00,-66.0,-88.0,-120.0,-120.0,-84.75,-85.33333333333333,-88.0,-62.5,-84.0,-87.66666666666667,-75.0,kitchen
2017-04-10 19:28:39+00:00,-77.4,-90.33333333333333,-89.0,-86.0,-85.25,-87.0,-91.0,-54.6,-76.0,-87.25,-72.75,kitchen
2017-04-10 19:28:40+00:00,-63.4,-84.6,-79.5,-120.0,-86.4,-79.5,-95.66666666666667,-59.25,-75.33333333333333,-89.33333333333333,-74.0,kitchen
2017-04-10 19:28:41+00:00,-63.0,-89.2,-80.0,-120.0,-87.33333333333333,-86.66666666666667,-83.33333333333333,-50.333333333333336,-71.75,-90.0,-74.0,kitchen
2017-04-10 19:28:42+00:00,-65.33333333333333,-83.2,-120.0,-87.0,-88.5,-87.0,-120.0,-61.666666666666664,-84.0,-91.66666666666667,-73.5,kitchen
2017-04-10 19:28:44+00:00,-71.25,-85.0,-86.0,-100.0,-77.0,-89.25,-95.0,-56.25,-74.66666666666667,-99.0,-72.25,kitchen
2017-04-10 19:28:45+00:00,-75.75,-89.0,-120.0,-120.0,-86.33333333333333,-86.0,-120.0,-54.0,-69.4,-85.0,-79.33333333333333,kitchen
2017-04-10 19:29:03+00:00,-72.5,-89.5,-120.0,-120.0,-85.0,-82.33333333333333,-94.0,-59.0,-76.5,-87.66666666666667,-84.25,kitchen
2017-04-10 19:29:09+00:00,-72.5,-120.0,-120.0,-120.0,-88.66666666666667,-92.0,-87.5,-52.2,-76.5,-120.0,-77.33333333333333,kitchen
2017-04-10 19:29:10+00:00,-79.5,-88.25,-120.0,-120.0,-88.4,-88.33333333333333,-87.0,-53.0,-80.6,-87.5,-79.0,kitchen
2017-04-10 19:30:57+00:00,-70.0,-91.66666666666667,-120.0,-120.0,-87.33333333333333,-81.0,-86.0,-50.666666666666664,-75.0,-84.33333333333333,-74.2,kitchen
2017-04-10 19:31:16+00:00,-81.0,-89.0,-120.0,-88.0,-90.5,-89.33333333333333,-120.0,-50.5,-70.0,-85.0,-75.5,kitchen
2017-04-10 19:31:17+00:00,-66.75,-95.0,-85.0,-120.0,-86.0,-81.0,-120.0,-49.2,-73.0,-77.0,-75.8,kitchen
2017-04-10 19:31:32+00:00,-65.25,-86.0,-94.5,-120.0,-85.6,-80.66666666666667,-92.5,-56.4,-80.0,-90.33333333333333,-82.5,kitchen
2017-04-10 19:31:33+00:00,-72.25,-97.0,-120.0,-120.0,-93.0,-78.0,-83.0,-61.666666666666664,-81.66666666666667,-90.5,-86.33333333333333,kitchen
2017-04-10 19:31:34+00:00,-71.75,-82.5,-120.0,-120.0,-88.5,-84.66666666666667,-120.0,-59.8,-76.4,-90.0,-73.75,kitchen
2017-04-10 19:31:35+00:00,-69.33333333333333,-89.0,-120.0,-91.5,-74.0,-79.75,-83.33333333333333,-45.2,-61.0,-85.0,-77.0,kitchen
2017-04-10 19:31:36+00:00,-73.25,-90.5,-78.66666666666667,-87.0,-72.0,-76.25,-83.5,-59.666666666666664,-65.33333333333333,-84.0,-83.0,kitchen
2017-04-10 19:31:37+00:00,-70.75,-93.5,-89.25,-120.0,-76.5,-84.0,-82.75,-60.333333333333336,-74.0,-77.0,-83.0,kitchen
2017-04-10 19:31:38+00:00,-64.66666666666667,-83.0,-120.0,-120.0,-88.0,-85.5,-88.0,-45.0,-74.0,-86.66666666666667,-87.0,kitchen
2017-04-10 19:31:39+00:00,-72.75,-93.5,-78.0,-93.5,-84.25,-87.25,-87.0,-57.75,-70.75,-85.33333333333333,-80.6,kitchen
2017-04-10 19:31:40+00:00,-75.8,-82.33333333333333,-91.5,-86.0,-75.4,-69.25,-77.75,-62.6,-69.4,-86.2,-85.2,kitchen
2017-04-10 19:31:41+00:00,-72.8,-120.0,-120.0,-120.0,-89.66666666666667,-85.66666666666667,-100.0,-56.2,-86.5,-88.66666666666667,-78.33333333333333,kitchen
2017-04-10 19:31:42+00:00,-67.0,-89.5,-120.0,-120.0,-86.33333333333333,-84.8,-90.0,-54.8,-72.75,-93.0,-79.0,kitchen
2017-04-10 19:31:43+00:00,-75.75,-85.0,-120.0,-85.0,-85.75,-81.0,-89.66666666666667,-56.75,-72.0,-82.25,-73.66666666666667,kitchen
2017-04-10 19:31:44+00:00,-65.0,-86.0,-120.0,-93.5,-90.5,-120.0,-93.0,-49.4,-77.5,-84.5,-74.5,kitchen
2017-04-10 19:31:45+00:00,-70.33333333333333,-120.0,-84.0,-120.0,-120.0,-81.33333333333333,-90.0,-50.75,-73.66666666666667,-85.33333333333333,-75.75,kitchen
2017-04-10 19:31:46+00:00,-81.0,-88.0,-85.0,-84.5,-83.25,-87.0,-79.5,-47.8,-73.5,-73.0,-75.8,kitchen
2017-04-10 19:31:47+00:00,-71.75,-120.0,-93.0,-86.0,-93.0,-85.0,-86.33333333333333,-47.75,-73.66666666666667,-83.0,-81.25,kitchen
2017-04-10 19:31:48+00:00,-72.75,-120.0,-84.5,-120.0,-77.33333333333333,-94.0,-77.0,-54.75,-87.0,-83.66666666666667,-73.6,kitchen
2017-04-10 19:31:49+00:00,-68.4,-87.66666666666667,-93.66666666666667,-83.0,-87.33333333333333,-83.0,-87.0,-57.0,-75.66666666666667,-79.75,-76.5,kitchen
2017-04-10 19:31:50+00:00,-75.0,-91.0,-120.0,-120.0,-81.5,-81.0,-92.5,-44.4,-83.0,-89.33333333333333,-81.0,kitchen
2017-04-10 19:31:51+00:00,-65.6,-82.66666666666667,-87.0,-93.0,-83.0,-97.0,-95.0,-54.666666666666664,-75.2,-83.8,-72.75,kitchen
2017-04-10 19:31:52+00:00,-71.66666666666667,-88.0,-90.5,-82.0,-84.0,-88.33333333333333,-86.0,-51.75,-70.0,-86.0,-74.25,kitchen
2017-04-10 19:31:53+00:00,-66.0,-92.0,-90.0,-85.5,-86.25,-83.0,-94.33333333333333,-52.666666666666664,-80.0,-82.8,-79.0,kitchen
2017-04-10 19:31:54+00:00,-71.2,-86.0,-98.0,-120.0,-85.33333333333333,-83.33333333333333,-87.0,-60.5,-75.75,-89.25,-69.0,kitchen
2017-04-10 19:31:57+00:00,-68.25,-91.0,-89.0,-120.0,-80.66666666666667,-78.0,-88.5,-55.5,-67.0,-87.0,-79.66666666666667,kitchen
2017-04-10 19:31:58+00:00,-76.25,-120.0,-120.0,-120.0,-85.2,-86.66666666666667,-120.0,-55.0,-80.66666666666667,-94.0,-82.0,kitchen
2017-04-10 19:31:59+00:00,-69.0,-94.66666666666667,-120.0,-120.0,-81.0,-84.0,-79.0,-58.5,-72.5,-91.25,-78.8,kitchen
2017-04-10 19:32:00+00:00,-77.0,-96.0,-120.0,-120.0,-86.0,-88.75,-83.0,-55.0,-74.8,-82.5,-75.0,kitchen
2017-04-10 19:32:13+00:00,-70.66666666666667,-89.0,-88.0,-120.0,-88.2,-81.66666666666667,-83.25,-52.4,-75.0,-90.66666666666667,-80.75,kitchen
2017-04-10 19:32:14+00:00,-63.25,-93.66666666666667,-97.0,-120.0,-85.0,-89.0,-89.0,-47.0,-69.33333333333333,-83.8,-70.75,kitchen
2017-04-10 19:32:15+00:00,-67.5,-84.5,-87.5,-86.0,-84.0,-82.0,-87.4,-42.6,-79.0,-83.25,-81.0,kitchen
2017-04-10 19:32:24+00:00,-65.0,-90.0,-91.5,-120.0,-82.5,-88.0,-84.33333333333333,-49.25,-76.0,-80.0,-83.33333333333333,kitchen
2017-04-10 19:32:25+00:00,-68.2,-86.0,-120.0,-120.0,-94.33333333333333,-86.5,-85.0,-60.5,-70.25,-85.5,-81.5,kitchen
2017-04-10 19:32:31+00:00,-71.0,-94.0,-83.0,-120.0,-86.6,-85.0,-88.0,-56.8,-71.33333333333333,-89.33333333333333,-76.75,kitchen
2017-04-10 19:32:46+00:00,-67.75,-91.5,-120.0,-120.0,-88.33333333333333,-82.0,-92.25,-53.5,-77.0,-90.75,-77.4,kitchen
2017-04-10 19:32:47+00:00,-64.75,-87.25,-93.0,-120.0,-88.33333333333333,-71.66666666666667,-90.0,-53.75,-77.0,-87.33333333333333,-82.66666666666667,kitchen
2017-04-10 19:32:55+00:00,-65.75,-97.0,-120.0,-120.0,-85.5,-85.0,-89.5,-54.75,-75.0,-87.0,-75.25,kitchen
2017-04-10 19:32:56+00:00,-73.33333333333333,-89.33333333333333,-90.0,-120.0,-86.5,-84.0,-91.25,-61.25,-84.5,-88.75,-80.6,kitchen
2017-04-10 19:32:59+00:00,-65.66666666666667,-97.0,-94.0,-84.0,-86.0,-88.5,-91.33333333333333,-49.333333333333336,-84.66666666666667,-94.66666666666667,-69.6,kitchen
2017-04-10 19:33:00+00:00,-68.0,-91.0,-120.0,-120.0,-85.6,-89.25,-87.33333333333333,-49.8,-77.66666666666667,-86.33333333333333,-84.5,kitchen
2017-04-10 19:33:01+00:00,-63.0,-86.0,-89.0,-120.0,-74.5,-120.0,-94.0,-54.6,-76.33333333333333,-92.5,-79.0,kitchen
2017-04-10 19:33:02+00:00,-66.2,-85.6,-86.0,-99.0,-76.25,-76.5,-88.0,-65.33333333333333,-72.5,-82.5,-79.0,kitchen
2017-04-10 19:33:03+00:00,-68.33333333333333,-87.0,-98.5,-82.0,-82.75,-82.0,-88.5,-47.0,-81.0,-120.0,-79.0,kitchen
2017-04-10 19:33:29+00:00,-67.0,-85.5,-85.0,-86.0,-86.0,-77.0,-85.0,-49.6,-74.5,-86.5,-82.25,kitchen
2017-04-10 19:33:30+00:00,-67.5,-88.0,-120.0,-120.0,-83.0,-82.0,-90.5,-42.0,-67.0,-83.0,-81.0,kitchen
2017-04-10 19:33:31+00:00,-69.6,-92.5,-85.0,-120.0,-94.0,-82.75,-91.0,-54.75,-73.0,-84.33333333333333,-81.25,kitchen
2017-04-10 19:33:33+00:00,-67.0,-120.0,-120.0,-120.0,-84.0,-83.2,-90.5,-54.0,-73.4,-120.0,-76.75,kitchen
2017-04-10 19:33:34+00:00,-69.75,-90.0,-120.0,-120.0,-87.2,-85.5,-96.0,-57.6,-75.0,-120.0,-77.8,kitchen
2017-04-10 19:33:35+00:00,-65.66666666666667,-88.0,-120.0,-120.0,-81.0,-84.0,-87.0,-54.0,-68.5,-88.0,-82.5,kitchen
2017-04-10 19:33:36+00:00,-80.5,-88.0,-120.0,-120.0,-91.0,-84.5,-78.0,-57.75,-81.0,-91.5,-78.25,kitchen
2017-04-10 19:33:37+00:00,-72.5,-120.0,-120.0,-120.0,-79.6,-80.0,-92.5,-57.0,-70.66666666666667,-90.5,-71.25,kitchen
2017-04-10 19:33:38+00:00,-79.75,-93.5,-120.0,-120.0,-84.66666666666667,-82.0,-84.33333333333333,-55.6,-64.0,-98.0,-74.0,kitchen
2017-04-10 19:33:39+00:00,-78.66666666666667,-86.0,-94.0,-120.0,-78.0,-83.25,-85.33333333333333,-59.75,-82.0,-92.0,-71.0,kitchen
2017-04-10 19:33:40+00:00,-78.33333333333333,-91.0,-89.0,-120.0,-84.2,-82.25,-88.0,-58.6,-72.8,-120.0,-77.33333333333333,kitchen
2017-04-10 19:33:41+00:00,-83.5,-87.66666666666667,-120.0,-120.0,-87.0,-85.5,-81.0,-53.6,-63.0,-120.0,-82.6,kitchen
2017-04-10 19:33:42+00:00,-66.8,-88.0,-90.0,-120.0,-91.66666666666667,-88.0,-89.66666666666667,-62.0,-67.75,-90.0,-80.25,kitchen
2017-04-10 19:33:48+00:00,-78.5,-85.0,-120.0,-120.0,-89.66666666666667,-84.75,-100.0,-58.0,-69.5,-96.33333333333333,-75.4,kitchen
2017-04-10 19:33:49+00:00,-76.25,-93.66666666666667,-120.0,-120.0,-85.5,-83.0,-79.0,-58.25,-82.5,-120.0,-80.0,kitchen
2017-04-10 19:33:50+00:00,-66.0,-87.0,-84.0,-120.0,-84.33333333333333,-82.5,-79.0,-63.25,-77.75,-81.0,-76.0,kitchen
2017-04-10 19:33:51+00:00,-59.333333333333336,-95.66666666666667,-94.0,-120.0,-102.0,-78.66666666666667,-92.5,-52.0,-63.75,-96.0,-73.0,kitchen
2017-04-10 19:33:54+00:00,-77.33333333333333,-94.0,-120.0,-120.0,-75.66666666666667,-91.75,-89.5,-54.8,-79.2,-81.0,-75.2,kitchen
2017-04-10 19:33:55+00:00,-72.4,-91.33333333333333,-80.0,-92.5,-83.0,-84.0,-88.66666666666667,-55.0,-76.33333333333333,-88.33333333333333,-71.5,kitchen
2017-04-10 19:33:56+00:00,-78.66666666666667,-93.25,-120.0,-91.5,-85.5,-81.33333333333333,-85.0,-53.5,-74.0,-90.4,-67.5,kitchen
2017-04-10 19:33:57+00:00,-67.5,-88.66666666666667,-120.0,-90.5,-83.8,-84.33333333333333,-120.0,-50.4,-77.75,-85.66666666666667,-73.5,kitchen
2017-04-10 19:33:58+00:00,-75.0,-89.8,-120.0,-86.5,-79.75,-79.6,-90.0,-51.8,-77.0,-82.5,-69.6,kitchen
2017-04-10 19:33:59+00:00,-76.5,-89.25,-84.0,-90.0,-80.6,-82.25,-120.0,-52.8,-74.0,-85.33333333333333,-75.2,kitchen
2017-04-10 19:34:03+00:00,-69.0,-89.75,-120.0,-92.33333333333333,-77.5,-76.0,-85.33333333333333,-58.6,-79.0,-90.33333333333333,-85.66666666666667,kitchen
2017-04-10 19:34:04+00:00,-68.75,-91.0,-92.0,-120.0,-82.0,-86.0,-120.0,-49.333333333333336,-72.0,-91.0,-75.5,kitchen
2017-04-10 19:34:05+00:00,-62.5,-87.5,-120.0,-91.0,-72.5,-80.0,-96.0,-53.0,-73.66666666666667,-81.0,-82.0,kitchen
2017-04-10 19:34:08+00:00,-67.75,-86.33333333333333,-120.0,-120.0,-91.0,-81.75,-90.0,-58.75,-78.0,-91.5,-76.4,kitchen
2017-04-10 19:34:09+00:00,-74.0,-90.0,-120.0,-92.0,-85.0,-82.6,-101.0,-46.0,-72.66666666666667,-79.33333333333333,-79.5,kitchen
2017-04-10 19:34:10+00:00,-60.0,-87.66666666666667,-95.0,-120.0,-76.75,-81.25,-120.0,-52.0,-76.0,-87.0,-74.75,kitchen
2017-04-10 19:34:18+00:00,-66.6,-83.0,-84.5,-86.0,-74.0,-82.66666666666667,-81.25,-54.0,-75.4,-85.0,-74.5,kitchen
2017-04-10 19:34:21+00:00,-79.0,-85.33333333333333,-76.0,-81.33333333333333,-76.25,-85.33333333333333,-82.0,-67.25,-77.66666666666667,-80.0,-87.66666666666667,kitchen
2017-04-10 19:34:22+00:00,-78.5,-85.0,-83.0,-82.5,-69.25,-70.0,-79.8,-55.5,-64.25,-81.0,-69.4,kitchen
2017-04-10 19:34:23+00:00,-74.0,-74.33333333333333,-93.0,-96.0,-72.5,-76.4,-88.8,-52.4,-64.25,-90.5,-73.0,kitchen
2017-04-10 19:34:24+00:00,-71.75,-92.0,-87.0,-83.5,-72.5,-65.5,-87.5,-59.25,-59.5,-78.4,-79.6,kitchen
2017-04-10 19:34:25+00:00,-70.5,-92.5,-88.5,-83.0,-82.0,-69.2,-79.5,-63.4,-71.25,-88.0,-81.0,kitchen
2017-04-10 19:34:26+00:00,-78.25,-88.4,-85.33333333333333,-88.75,-73.0,-68.5,-80.33333333333333,-54.333333333333336,-76.75,-85.2,-79.5,kitchen
2017-04-10 19:34:27+00:00,-77.0,-88.0,-86.75,-90.0,-79.33333333333333,-76.33333333333333,-79.0,-44.0,-71.0,-90.0,-76.75,kitchen
2017-04-10 19:34:28+00:00,-60.0,-85.5,-88.33333333333333,-85.0,-85.33333333333333,-83.0,-90.0,-51.75,-77.0,-86.33333333333333,-83.33333333333333,kitchen
2017-04-10 19:34:29+00:00,-74.5,-88.0,-86.33333333333333,-82.0,-83.25,-87.0,-92.0,-49.0,-79.0,-83.0,-87.75,kitchen
2017-04-10 19:34:30+00:00,-73.33333333333333,-92.25,-87.66666666666667,-93.0,-72.0,-81.0,-87.66666666666667,-50.0,-62.0,-85.66666666666667,-75.75,living_area_A
2017-04-10 19:34:31+00:00,-66.0,-120.0,-84.2,-81.4,-89.66666666666667,-81.75,-88.5,-51.25,-65.33333333333333,-76.33333333333333,-76.4,living_area_A
2017-04-10 19:34:32+00:00,-67.0,-84.75,-84.5,-90.2,-90.25,-79.2,-88.66666666666667,-52.2,-69.5,-82.0,-78.66666666666667,living_area_A
2017-04-10 19:34:33+00:00,-66.66666666666667,-89.33333333333333,-86.66666666666667,-84.25,-82.25,-78.0,-91.0,-54.8,-74.6,-90.0,-76.25,living_area_A
2017-04-10 19:34:34+00:00,-58.0,-94.0,-80.6,-87.0,-87.6,-85.5,-96.0,-54.75,-66.0,-73.0,-76.0,living_area_A
2017-04-10 19:34:35+00:00,-68.75,-87.33333333333333,-81.5,-92.0,-82.66666666666667,-81.25,-81.0,-49.25,-73.33333333333333,-87.33333333333333,-78.0,living_area_A
2017-04-10 19:34:36+00:00,-62.666666666666664,-85.33333333333333,-87.5,-81.0,-77.75,-83.25,-92.5,-45.25,-65.0,-85.0,-80.33333333333333,living_area_A
2017-04-10 19:34:37+00:00,-63.0,-120.0,-81.0,-89.66666666666667,-78.4,-82.66666666666667,-77.33333333333333,-51.2,-66.75,-85.0,-71.8,living_area_A
2017-04-10 19:34:38+00:00,-60.2,-88.0,-79.66666666666667,-73.66666666666667,-81.0,-75.0,-81.0,-51.0,-79.75,-83.4,-79.25,living_area_A
2017-04-10 19:34:39+00:00,-72.0,-82.5,-86.0,-82.0,-84.0,-77.25,-82.2,-57.8,-58.5,-83.33333333333333,-78.5,living_area_A
2017-04-10 19:34:46+00:00,-81.0,-84.5,-92.33333333333333,-83.66666666666667,-68.5,-75.5,-78.0,-61.0,-62.75,-83.25,-78.75,living_area_A
2017-04-10 19:34:47+00:00,-64.66666666666667,-82.5,-79.4,-82.5,-60.6,-75.2,-86.0,-58.2,-69.4,-81.8,-73.4,kitchen
2017-04-10 19:34:48+00:00,-78.0,-80.0,-80.8,-77.25,-66.33333333333333,-72.2,-68.25,-62.0,-56.0,-77.8,-76.75,kitchen
2017-04-10 19:34:55+00:00,-77.75,-75.66666666666667,-82.0,-82.66666666666667,-75.33333333333333,-74.4,-90.0,-62.0,-74.0,-83.25,-79.0,living_area_A
2017-04-10 19:34:56+00:00,-81.0,-81.33333333333333,-79.0,-77.0,-83.0,-75.4,-76.25,-63.2,-67.25,-76.0,-79.5,living_area_A
2017-04-10 19:34:59+00:00,-83.5,-83.0,-76.33333333333333,-87.0,-71.4,-72.5,-78.5,-62.0,-66.0,-76.5,-76.4,living_area_A
2017-04-10 19:35:00+00:00,-74.66666666666667,-86.5,-89.0,-80.33333333333333,-88.66666666666667,-77.66666666666667,-82.0,-63.0,-60.0,-77.75,-69.0,living_area_A
2017-04-10 19:35:01+00:00,-76.66666666666667,-88.25,-84.75,-78.33333333333333,-83.0,-74.0,-78.0,-50.333333333333336,-80.5,-82.8,-71.8,living_area_A
2017-04-10 19:35:03+00:00,-72.2,-83.0,-86.75,-79.33333333333333,-82.0,-77.4,-75.0,-50.0,-79.5,-88.0,-82.4,kitchen
2017-04-10 19:35:04+00:00,-72.5,-83.0,-96.0,-85.0,-86.33333333333333,-74.2,-89.5,-54.6,-70.0,-82.66666666666667,-80.66666666666667,kitchen
2017-04-10 19:35:05+00:00,-79.5,-84.2,-90.8,-79.25,-82.75,-74.75,-86.75,-46.0,-76.0,-85.2,-80.0,kitchen
2017-04-10 19:35:06+00:00,-69.5,-81.0,-92.66666666666667,-88.0,-83.66666666666667,-74.5,-90.5,-43.75,-75.5,-77.66666666666667,-85.33333333333333,kitchen
2017-04-10 19:35:07+00:00,-71.0,-93.0,-86.0,-88.0,-81.8,-78.0,-85.5,-45.5,-72.0,-86.66666666666667,-76.8,kitchen
2017-04-10 19:35:08+00:00,-73.33333333333333,-87.0,-89.5,-83.0,-85.33333333333333,-85.0,-85.5,-57.6,-73.33333333333333,-85.0,-80.66666666666667,kitchen
2017-04-10 19:35:10+00:00,-68.0,-120.0,-92.0,-120.0,-79.5,-79.5,-91.5,-60.4,-70.5,-89.66666666666667,-80.2,kitchen
2017-04-10 19:35:11+00:00,-70.0,-88.33333333333333,-98.33333333333333,-120.0,-84.4,-81.75,-90.0,-51.75,-74.0,-84.0,-72.5,kitchen
2017-04-10 19:35:12+00:00,-58.75,-87.8,-86.5,-84.0,-79.25,-84.25,-84.75,-39.8,-83.0,-95.33333333333333,-67.0,kitchen
2017-04-10 19:35:13+00:00,-73.5,-88.5,-93.0,-92.5,-84.0,-75.66666666666667,-87.66666666666667,-35.333333333333336,-74.25,-81.0,-67.33333333333333,kitchen
2017-04-10 19:35:14+00:00,-73.0,-89.66666666666667,-82.0,-88.0,-83.5,-80.33333333333333,-76.0,-44.5,-70.0,-83.2,-77.75,kitchen
2017-04-10 19:35:17+00:00,-72.5,-89.0,-82.0,-84.0,-73.0,-73.6,-86.66666666666667,-48.0,-77.75,-76.0,-79.0,kitchen
2017-04-10 19:35:18+00:00,-67.0,-79.0,-83.0,-83.66666666666667,-74.6,-72.4,-84.0,-62.8,-64.66666666666667,-85.25,-81.6,kitchen
2017-04-10 19:35:19+00:00,-75.0,-92.75,-103.0,-88.0,-74.5,-79.0,-96.0,-55.6,-68.25,-83.0,-79.4,kitchen
2017-04-10 19:35:20+00:00,-70.6,-91.0,-90.0,-86.0,-84.5,-83.0,-91.0,-63.5,-73.5,-84.6,-81.0,kitchen
2017-04-10 19:35:21+00:00,-72.0,-92.0,-90.0,-91.0,-77.75,-81.8,-87.0,-64.25,-74.33333333333333,-90.0,-78.33333333333333,kitchen
2017-04-10 19:35:22+00:00,-67.0,-120.0,-98.0,-120.0,-78.6,-93.5,-88.33333333333333,-59.0,-69.33333333333333,-90.5,-76.8,kitchen
2017-04-10 19:35:24+00:00,-67.0,-87.0,-90.5,-95.5,-79.0,-77.0,-83.0,-67.33333333333333,-63.25,-89.5,-73.33333333333333,kitchen
2017-04-10 19:35:25+00:00,-64.5,-94.6,-95.0,-98.0,-78.75,-72.0,-88.4,-56.5,-61.4,-85.2,-72.66666666666667,kitchen
2017-04-10 19:35:26+00:00,-64.0,-96.0,-90.25,-82.0,-75.0,-86.33333333333333,-84.0,-58.0,-72.0,-90.5,-77.8,kitchen
2017-04-10 19:35:27+00:00,-63.666666666666664,-92.0,-120.0,-87.0,-72.25,-75.5,-89.5,-50.333333333333336,-63.0,-85.75,-77.75,kitchen
2017-04-10 19:35:28+00:00,-71.75,-82.5,-120.0,-78.33333333333333,-78.33333333333333,-71.0,-81.6,-47.0,-68.2,-81.2,-81.0,kitchen
2017-04-10 19:35:29+00:00,-71.2,-80.66666666666667,-84.5,-85.75,-76.0,-71.25,-75.75,-59.75,-64.2,-75.0,-81.66666666666667,kitchen
2017-04-10 19:35:30+00:00,-71.8,-86.0,-89.75,-86.66666666666667,-71.0,-75.0,-81.25,-59.5,-68.75,-76.25,-78.0,kitchen
2017-04-10 19:35:31+00:00,-76.66666666666667,-93.0,-88.0,-77.66666666666667,-76.0,-76.0,-84.0,-59.75,-69.0,-81.66666666666667,-82.0,kitchen
2017-04-10 19:35:34+00:00,-72.0,-83.0,-91.66666666666667,-82.0,-85.0,-76.8,-86.0,-56.333333333333336,-76.66666666666667,-89.33333333333333,-69.8,kitchen
2017-04-10 19:35:35+00:00,-65.5,-90.5,-120.0,-90.0,-91.0,-76.0,-84.33333333333333,-49.8,-74.5,-83.33333333333333,-77.0,kitchen
2017-04-10 19:35:36+00:00,-59.666666666666664,-88.0,-86.0,-83.0,-85.0,-76.0,-96.5,-53.0,-70.0,-84.33333333333333,-72.75,kitchen
2017-04-10 19:35:37+00:00,-63.5,-94.5,-120.0,-120.0,-87.25,-76.0,-94.0,-58.0,-78.25,-88.6,-80.4,kitchen
2017-04-10 19:35:38+00:00,-72.25,-92.0,-82.66666666666667,-90.0,-89.6,-84.0,-86.0,-54.8,-72.33333333333333,-89.5,-75.5,kitchen
2017-04-10 19:35:39+00:00,-70.0,-99.0,-80.0,-120.0,-83.75,-86.33333333333333,-86.25,-50.0,-75.66666666666667,-96.66666666666667,-71.8,kitchen
2017-04-10 19:35:40+00:00,-82.0,-120.0,-85.0,-120.0,-99.0,-82.0,-82.0,-54.0,-82.0,-120.0,-62.0,kitchen
2017-04-10 19:35:41+00:00,-66.0,-83.0,-93.5,-120.0,-92.25,-86.0,-80.5,-55.25,-73.5,-81.0,-69.5,kitchen
2017-04-10 19:35:42+00:00,-64.75,-120.0,-120.0,-120.0,-95.0,-89.5,-86.33333333333333,-52.6,-77.66666666666667,-87.2,-77.75,kitchen
2017-04-10 19:35:43+00:00,-62.0,-86.0,-85.0,-120.0,-84.0,-85.66666666666667,-83.33333333333333,-61.0,-70.33333333333333,-85.25,-77.33333333333333,kitchen
2017-04-10 19:35:44+00:00,-62.25,-92.0,-120.0,-120.0,-83.25,-91.66666666666667,-80.0,-63.8,-71.33333333333333,-91.5,-67.6,kitchen
2017-04-10 19:35:45+00:00,-66.0,-95.33333333333333,-89.0,-120.0,-84.2,-94.0,-90.5,-57.0,-73.0,-88.75,-67.4,kitchen
2017-04-10 19:35:46+00:00,-66.33333333333333,-85.0,-85.5,-120.0,-80.33333333333333,-81.5,-86.66666666666667,-58.0,-70.4,-87.0,-67.8,kitchen
2017-04-10 19:35:47+00:00,-66.0,-84.0,-120.0,-120.0,-86.2,-91.0,-96.66666666666667,-59.666666666666664,-74.33333333333333,-81.8,-75.4,kitchen
2017-04-10 19:35:48+00:00,-64.25,-95.66666666666667,-88.0,-120.0,-82.0,-79.0,-88.0,-57.25,-71.0,-90.66666666666667,-66.25,kitchen
2017-04-10 19:35:49+00:00,-65.0,-84.33333333333333,-120.0,-99.0,-80.25,-88.33333333333333,-85.0,-47.5,-77.5,-84.75,-71.66666666666667,kitchen
2017-04-10 19:35:50+00:00,-65.6,-87.0,-91.0,-97.0,-82.0,-82.25,-77.66666666666667,-40.0,-57.0,-84.8,-73.4,kitchen
2017-04-10 19:35:51+00:00,-61.0,-88.0,-92.0,-85.0,-82.25,-87.5,-90.33333333333333,-54.8,-75.5,-84.5,-84.5,kitchen
2017-04-10 19:35:52+00:00,-72.5,-89.0,-89.0,-89.5,-70.4,-81.25,-72.0,-56.2,-70.0,-84.25,-76.5,kitchen
2017-04-10 19:36:12+00:00,-62.0,-87.0,-80.0,-86.0,-76.2,-77.0,-84.0,-67.0,-72.5,-85.25,-73.75,kitchen
2017-04-10 19:36:13+00:00,-73.5,-91.66666666666667,-92.0,-89.5,-71.0,-77.0,-95.0,-61.25,-60.0,-85.25,-83.2,kitchen
2017-04-10 19:36:14+00:00,-62.25,-93.0,-95.0,-98.0,-71.33333333333333,-69.5,-84.0,-56.666666666666664,-81.0,-88.33333333333333,-76.66666666666667,kitchen
2017-04-10 19:36:15+00:00,-67.25,-82.0,-87.5,-120.0,-74.75,-83.0,-86.33333333333333,-56.0,-74.5,-83.0,-84.0,kitchen
2017-04-10 19:36:16+00:00,-71.0,-84.5,-89.5,-120.0,-77.5,-120.0,-90.0,-57.2,-81.5,-82.0,-82.75,kitchen
2017-04-10 19:36:17+00:00,-66.25,-85.66666666666667,-88.5,-93.0,-83.5,-120.0,-76.5,-65.0,-81.0,-80.0,-90.5,kitchen
2017-04-10 19:36:18+00:00,-87.33333333333333,-87.5,-83.0,-83.33333333333333,-81.6,-120.0,-91.0,-66.2,-78.66666666666667,-78.5,-83.0,kitchen
2017-04-10 19:36:19+00:00,-72.5,-89.2,-120.0,-88.0,-83.33333333333333,-85.0,-93.0,-57.0,-75.25,-82.66666666666667,-86.0,kitchen
2017-04-10 19:36:20+00:00,-65.0,-94.5,-120.0,-92.0,-86.25,-87.0,-88.0,-58.333333333333336,-80.5,-87.66666666666667,-91.5,kitchen
2017-04-10 19:36:21+00:00,-62.0,-81.0,-120.0,-95.0,-87.25,-81.66666666666667,-97.0,-57.5,-74.0,-81.0,-80.8,kitchen
2017-04-10 19:36:22+00:00,-66.0,-91.0,-88.5,-85.4,-75.0,-80.5,-89.25,-63.4,-71.66666666666667,-76.5,-82.33333333333333,kitchen
2017-04-10 19:36:23+00:00,-77.33333333333333,-87.0,-83.0,-91.0,-80.8,-82.75,-81.0,-61.75,-64.5,-83.0,-77.33333333333333,kitchen
2017-04-10 19:36:24+00:00,-65.25,-90.0,-73.0,-81.0,-79.0,-81.33333333333333,-80.33333333333333,-55.333333333333336,-69.33333333333333,-86.5,-83.33333333333333,kitchen
2017-04-10 19:36:25+00:00,-60.0,-84.5,-120.0,-120.0,-81.25,-86.66666666666667,-89.33333333333333,-59.6,-69.66666666666667,-89.0,-84.2,kitchen
2017-04-10 19:36:26+00:00,-67.33333333333333,-86.5,-87.0,-87.0,-87.0,-83.66666666666667,-79.0,-40.666666666666664,-78.66666666666667,-87.0,-75.0,kitchen
2017-04-10 19:36:27+00:00,-61.666666666666664,-91.0,-120.0,-120.0,-95.0,-80.75,-91.25,-54.0,-66.5,-83.0,-76.2,kitchen
2017-04-10 19:36:28+00:00,-62.5,-85.25,-87.0,-92.0,-89.0,-82.25,-89.0,-52.666666666666664,-67.0,-86.0,-67.2,kitchen
2017-04-10 19:36:29+00:00,-68.25,-84.4,-85.5,-88.0,-72.4,-72.0,-85.33333333333333,-52.8,-68.0,-84.33333333333333,-69.6,kitchen
2017-04-10 19:36:30+00:00,-73.33333333333333,-89.0,-87.0,-83.0,-78.75,-69.0,-85.5,-56.2,-81.0,-84.0,-80.0,kitchen
2017-04-10 19:36:31+00:00,-78.0,-120.0,-87.5,-87.0,-75.5,-75.5,-78.5,-60.4,-65.33333333333333,-86.75,-78.8,kitchen
2017-04-10 19:36:32+00:00,-70.0,-89.33333333333333,-87.0,-83.0,-83.66666666666667,-76.5,-85.0,-57.0,-66.33333333333333,-74.6,-78.66666666666667,kitchen
2017-04-10 19:36:33+00:00,-75.25,-84.75,-87.25,-82.33333333333333,-80.5,-80.0,-84.66666666666667,-61.25,-84.5,-83.6,-79.66666666666667,kitchen
2017-04-10 19:36:34+00:00,-73.0,-83.25,-99.0,-80.5,-82.75,-81.2,-85.66666666666667,-57.25,-78.5,-76.0,-76.33333333333333,kitchen
2017-04-10 19:36:35+00:00,-71.33333333333333,-86.33333333333333,-94.5,-87.25,-82.66666666666667,-78.66666666666667,-83.33333333333333,-55.6,-70.0,-82.75,-83.75,kitchen
2017-04-10 19:36:36+00:00,-75.2,-84.0,-85.5,-81.5,-83.0,-78.66666666666667,-94.0,-56.0,-70.0,-84.75,-81.25,kitchen
2017-04-10 19:36:37+00:00,-70.5,-83.5,-92.33333333333333,-84.5,-72.66666666666667,-71.0,-85.0,-55.2,-68.5,-79.0,-81.25,kitchen
2017-04-10 19:36:38+00:00,-65.33333333333333,-78.33333333333333,-76.0,-81.0,-70.75,-74.5,-76.0,-60.5,-60.6,-86.2,-81.5,living_area_A
2017-04-10 19:36:39+00:00,-70.0,-85.5,-81.0,-83.0,-65.25,-69.0,-77.0,-57.6,-69.0,-86.0,-72.66666666666667,living_area_A
2017-04-10 19:36:40+00:00,-77.33333333333333,-83.4,-79.0,-78.0,-67.2,-56.0,-71.4,-58.75,-66.0,-79.6,-85.4,living_area_A
2017-04-10 19:36:46+00:00,-72.0,-82.0,-100.0,-97.0,-81.75,-86.5,-90.66666666666667,-57.6,-80.5,-90.75,-75.6,kitchen
2017-04-10 19:36:47+00:00,-61.25,-120.0,-120.0,-120.0,-79.75,-91.5,-90.0,-49.333333333333336,-76.33333333333333,-88.5,-81.25,kitchen
2017-04-10 19:36:50+00:00,-67.33333333333333,-82.66666666666667,-81.5,-93.0,-68.75,-81.25,-90.33333333333333,-54.0,-82.0,-89.5,-83.75,kitchen
2017-04-10 19:36:51+00:00,-74.5,-83.75,-85.5,-92.66666666666667,-81.2,-70.5,-85.0,-64.75,-72.25,-78.5,-82.5,kitchen
2017-04-10 19:36:52+00:00,-64.2,-84.75,-85.33333333333333,-91.66666666666667,-76.75,-74.5,-87.25,-58.6,-73.33333333333333,-86.25,-79.75,kitchen
2017-04-10 19:36:53+00:00,-72.25,-90.5,-98.0,-91.5,-81.75,-80.0,-89.0,-49.0,-69.8,-84.66666666666667,-73.5,kitchen
2017-04-10 19:36:54+00:00,-70.0,-80.0,-86.5,-80.0,-77.5,-81.25,-84.66666666666667,-56.2,-73.0,-82.0,-73.25,kitchen
2017-04-10 19:36:55+00:00,-69.66666666666667,-89.66666666666667,-96.5,-82.25,-85.2,-80.6,-84.5,-50.0,-71.25,-81.75,-76.0,kitchen
2017-04-10 19:36:56+00:00,-74.0,-83.8,-98.0,-120.0,-81.5,-79.6,-93.0,-51.0,-68.0,-86.75,-82.5,kitchen
2017-04-10 19:36:57+00:00,-76.66666666666667,-83.33333333333333,-90.5,-80.0,-82.66666666666667,-84.8,-74.0,-44.4,-79.0,-120.0,-83.0,kitchen
2017-04-10 19:36:58+00:00,-73.33333333333333,-85.0,-120.0,-82.0,-78.0,-78.33333333333333,-95.0,-49.5,-67.25,-86.5,-78.25,kitchen
2017-04-10 19:36:59+00:00,-69.0,-84.0,-93.33333333333333,-82.0,-77.0,-85.2,-88.66666666666667,-46.0,-63.333333333333336,-88.66666666666667,-83.0,kitchen
2017-04-10 19:37:00+00:00,-79.5,-84.66666666666667,-88.75,-94.0,-76.66666666666667,-81.2,-77.0,-45.25,-76.0,-86.0,-84.0,kitchen
2017-04-10 19:37:01+00:00,-77.0,-83.33333333333333,-84.5,-95.0,-70.2,-73.0,-88.0,-49.4,-70.2,-80.25,-77.5,kitchen
2017-04-10 19:37:02+00:00,-70.0,-87.5,-91.66666666666667,-83.0,-73.5,-75.0,-85.0,-51.0,-68.66666666666667,-84.0,-78.66666666666667,kitchen
2017-04-10 19:37:03+00:00,-79.0,-82.33333333333333,-89.4,-92.5,-76.6,-77.5,-86.0,-48.6,-69.33333333333333,-82.0,-87.75,kitchen
2017-04-10 19:37:04+00:00,-82.5,-91.66666666666667,-82.0,-84.0,-78.0,-78.25,-93.5,-51.5,-69.5,-85.0,-76.66666666666667,kitchen
2017-04-10 19:37:05+00:00,-76.5,-83.0,-84.5,-88.33333333333333,-73.0,-78.6,-83.25,-49.6,-73.0,-79.75,-83.0,kitchen
2017-04-10 19:37:06+00:00,-76.0,-85.2,-83.0,-120.0,-77.25,-77.66666666666667,-93.0,-47.6,-71.5,-84.75,-83.8,kitchen
2017-04-10 19:37:07+00:00,-84.5,-83.6,-93.0,-96.66666666666667,-75.0,-79.2,-89.66666666666667,-44.5,-67.0,-86.25,-82.0,kitchen
2017-04-10 19:37:08+00:00,-75.33333333333333,-81.66666666666667,-88.5,-85.0,-83.0,-80.75,-92.33333333333333,-49.2,-74.0,-80.0,-84.33333333333333,kitchen
2017-04-10 19:37:09+00:00,-80.33333333333333,-93.0,-80.0,-98.0,-76.75,-83.2,-91.25,-49.2,-75.5,-80.25,-74.0,kitchen
2017-04-10 19:37:10+00:00,-74.66666666666667,-87.0,-92.66666666666667,-87.66666666666667,-83.33333333333333,-78.33333333333333,-88.5,-45.25,-86.0,-85.0,-90.5,kitchen
2017-04-10 19:37:11+00:00,-65.6,-88.0,-83.5,-82.0,-74.66666666666667,-80.6,-90.0,-46.0,-68.0,-86.66666666666667,-79.2,kitchen
2017-04-10 19:37:12+00:00,-67.0,-87.0,-120.0,-87.0,-76.0,-85.25,-80.66666666666667,-55.75,-75.5,-83.5,-77.25,kitchen
2017-04-10 19:37:13+00:00,-66.0,-89.33333333333333,-89.5,-89.66666666666667,-89.66666666666667,-81.75,-82.66666666666667,-56.0,-77.25,-78.75,-85.25,kitchen
2017-04-10 19:37:14+00:00,-72.0,-86.33333333333333,-85.0,-95.0,-76.25,-83.0,-98.0,-56.5,-84.0,-86.0,-75.75,kitchen
2017-04-10 19:37:16+00:00,-73.0,-85.0,-83.4,-87.33333333333333,-76.8,-67.6,-73.0,-52.333333333333336,-78.0,-87.5,-78.0,living_area_A
2017-04-10 19:37:17+00:00,-76.33333333333333,-84.0,-81.0,-84.25,-78.75,-74.66666666666667,-82.5,-46.5,-68.5,-79.0,-74.5,living_area_A
2017-04-10 19:37:18+00:00,-77.33333333333333,-83.5,-80.25,-82.0,-72.0,-76.6,-77.75,-56.2,-58.6,-82.25,-69.0,living_area_A
2017-04-10 19:37:19+00:00,-70.66666666666667,-85.0,-81.5,-85.0,-81.25,-76.4,-78.8,-48.2,-59.333333333333336,-88.5,-75.66666666666667,living_area_A
2017-04-10 19:37:20+00:00,-74.5,-85.6,-74.0,-80.0,-85.33333333333333,-77.5,-65.0,-62.4,-58.333333333333336,-81.2,-58.75,living_area_A
2017-04-10 19:37:21+00:00,-81.66666666666667,-80.0,-68.4,-86.33333333333333,-79.66666666666667,-68.6,-68.6,-81.0,-68.2,-77.33333333333333,-51.75,living_area_A
2017-04-10 19:37:22+00:00,-88.66666666666667,-69.0,-78.0,-81.0,-78.2,-71.5,-67.0,-77.25,-55.666666666666664,-71.6,-65.0,living_area_A
2017-04-10 19:37:23+00:00,-89.0,-75.75,-71.5,-79.0,-62.25,-72.33333333333333,-65.0,-81.0,-56.75,-79.5,-65.0,living_area_A
2017-04-10 19:37:24+00:00,-87.5,-76.0,-72.5,-77.75,-64.0,-70.8,-65.0,-80.66666666666667,-49.0,-74.6,-67.66666666666667,living_area_A
2017-04-10 19:37:25+00:00,-120.0,-72.5,-63.666666666666664,-76.66666666666667,-74.33333333333333,-60.2,-66.75,-80.5,-60.5,-82.33333333333333,-71.0,living_area_B
2017-04-10 19:37:26+00:00,-91.0,-75.33333333333333,-66.2,-77.33333333333333,-74.0,-65.6,-82.75,-76.2,-66.2,-90.0,-67.0,living_area_B
2017-04-10 19:37:27+00:00,-86.0,-71.33333333333333,-68.75,-84.75,-78.33333333333333,-67.25,-82.8,-83.4,-69.5,-86.0,-64.0,living_area_B
2017-04-10 19:37:28+00:00,-76.0,-79.5,-63.0,-89.66666666666667,-70.33333333333333,-69.0,-62.333333333333336,-74.2,-61.333333333333336,-81.66666666666667,-70.33333333333333,living_area_B
2017-04-10 19:37:29+00:00,-81.0,-67.0,-73.5,-77.0,-76.75,-62.0,-73.0,-82.75,-69.0,-88.0,-64.5,living_area_A
2017-04-10 19:37:30+00:00,-75.0,-67.75,-82.75,-81.2,-71.5,-62.666666666666664,-77.5,-72.66666666666667,-81.25,-81.0,-64.8,living_area_A
2017-04-10 19:37:31+00:00,-75.33333333333333,-67.2,-85.75,-82.2,-77.4,-72.0,-85.33333333333333,-75.0,-70.0,-69.6,-70.33333333333333,living_area_A
2017-04-10 19:37:32+00:00,-74.0,-65.25,-80.25,-83.66666666666667,-78.25,-69.33333333333333,-80.4,-73.33333333333333,-69.5,-76.0,-69.75,living_area_A
2017-04-10 19:37:33+00:00,-70.5,-77.2,-83.25,-82.5,-76.4,-74.8,-79.0,-76.0,-62.666666666666664,-75.25,-68.4,living_area_A
2017-04-10 19:37:34+00:00,-72.0,-99.0,-82.25,-90.5,-85.0,-80.6,-77.33333333333333,-70.8,-58.0,-78.0,-71.0,living_area_A
2017-04-10 19:37:35+00:00,-66.25,-88.0,-89.0,-120.0,-75.2,-79.0,-79.0,-58.6,-72.6,-85.5,-80.5,living_area_A
2017-04-10 19:37:36+00:00,-66.8,-80.0,-84.0,-84.0,-78.0,-84.6,-83.4,-62.5,-64.8,-89.66666666666667,-80.33333333333333,living_area_A
2017-04-10 19:37:37+00:00,-66.4,-91.66666666666667,-88.0,-90.0,-89.2,-83.4,-80.5,-60.8,-59.0,-85.25,-76.0,kitchen
2017-04-10 19:37:38+00:00,-67.0,-85.8,-79.0,-86.5,-80.0,-77.33333333333333,-87.0,-54.0,-56.0,-88.6,-71.75,kitchen
2017-04-10 19:37:39+00:00,-59.0,-85.5,-86.0,-93.66666666666667,-77.4,-74.4,-120.0,-64.5,-70.25,-84.0,-84.25,kitchen
2017-04-10 19:37:40+00:00,-69.5,-83.0,-86.66666666666667,-120.0,-78.33333333333333,-78.33333333333333,-77.66666666666667,-56.8,-76.33333333333333,-86.0,-77.0,kitchen
2017-04-10 19:37:41+00:00,-69.0,-87.66666666666667,-89.0,-98.0,-78.25,-81.75,-83.25,-57.75,-64.0,-78.25,-79.66666666666667,kitchen
2017-04-10 19:37:42+00:00,-64.5,-82.4,-93.0,-89.33333333333333,-82.4,-82.2,-88.75,-54.4,-68.33333333333333,-83.25,-78.4,kitchen
2017-04-10 19:37:43+00:00,-64.75,-86.4,-93.0,-86.0,-76.6,-81.66666666666667,-83.0,-55.0,-63.666666666666664,-81.8,-81.0,kitchen
2017-04-10 19:37:44+00:00,-57.5,-87.5,-84.5,-83.0,-73.8,-84.0,-77.0,-57.75,-76.0,-85.5,-74.75,kitchen
2017-04-10 19:37:45+00:00,-63.666666666666664,-94.66666666666667,-82.0,-120.0,-81.2,-80.5,-90.75,-54.5,-70.0,-89.5,-81.6,kitchen
2017-04-10 19:37:46+00:00,-62.5,-86.0,-120.0,-120.0,-79.66666666666667,-83.0,-86.0,-58.333333333333336,-76.0,-84.66666666666667,-74.75,kitchen
2017-04-10 19:37:47+00:00,-60.75,-86.0,-83.0,-120.0,-83.6,-120.0,-84.0,-55.5,-71.0,-90.0,-84.33333333333333,living_area_A
2017-04-10 19:37:48+00:00,-75.0,-79.33333333333333,-75.25,-87.0,-74.0,-84.0,-80.66666666666667,-68.25,-66.5,-80.66666666666667,-77.5,living_area_A
2017-04-10 19:37:49+00:00,-83.2,-78.8,-78.2,-79.25,-68.66666666666667,-67.33333333333333,-67.0,-76.0,-75.0,-78.5,-59.0,living_area_A
2017-04-10 19:37:50+00:00,-87.33333333333333,-83.0,-74.33333333333333,-87.0,-72.8,-73.4,-74.0,-66.2,-62.2,-84.5,-58.8,living_area_A
2017-04-10 19:37:51+00:00,-73.5,-81.0,-88.33333333333333,-91.0,-75.75,-75.0,-78.0,-72.2,-56.75,-79.25,-70.4,living_area_A
2017-04-10 19:37:52+00:00,-84.75,-76.4,-89.5,-86.5,-78.25,-82.66666666666667,-77.33333333333333,-73.66666666666667,-63.6,-81.75,-57.6,living_area_A
2017-04-10 19:37:53+00:00,-83.75,-77.25,-83.0,-92.5,-81.0,-83.25,-83.66666666666667,-64.2,-75.0,-83.66666666666667,-62.75,living_area_A
2017-04-10 19:37:54+00:00,-81.33333333333333,-76.0,-83.0,-101.0,-84.33333333333333,-75.33333333333333,-85.5,-62.2,-76.0,-81.75,-63.2,living_area_A
2017-04-10 19:37:55+00:00,-85.0,-75.6,-83.0,-81.0,-82.25,-72.75,-76.66666666666667,-71.0,-70.0,-76.33333333333333,-56.5,living_area_A
2017-04-10 19:37:56+00:00,-120.0,-76.4,-81.0,-71.0,-78.0,-75.5,-75.2,-81.0,-59.6,-79.4,-72.0,living_area_A
2017-04-10 19:37:57+00:00,-83.0,-74.75,-76.0,-71.0,-76.8,-64.5,-72.5,-80.5,-57.75,-77.75,-72.0,living_area_A
2017-04-10 19:37:58+00:00,-88.0,-79.5,-80.25,-79.0,-76.0,-71.2,-78.5,-82.25,-63.0,-84.66666666666667,-66.5,living_area_A
2017-04-10 19:37:59+00:00,-78.0,-75.0,-84.0,-82.33333333333333,-79.5,-78.75,-69.66666666666667,-63.333333333333336,-59.8,-82.0,-68.0,living_area_A
2017-04-10 19:38:00+00:00,-87.0,-75.5,-76.4,-81.0,-80.0,-75.75,-77.4,-67.5,-64.5,-86.75,-65.6,living_area_A
2017-04-10 19:38:01+00:00,-75.66666666666667,-80.0,-79.25,-87.0,-79.66666666666667,-69.75,-68.2,-76.0,-56.6,-80.33333333333333,-61.333333333333336,living_area_A
2017-04-10 19:38:02+00:00,-87.5,-82.8,-81.0,-78.0,-74.4,-72.8,-67.75,-72.25,-68.0,-72.6,-65.0,living_area_A
2017-04-10 19:38:03+00:00,-85.5,-74.2,-76.0,-83.6,-79.0,-70.0,-52.2,-81.33333333333333,-54.75,-72.2,-62.5,living_area_A
2017-04-10 19:38:04+00:00,-86.5,-84.0,-71.4,-74.0,-83.33333333333333,-72.75,-63.75,-70.0,-55.5,-82.5,-71.0,living_area_A
2017-04-10 19:38:05+00:00,-80.75,-78.33333333333333,-81.0,-83.0,-79.5,-78.6,-62.4,-66.25,-65.25,-74.0,-64.5,living_area_A
2017-04-10 19:38:06+00:00,-78.5,-75.0,-84.4,-87.66666666666667,-81.66666666666667,-73.25,-66.0,-74.8,-70.0,-83.0,-68.0,living_area_A
2017-04-10 19:38:07+00:00,-84.66666666666667,-85.5,-83.75,-86.0,-82.33333333333333,-79.0,-58.5,-85.25,-51.75,-85.0,-57.25,living_area_A
2017-04-10 19:38:08+00:00,-120.0,-88.0,-80.0,-78.66666666666667,-73.33333333333333,-73.66666666666667,-56.5,-83.0,-58.2,-82.0,-57.666666666666664,living_area_A
2017-04-10 19:38:09+00:00,-120.0,-87.25,-83.0,-67.0,-81.0,-68.0,-61.25,-87.75,-59.0,-86.33333333333333,-68.66666666666667,living_area_A
2017-04-10 19:38:10+00:00,-85.33333333333333,-80.4,-76.5,-68.66666666666667,-72.75,-73.75,-84.0,-78.0,-63.25,-84.75,-73.6,living_area_B
2017-04-10 19:38:11+00:00,-84.0,-81.75,-73.0,-76.6,-76.25,-69.5,-74.0,-80.0,-67.6,-83.66666666666667,-70.0,living_area_A
2017-04-10 19:38:12+00:00,-86.0,-78.6,-82.66666666666667,-81.0,-74.6,-78.5,-81.33333333333333,-81.25,-68.0,-87.0,-81.2,living_area_A
2017-04-10 19:38:13+00:00,-85.0,-80.0,-74.6,-80.2,-74.25,-69.5,-79.33333333333333,-76.75,-66.66666666666667,-120.0,-75.0,living_area_A
2017-04-10 19:38:14+00:00,-83.33333333333333,-76.8,-67.5,-75.0,-72.8,-74.0,-76.33333333333333,-79.5,-67.0,-77.5,-80.25,living_area_A
2017-04-10 19:38:15+00:00,-82.33333333333333,-87.0,-68.25,-83.0,-76.75,-69.0,-68.75,-73.75,-61.0,-80.25,-66.0,living_area_A
2017-04-10 19:38:16+00:00,-91.0,-67.75,-73.2,-83.75,-76.0,-71.75,-74.75,-78.33333333333333,-74.0,-72.4,-63.25,living_area_A
2017-04-10 19:38:17+00:00,-78.33333333333333,-75.75,-83.5,-90.0,-76.75,-73.25,-72.75,-84.0,-63.666666666666664,-73.8,-60.75,living_area_A
2017-04-10 19:38:18+00:00,-79.66666666666667,-79.0,-90.0,-84.66666666666667,-83.5,-79.75,-64.75,-68.25,-65.66666666666667,-85.33333333333333,-62.0,living_area_A
2017-04-10 19:38:19+00:00,-83.33333333333333,-83.66666666666667,-94.0,-87.0,-87.75,-75.25,-61.0,-87.75,-50.25,-80.0,-61.75,living_area_A
2017-04-10 19:38:20+00:00,-84.0,-83.2,-81.75,-85.0,-76.2,-82.0,-59.2,-77.0,-55.0,-79.8,-59.4,living_area_A
2017-04-10 19:38:21+00:00,-81.66666666666667,-81.66666666666667,-89.33333333333333,-90.66666666666667,-85.25,-73.66666666666667,-63.5,-77.0,-61.25,-79.0,-54.5,living_area_A
2017-04-10 19:38:22+00:00,-91.0,-80.8,-80.25,-89.0,-83.5,-78.66666666666667,-62.8,-83.0,-53.2,-82.5,-59.0,living_area_A
2017-04-10 19:38:23+00:00,-74.33333333333333,-85.6,-85.5,-81.5,-82.6,-84.25,-68.25,-80.6,-55.8,-85.75,-58.333333333333336,living_area_A
2017-04-10 19:38:24+00:00,-84.33333333333333,-86.5,-79.75,-78.5,-79.75,-74.75,-65.2,-79.6,-45.0,-75.25,-60.2,living_area_A
2017-04-10 19:38:25+00:00,-83.0,-86.66666666666667,-76.66666666666667,-78.5,-77.8,-75.8,-55.25,-76.25,-57.5,-78.8,-55.0,living_area_A
2017-04-10 19:38:26+00:00,-78.5,-79.0,-78.25,-74.25,-73.6,-75.4,-59.4,-80.6,-58.0,-74.2,-52.8,living_area_A
2017-04-10 19:38:27+00:00,-85.8,-78.75,-77.5,-74.6,-73.0,-77.2,-61.0,-77.6,-62.8,-75.5,-55.75,living_area_A
2017-04-10 19:38:28+00:00,-75.0,-83.4,-79.75,-79.0,-83.0,-83.0,-57.8,-75.5,-65.0,-69.4,-52.25,living_area_A
2017-04-10 19:38:29+00:00,-85.25,-84.25,-85.0,-84.66666666666667,-77.5,-76.5,-58.25,-75.4,-66.5,-72.4,-57.666666666666664,living_area_A
2017-04-10 19:38:30+00:00,-82.66666666666667,-83.5,-76.25,-84.25,-72.6,-65.25,-54.25,-80.33333333333333,-72.5,-70.66666666666667,-58.2,living_area_A
2017-04-10 19:38:31+00:00,-84.75,-81.0,-69.8,-81.33333333333333,-83.66666666666667,-71.0,-54.25,-71.4,-58.25,-66.0,-52.0,living_area_A
2017-04-10 19:38:32+00:00,-77.4,-82.2,-74.2,-84.0,-75.2,-80.25,-62.0,-69.66666666666667,-71.6,-70.5,-68.75,living_area_A
2017-04-10 19:38:33+00:00,-82.6,-82.75,-78.0,-86.4,-78.5,-79.4,-65.6,-70.6,-59.0,-74.5,-55.4,living_area_A
2017-04-10 19:38:34+00:00,-75.5,-81.25,-71.75,-85.5,-83.25,-78.5,-60.6,-72.75,-67.5,-79.5,-60.0,living_area_A
2017-04-10 19:38:35+00:00,-89.0,-82.5,-69.0,-81.5,-77.0,-71.0,-57.5,-78.0,-51.0,-68.25,-53.0,living_area_A
2017-04-10 19:38:36+00:00,-87.5,-79.25,-78.6,-74.0,-78.75,-67.25,-56.75,-74.75,-59.5,-69.0,-52.666666666666664,living_area_A
2017-04-10 19:38:37+00:00,-75.0,-76.6,-85.2,-75.0,-78.5,-64.5,-61.0,-75.66666666666667,-59.4,-70.0,-58.6,living_area_A
2017-04-10 19:38:38+00:00,-74.0,-76.5,-89.0,-73.5,-83.0,-67.5,-57.333333333333336,-74.25,-54.75,-74.5,-59.0,living_area_A
2017-04-10 19:38:39+00:00,-78.0,-76.4,-78.66666666666667,-81.6,-73.25,-71.6,-59.75,-78.75,-59.2,-73.6,-50.666666666666664,living_area_A
2017-04-10 19:38:40+00:00,-75.0,-79.75,-80.0,-85.75,-75.2,-72.0,-54.4,-82.33333333333333,-59.2,-72.66666666666667,-55.25,living_area_A
2017-04-10 19:38:41+00:00,-79.5,-80.33333333333333,-79.25,-83.4,-76.5,-78.33333333333333,-57.0,-73.75,-54.0,-70.25,-65.5,living_area_A
2017-04-10 19:38:42+00:00,-73.5,-75.25,-82.25,-79.25,-79.0,-68.0,-60.8,-79.6,-59.8,-71.0,-58.333333333333336,living_area_A
2017-04-10 19:38:43+00:00,-81.66666666666667,-83.5,-83.5,-78.6,-80.4,-72.66666666666667,-55.0,-79.8,-52.0,-64.0,-53.25,living_area_A
2017-04-10 19:38:44+00:00,-74.0,-79.2,-74.5,-78.8,-76.75,-68.5,-54.4,-73.8,-53.2,-69.2,-59.25,living_area_A
2017-04-10 19:38:45+00:00,-77.5,-75.5,-80.66666666666667,-85.4,-78.0,-72.0,-60.0,-74.5,-54.333333333333336,-67.25,-55.0,living_area_A
2017-04-10 19:38:46+00:00,-72.0,-81.66666666666667,-82.0,-82.8,-77.6,-69.5,-56.2,-78.8,-58.6,-73.75,-63.666666666666664,living_area_A
2017-04-10 19:38:47+00:00,-76.5,-79.0,-82.2,-79.2,-78.8,-70.75,-55.75,-76.5,-61.0,-68.4,-59.0,living_area_A
2017-04-10 19:38:48+00:00,-74.33333333333333,-79.75,-81.8,-82.75,-83.33333333333333,-70.0,-55.8,-79.2,-52.5,-69.33333333333333,-59.0,living_area_A
2017-04-10 19:38:49+00:00,-78.75,-65.0,-83.75,-84.0,-75.25,-70.0,-58.333333333333336,-75.75,-58.6,-69.33333333333333,-55.8,living_area_A
2017-04-10 19:38:50+00:00,-79.0,-80.66666666666667,-85.33333333333333,-81.6,-82.6,-71.0,-51.8,-76.4,-64.75,-70.25,-61.0,living_area_A
2017-04-10 19:38:51+00:00,-72.66666666666667,-79.0,-86.2,-83.0,-83.75,-68.66666666666667,-52.0,-78.0,-60.6,-72.5,-58.2,living_area_A
2017-04-10 19:38:52+00:00,-73.33333333333333,-73.8,-79.25,-82.6,-78.0,-72.0,-55.6,-74.33333333333333,-63.5,-69.2,-56.6,living_area_A
2017-04-10 19:38:53+00:00,-81.0,-71.75,-79.6,-81.66666666666667,-80.33333333333333,-68.25,-55.0,-80.8,-56.8,-68.0,-57.0,living_area_A
2017-04-10 19:38:54+00:00,-81.0,-77.0,-79.0,-79.66666666666667,-78.8,-73.6,-57.0,-75.75,-55.5,-72.75,-66.75,living_area_A
2017-04-10 19:38:55+00:00,-74.5,-76.5,-80.8,-77.5,-76.0,-66.0,-55.8,-77.8,-56.4,-69.4,-58.333333333333336,living_area_A
2017-04-10 19:38:56+00:00,-79.0,-77.75,-82.0,-78.66666666666667,-70.75,-63.0,-52.0,-77.75,-52.5,-63.333333333333336,-60.8,living_area_A
2017-04-10 19:38:57+00:00,-78.0,-75.0,-75.4,-79.5,-73.33333333333333,-72.4,-58.0,-81.25,-63.75,-73.2,-61.25,living_area_A
2017-04-10 19:38:58+00:00,-78.5,-75.0,-83.2,-81.66666666666667,-80.8,-74.75,-61.75,-83.25,-57.5,-70.75,-61.8,living_area_A
2017-04-10 19:38:59+00:00,-80.75,-79.0,-80.25,-78.4,-78.6,-66.33333333333333,-52.2,-77.4,-54.6,-69.8,-61.75,living_area_A
2017-04-10 19:39:00+00:00,-76.75,-76.75,-77.66666666666667,-79.5,-75.25,-77.25,-58.333333333333336,-73.33333333333333,-64.5,-71.6,-57.0,living_area_A
2017-04-10 19:39:01+00:00,-74.5,-76.8,-82.75,-80.5,-79.75,-72.6,-62.0,-77.8,-58.25,-70.5,-62.0,living_area_A
2017-04-10 19:39:02+00:00,-73.5,-78.0,-83.33333333333333,-77.0,-75.25,-66.0,-59.75,-81.66666666666667,-58.0,-68.4,-61.2,living_area_A
2017-04-10 19:39:03+00:00,-72.5,-80.0,-81.4,-92.0,-79.0,-70.25,-59.25,-78.0,-51.4,-70.75,-50.666666666666664,living_area_A
2017-04-10 19:39:04+00:00,-73.8,-74.5,-82.2,-84.0,-77.5,-73.5,-59.0,-74.75,-55.8,-71.25,-53.0,living_area_A
2017-04-10 19:39:05+00:00,-75.4,-77.0,-81.0,-78.5,-76.66666666666667,-74.2,-59.75,-78.25,-59.75,-72.0,-59.333333333333336,living_area_A
2017-04-10 19:39:06+00:00,-73.0,-79.0,-83.0,-88.0,-82.0,-73.6,-54.4,-78.5,-59.5,-66.33333333333333,-57.2,living_area_A
2017-04-10 19:39:07+00:00,-86.66666666666667,-73.66666666666667,-76.2,-83.8,-75.8,-73.66666666666667,-53.8,-76.75,-61.0,-69.0,-60.6,living_area_A
2017-04-10 19:39:08+00:00,-81.33333333333333,-80.75,-78.2,-79.0,-77.0,-79.66666666666667,-84.5,-84.25,-61.0,-78.0,-74.5,living_area_A
2017-04-10 19:39:09+00:00,-81.66666666666667,-80.8,-77.75,-74.66666666666667,-90.0,-75.0,-52.666666666666664,-80.5,-60.333333333333336,-69.8,-57.0,living_area_A
2017-04-10 19:39:10+00:00,-79.0,-83.66666666666667,-72.0,-74.6,-66.0,-73.5,-58.25,-77.25,-68.75,-71.0,-62.5,living_area_A
2017-04-10 19:39:11+00:00,-76.0,-82.0,-74.66666666666667,-71.33333333333333,-72.0,-76.0,-61.0,-89.66666666666667,-61.0,-70.25,-53.666666666666664,living_area_A
2017-04-10 19:39:12+00:00,-78.0,-82.33333333333333,-75.25,-75.5,-72.8,-63.75,-57.0,-79.5,-64.33333333333333,-71.75,-63.0,living_area_A
2017-04-10 19:39:13+00:00,-75.33333333333333,-83.25,-75.25,-78.75,-78.0,-82.0,-59.25,-120.0,-66.5,-72.5,-56.2,living_area_A
2017-04-10 19:39:14+00:00,-81.25,-81.5,-81.8,-75.25,-77.0,-67.66666666666667,-57.2,-79.6,-59.25,-68.25,-63.0,living_area_A
2017-04-10 19:39:15+00:00,-74.2,-74.4,-79.25,-81.0,-70.66666666666667,-70.66666666666667,-59.333333333333336,-80.0,-59.8,-70.2,-58.333333333333336,living_area_A
2017-04-10 19:39:16+00:00,-73.4,-79.2,-77.0,-79.5,-81.0,-70.75,-56.333333333333336,-78.66666666666667,-64.75,-70.4,-55.0,living_area_A
2017-04-10 19:39:17+00:00,-76.5,-77.8,-75.66666666666667,-80.5,-84.4,-71.0,-50.75,-78.6,-58.75,-69.8,-54.0,living_area_A
2017-04-10 19:39:18+00:00,-74.75,-77.0,-86.0,-81.5,-84.75,-78.0,-57.2,-80.6,-57.0,-70.4,-52.4,living_area_A
2017-04-10 19:39:19+00:00,-78.75,-76.0,-78.5,-80.0,-79.33333333333333,-70.25,-55.0,-78.25,-54.333333333333336,-67.33333333333333,-57.0,living_area_A
2017-04-10 19:39:20+00:00,-74.0,-80.5,-70.33333333333333,-82.0,-81.5,-72.25,-64.0,-80.75,-57.333333333333336,-67.75,-55.333333333333336,living_area_A
2017-04-10 19:39:21+00:00,-71.66666666666667,-73.5,-83.66666666666667,-85.5,-74.25,-80.0,-76.0,-80.66666666666667,-69.0,-69.66666666666667,-60.0,living_area_A
2017-04-10 19:39:22+00:00,-80.2,-84.4,-79.5,-79.33333333333333,-74.6,-69.75,-75.66666666666667,-83.75,-65.0,-83.25,-62.0,living_area_A
2017-04-10 19:39:23+00:00,-72.0,-83.33333333333333,-83.0,-82.33333333333333,-84.0,-75.33333333333333,-74.0,-87.33333333333333,-66.0,-77.75,-72.25,living_area_A
2017-04-10 19:39:24+00:00,-96.5,-84.33333333333333,-77.0,-85.75,-75.0,-72.4,-74.75,-81.5,-69.0,-74.8,-63.2,living_area_A
2017-04-10 19:39:25+00:00,-66.0,-82.0,-75.25,-79.33333333333333,-71.6,-65.66666666666667,-74.5,-81.0,-67.75,-75.0,-64.25,living_area_A
2017-04-10 19:39:26+00:00,-73.0,-80.5,-76.66666666666667,-87.0,-73.8,-67.8,-74.0,-82.75,-56.0,-75.33333333333333,-63.0,living_area_A
2017-04-10 19:39:27+00:00,-79.66666666666667,-71.5,-82.66666666666667,-83.66666666666667,-77.0,-70.0,-47.666666666666664,-82.0,-56.75,-69.75,-59.2,living_area_A
2017-04-10 19:39:28+00:00,-75.5,-82.5,-74.66666666666667,-84.0,-81.0,-71.33333333333333,-51.0,-75.75,-55.25,-69.5,-66.2,living_area_A
2017-04-10 19:39:29+00:00,-86.66666666666667,-79.8,-74.25,-78.5,-77.0,-80.0,-50.0,-77.0,-52.333333333333336,-69.2,-58.333333333333336,living_area_A
2017-04-10 19:39:30+00:00,-79.0,-78.6,-74.5,-120.0,-74.6,-74.0,-52.0,-74.0,-55.333333333333336,-66.66666666666667,-59.0,living_area_A
2017-04-10 19:39:31+00:00,-86.75,-83.5,-78.0,-82.25,-74.0,-81.0,-57.4,-72.0,-48.0,-66.8,-58.4,living_area_A
2017-04-10 19:39:32+00:00,-84.75,-74.33333333333333,-85.75,-80.8,-82.33333333333333,-81.0,-54.25,-75.6,-59.5,-67.25,-57.666666666666664,living_area_A
2017-04-10 19:39:33+00:00,-80.6,-80.5,-75.75,-78.25,-81.25,-77.6,-53.0,-65.66666666666667,-55.5,-62.75,-61.25,living_area_A
2017-04-10 19:39:34+00:00,-78.5,-88.2,-75.66666666666667,-79.0,-80.0,-82.0,-55.6,-72.0,-53.5,-68.75,-56.6,living_area_A
2017-04-10 19:39:35+00:00,-82.66666666666667,-84.75,-75.0,-84.25,-78.0,-74.5,-54.75,-67.33333333333333,-61.0,-65.75,-60.8,living_area_A
2017-04-10 19:39:36+00:00,-79.5,-81.0,-76.2,-73.0,-79.6,-79.25,-50.75,-73.75,-54.25,-63.0,-58.666666666666664,living_area_A
2017-04-10 19:39:37+00:00,-80.25,-81.5,-78.4,-78.33333333333333,-81.0,-80.2,-56.5,-72.2,-61.25,-67.66666666666667,-60.75,living_area_A
2017-04-10 19:39:38+00:00,-77.0,-76.0,-73.25,-82.0,-77.8,-80.8,-61.5,-73.0,-55.25,-71.33333333333333,-57.8,living_area_A
2017-04-10 19:39:39+00:00,-83.25,-89.0,-74.0,-75.25,-85.0,-75.6,-54.5,-69.6,-59.0,-67.0,-60.5,living_area_A
2017-04-10 19:39:40+00:00,-77.66666666666667,-84.6,-78.0,-79.33333333333333,-76.8,-78.0,-57.75,-75.33333333333333,-54.4,-65.0,-57.6,living_area_A
2017-04-10 19:39:41+00:00,-88.66666666666667,-84.75,-72.0,-79.0,-86.75,-77.0,-54.25,-73.33333333333333,-58.0,-65.75,-57.0,living_area_A
2017-04-10 19:39:42+00:00,-79.0,-86.5,-77.66666666666667,-78.75,-76.0,-80.66666666666667,-60.0,-74.75,-59.0,-66.75,-63.0,living_area_A
2017-04-10 19:39:43+00:00,-78.25,-88.0,-76.6,-81.25,-83.0,-80.0,-56.0,-71.4,-53.0,-64.5,-62.666666666666664,living_area_A
2017-04-10 19:39:44+00:00,-84.0,-82.0,-77.0,-82.0,-76.66666666666667,-83.75,-57.75,-75.0,-56.5,-65.5,-58.5,living_area_A
2017-04-10 19:39:45+00:00,-87.0,-81.25,-70.5,-81.0,-77.0,-76.4,-61.5,-75.0,-52.25,-67.0,-60.25,living_area_A
2017-04-10 19:39:46+00:00,-76.0,-80.6,-80.0,-77.75,-78.25,-80.2,-58.0,-74.4,-57.75,-67.25,-60.6,living_area_A
2017-04-10 19:39:47+00:00,-84.0,-84.25,-74.4,-76.0,-120.0,-81.0,-64.0,-76.4,-56.25,-65.6,-55.333333333333336,living_area_A
2017-04-10 19:39:48+00:00,-79.66666666666667,-87.0,-77.25,-71.5,-86.0,-82.25,-55.0,-72.8,-45.0,-64.6,-60.5,living_area_A
2017-04-10 19:39:49+00:00,-78.66666666666667,-80.8,-81.0,-79.0,-79.4,-80.4,-59.0,-78.33333333333333,-47.5,-68.8,-59.6,living_area_A
2017-04-10 19:39:50+00:00,-83.33333333333333,-77.25,-78.66666666666667,-77.8,-75.75,-82.5,-50.5,-72.2,-56.0,-67.5,-59.4,living_area_A
2017-04-10 19:39:51+00:00,-86.0,-81.0,-79.0,-80.2,-76.4,-76.0,-55.6,-71.33333333333333,-55.333333333333336,-66.0,-60.0,living_area_A
2017-04-10 19:39:52+00:00,-78.75,-76.6,-73.5,-76.75,-79.0,-81.25,-64.66666666666667,-73.8,-62.4,-62.25,-60.0,living_area_A
2017-04-10 19:39:53+00:00,-85.66666666666667,-83.4,-72.0,-82.75,-76.5,-74.5,-54.5,-76.5,-53.6,-68.8,-55.0,living_area_A
2017-04-10 19:39:54+00:00,-92.33333333333333,-85.5,-73.75,-82.0,-82.4,-73.0,-54.5,-74.0,-64.0,-64.0,-59.0,living_area_A
2017-04-10 19:39:55+00:00,-78.33333333333333,-79.0,-76.8,-79.2,-79.66666666666667,-82.6,-53.8,-72.4,-54.2,-65.8,-56.0,living_area_A
2017-04-10 19:39:56+00:00,-80.5,-73.33333333333333,-79.0,-80.33333333333333,-81.0,-77.2,-56.666666666666664,-76.0,-52.666666666666664,-63.75,-57.6,living_area_A
2017-04-10 19:39:57+00:00,-83.5,-76.2,-77.4,-82.0,-80.33333333333333,-71.5,-53.0,-75.6,-52.25,-66.5,-63.75,living_area_A
2017-04-10 19:39:58+00:00,-81.0,-85.5,-76.0,-82.5,-73.33333333333333,-71.8,-54.5,-77.0,-47.8,-68.0,-60.2,living_area_A
2017-04-10 19:39:59+00:00,-75.5,-79.8,-72.0,-81.2,-70.0,-72.0,-51.4,-72.5,-52.4,-65.6,-61.8,living_area_A
2017-04-10 19:40:00+00:00,-84.33333333333333,-78.5,-81.5,-86.25,-72.0,-76.0,-48.8,-79.0,-57.6,-66.5,-53.0,living_area_A
2017-04-10 19:40:01+00:00,-76.25,-80.0,-75.0,-85.66666666666667,-74.5,-76.4,-62.8,-80.25,-57.75,-68.0,-59.333333333333336,living_area_A
2017-04-10 19:40:02+00:00,-76.5,-81.0,-81.4,-87.25,-72.75,-70.4,-57.75,-73.75,-61.0,-70.0,-58.2,living_area_A
2017-04-10 19:40:03+00:00,-77.0,-89.25,-73.75,-75.75,-72.75,-72.6,-58.4,-79.75,-53.75,-74.5,-62.0,living_area_A
2017-04-10 19:40:04+00:00,-89.0,-85.75,-79.66666666666667,-79.0,-79.75,-80.6,-59.333333333333336,-87.0,-51.5,-81.2,-64.4,living_area_A
2017-04-10 19:40:05+00:00,-120.0,-69.33333333333333,-78.0,-63.4,-77.0,-64.33333333333333,-76.4,-82.5,-52.0,-90.5,-72.0,living_area_A
2017-04-10 19:40:06+00:00,-120.0,-76.75,-83.2,-72.4,-67.0,-52.25,-72.75,-89.5,-57.5,-78.66666666666667,-79.4,living_area_B
2017-04-10 19:40:18+00:00,-86.33333333333333,-82.5,-68.75,-74.4,-67.0,-60.25,-74.66666666666667,-85.2,-76.0,-76.75,-65.0,living_area_B
2017-04-10 19:40:19+00:00,-99.0,-77.5,-60.8,-71.5,-69.33333333333333,-63.6,-79.66666666666667,-82.6,-67.2,-69.0,-68.33333333333333,living_area_B
2017-04-10 19:40:20+00:00,-89.2,-75.0,-81.66666666666667,-72.0,-64.66666666666667,-64.2,-75.33333333333333,-75.4,-59.5,-61.333333333333336,-57.4,living_area_B
2017-04-10 19:40:21+00:00,-87.75,-76.75,-68.0,-72.5,-73.0,-68.75,-76.75,-84.25,-59.5,-79.2,-65.0,living_area_B
2017-04-10 19:40:22+00:00,-88.0,-79.25,-63.0,-71.5,-61.75,-65.66666666666667,-82.0,-84.0,-65.5,-86.5,-70.25,living_area_B
2017-04-10 19:40:23+00:00,-83.0,-78.25,-67.25,-74.2,-69.75,-67.0,-83.66666666666667,-83.75,-71.66666666666667,-88.2,-68.8,living_area_B
2017-04-10 19:40:24+00:00,-90.0,-77.2,-65.66666666666667,-69.2,-71.4,-61.333333333333336,-80.25,-80.75,-64.6,-84.0,-65.25,living_area_B
2017-04-10 19:40:25+00:00,-87.25,-79.33333333333333,-67.0,-73.0,-62.333333333333336,-61.0,-78.33333333333333,-84.6,-66.0,-82.0,-65.8,living_area_B
2017-04-10 19:40:26+00:00,-88.0,-80.33333333333333,-64.5,-77.25,-59.0,-64.25,-74.33333333333333,-74.66666666666667,-66.0,-81.5,-66.0,living_area_B
2017-04-10 19:40:27+00:00,-89.5,-79.0,-69.25,-78.66666666666667,-65.5,-65.0,-76.25,-79.0,-75.33333333333333,-86.25,-70.0,living_area_B
2017-04-10 19:40:28+00:00,-88.8,-74.75,-66.0,-70.0,-65.33333333333333,-62.6,-76.75,-79.25,-74.5,-77.0,-69.5,living_area_B
2017-04-10 19:40:29+00:00,-89.0,-77.4,-60.25,-76.25,-63.75,-64.5,-85.5,-82.0,-70.2,-80.0,-70.5,living_area_B
2017-04-10 19:40:30+00:00,-92.5,-81.25,-64.5,-71.25,-71.33333333333333,-64.25,-83.66666666666667,-88.66666666666667,-75.5,-84.5,-71.2,living_area_B
2017-04-10 19:40:31+00:00,-85.0,-78.0,-70.25,-75.2,-60.25,-57.75,-78.33333333333333,-80.4,-71.5,-78.66666666666667,-66.0,living_area_B
2017-04-10 19:40:32+00:00,-120.0,-75.75,-62.0,-75.4,-66.6,-64.5,-88.0,-84.0,-68.6,-86.5,-67.8,living_area_B
2017-04-10 19:40:33+00:00,-93.0,-76.6,-57.0,-77.25,-66.2,-61.8,-74.66666666666667,-80.66666666666667,-61.25,-78.0,-71.6,living_area_B
2017-04-10 19:40:34+00:00,-84.75,-80.0,-69.0,-71.2,-69.75,-71.0,-89.0,-83.0,-68.5,-79.5,-72.33333333333333,living_area_B
2017-04-10 19:40:35+00:00,-90.66666666666667,-76.2,-68.0,-74.0,-69.5,-56.25,-82.66666666666667,-81.6,-61.5,-80.2,-73.6,living_area_B
2017-04-10 19:40:36+00:00,-84.5,-78.0,-66.5,-72.2,-61.0,-58.0,-83.66666666666667,-84.0,-84.5,-84.66666666666667,-76.2,living_area_B
2017-04-10 19:40:37+00:00,-91.0,-78.6,-64.2,-73.8,-65.8,-62.75,-80.75,-80.4,-76.5,-83.2,-74.66666666666667,living_area_B
2017-04-10 19:40:38+00:00,-94.0,-74.5,-67.0,-67.25,-68.25,-55.0,-81.25,-79.0,-75.5,-84.0,-66.5,living_area_B
2017-04-10 19:40:39+00:00,-86.0,-71.5,-65.4,-73.0,-66.75,-60.25,-83.0,-81.25,-67.0,-81.0,-71.0,living_area_B
2017-04-10 19:40:40+00:00,-74.5,-72.75,-68.5,-77.0,-64.8,-76.66666666666667,-76.0,-77.2,-70.0,-71.0,-59.8,living_area_B
2017-04-10 19:40:41+00:00,-78.5,-75.0,-63.6,-81.5,-61.25,-62.25,-77.0,-76.5,-71.6,-79.6,-60.666666666666664,living_area_B
2017-04-10 19:40:42+00:00,-75.25,-72.0,-68.0,-77.66666666666667,-70.0,-56.0,-79.66666666666667,-77.0,-62.666666666666664,-79.4,-58.0,living_area_B
2017-04-10 19:40:43+00:00,-79.0,-73.2,-63.666666666666664,-86.5,-67.66666666666667,-63.666666666666664,-80.25,-75.0,-77.0,-74.0,-58.333333333333336,living_area_B
2017-04-10 19:40:44+00:00,-83.5,-73.0,-71.33333333333333,-79.0,-75.75,-63.5,-72.0,-77.66666666666667,-62.25,-78.66666666666667,-58.333333333333336,living_area_B
2017-04-10 19:40:45+00:00,-86.75,-72.8,-72.25,-75.0,-61.333333333333336,-72.25,-72.25,-72.66666666666667,-61.4,-74.0,-56.25,living_area_B
2017-04-10 19:40:46+00:00,-83.5,-72.0,-65.33333333333333,-78.0,-62.75,-70.0,-76.0,-75.0,-63.25,-67.66666666666667,-62.6,living_area_B
2017-04-10 19:40:47+00:00,-92.0,-76.25,-65.66666666666667,-77.4,-81.8,-71.75,-77.33333333333333,-73.66666666666667,-69.8,-80.0,-60.2,living_area_B
2017-04-10 19:40:48+00:00,-83.0,-78.75,-68.6,-72.4,-68.75,-69.0,-73.6,-74.0,-57.8,-69.6,-57.0,living_area_B
2017-04-10 19:40:49+00:00,-120.0,-75.0,-69.0,-72.8,-73.0,-68.0,-72.2,-66.0,-62.0,-70.6,-57.8,living_area_B
2017-04-10 19:40:50+00:00,-88.0,-72.0,-73.0,-76.0,-72.6,-65.0,-79.0,-79.0,-64.0,-77.0,-56.75,living_area_B
2017-04-10 19:40:51+00:00,-85.0,-79.33333333333333,-67.66666666666667,-73.4,-71.5,-63.5,-74.4,-78.25,-66.0,-70.25,-62.5,living_area_B
2017-04-10 19:40:52+00:00,-83.75,-72.75,-77.6,-73.33333333333333,-74.4,-74.33333333333333,-73.0,-73.0,-54.5,-73.8,-59.0,living_area_B
2017-04-10 19:40:53+00:00,-88.33333333333333,-75.25,-70.0,-75.75,-74.2,-69.8,-78.25,-72.25,-75.0,-70.8,-63.0,living_area_B
2017-04-10 19:40:54+00:00,-81.5,-79.25,-75.25,-68.0,-71.6,-69.25,-72.0,-75.25,-62.75,-76.5,-63.2,living_area_B
2017-04-10 19:40:55+00:00,-86.2,-75.4,-73.75,-79.5,-65.2,-72.5,-76.0,-74.4,-62.0,-77.5,-54.333333333333336,living_area_B
2017-04-10 19:40:56+00:00,-80.75,-69.0,-70.4,-75.33333333333333,-76.5,-61.0,-81.33333333333333,-76.66666666666667,-65.25,-79.66666666666667,-55.4,living_area_B
2017-04-10 19:40:57+00:00,-84.33333333333333,-75.8,-70.25,-68.8,-66.33333333333333,-77.6,-80.0,-76.4,-62.6,-76.4,-63.4,living_area_B
2017-04-10 19:40:58+00:00,-78.5,-72.0,-73.75,-72.5,-76.33333333333333,-73.66666666666667,-79.8,-77.0,-77.0,-71.75,-51.75,living_area_B
2017-04-10 19:40:59+00:00,-80.0,-72.75,-64.25,-72.33333333333333,-63.0,-71.4,-76.0,-74.8,-58.75,-69.5,-57.5,living_area_B
2017-04-10 19:41:00+00:00,-82.8,-75.0,-70.0,-73.0,-69.0,-68.0,-71.5,-74.2,-68.25,-72.2,-67.33333333333333,living_area_B
2017-04-10 19:41:01+00:00,-85.66666666666667,-75.8,-67.75,-71.8,-74.25,-72.25,-72.5,-80.75,-65.0,-70.0,-60.25,living_area_B
2017-04-10 19:41:02+00:00,-88.5,-72.4,-74.0,-69.33333333333333,-66.0,-70.4,-72.0,-74.4,-59.0,-71.25,-62.0,living_area_B
2017-04-10 19:41:03+00:00,-83.5,-78.5,-74.66666666666667,-76.0,-66.6,-66.33333333333333,-73.0,-75.5,-59.0,-75.66666666666667,-64.33333333333333,living_area_B
2017-04-10 19:41:04+00:00,-82.0,-75.25,-69.25,-73.6,-71.5,-78.5,-73.8,-76.25,-64.6,-71.8,-61.75,living_area_B
2017-04-10 19:41:05+00:00,-85.66666666666667,-77.0,-72.8,-77.25,-79.0,-66.6,-74.5,-73.0,-76.75,-71.2,-57.4,living_area_B
2017-04-10 19:41:06+00:00,-80.0,-77.5,-65.5,-74.2,-69.0,-72.0,-70.5,-72.6,-66.0,-70.5,-65.6,living_area_B
2017-04-10 19:41:07+00:00,-84.66666666666667,-78.66666666666667,-65.0,-74.2,-71.2,-68.2,-72.25,-75.8,-60.0,-78.0,-62.8,living_area_B
2017-04-10 19:41:08+00:00,-87.0,-74.8,-70.0,-77.75,-71.0,-75.0,-71.25,-75.0,-62.6,-74.4,-58.5,living_area_B
2017-04-10 19:41:09+00:00,-78.33333333333333,-76.75,-79.25,-77.2,-73.2,-68.0,-77.75,-83.0,-70.5,-72.66666666666667,-57.0,living_area_B
2017-04-10 19:41:10+00:00,-89.5,-76.4,-70.2,-73.0,-68.25,-77.25,-75.5,-75.4,-60.0,-75.2,-59.666666666666664,living_area_B
2017-04-10 19:41:11+00:00,-89.33333333333333,-71.5,-78.0,-73.5,-74.5,-65.5,-74.25,-72.66666666666667,-62.5,-79.33333333333333,-59.6,living_area_B
2017-04-10 19:41:12+00:00,-75.2,-71.0,-69.8,-77.5,-69.75,-65.6,-73.0,-74.0,-61.75,-80.66666666666667,-63.5,living_area_B
2017-04-10 19:41:13+00:00,-76.25,-76.6,-75.0,-81.66666666666667,-67.0,-60.5,-82.5,-76.0,-66.66666666666667,-72.0,-60.5,living_area_B
2017-04-10 19:41:14+00:00,-79.66666666666667,-70.8,-67.75,-73.5,-62.0,-60.5,-80.25,-73.0,-61.6,-78.8,-62.333333333333336,living_area_B
2017-04-10 19:41:15+00:00,-79.25,-79.0,-66.75,-72.25,-70.33333333333333,-67.0,-79.25,-72.8,-61.0,-72.0,-63.333333333333336,living_area_B
2017-04-10 19:41:16+00:00,-82.0,-72.5,-77.66666666666667,-70.33333333333333,-71.5,-65.0,-75.6,-76.33333333333333,-68.0,-70.0,-62.6,living_area_B
2017-04-10 19:41:17+00:00,-87.66666666666667,-78.25,-75.25,-75.6,-78.0,-64.0,-84.66666666666667,-71.33333333333333,-69.5,-71.5,-56.0,living_area_B
2017-04-10 19:41:18+00:00,-91.0,-78.25,-73.4,-70.75,-60.0,-68.8,-71.6,-74.6,-56.0,-74.25,-59.0,living_area_B
2017-04-10 19:41:19+00:00,-82.75,-77.75,-64.0,-67.25,-68.5,-69.0,-71.33333333333333,-78.6,-57.75,-77.0,-67.66666666666667,living_area_B
2017-04-10 19:41:20+00:00,-84.0,-76.2,-76.0,-71.5,-71.2,-71.66666666666667,-77.5,-76.8,-68.5,-77.0,-63.0,living_area_B
2017-04-10 19:41:21+00:00,-85.33333333333333,-75.8,-65.0,-71.8,-65.66666666666667,-70.6,-74.2,-78.0,-59.0,-73.6,-61.5,living_area_B
2017-04-10 19:41:22+00:00,-84.33333333333333,-70.0,-63.5,-72.0,-72.2,-64.75,-79.2,-72.4,-57.8,-73.5,-61.75,living_area_B
2017-04-10 19:41:23+00:00,-84.0,-77.25,-74.75,-76.2,-76.6,-68.75,-71.75,-73.75,-63.5,-75.5,-56.666666666666664,living_area_B
2017-04-10 19:41:24+00:00,-79.0,-78.66666666666667,-69.0,-75.0,-66.6,-70.6,-79.5,-77.0,-65.0,-75.25,-59.6,living_area_B
2017-04-10 19:41:25+00:00,-87.0,-75.4,-77.25,-74.5,-74.5,-70.0,-80.0,-83.0,-67.33333333333333,-73.8,-61.25,living_area_B
2017-04-10 19:41:26+00:00,-85.25,-77.25,-72.8,-72.0,-71.66666666666667,-76.6,-71.0,-76.4,-62.75,-71.25,-63.25,living_area_B
2017-04-10 19:41:27+00:00,-83.33333333333333,-71.25,-70.0,-76.6,-68.0,-67.0,-78.75,-74.4,-59.75,-71.75,-63.75,living_area_B
2017-04-10 19:41:28+00:00,-88.0,-76.25,-74.25,-76.0,-70.66666666666667,-74.0,-77.75,-72.5,-62.5,-77.75,-58.2,living_area_B
2017-04-10 19:41:29+00:00,-83.0,-72.5,-70.8,-74.4,-75.4,-70.5,-72.5,-77.75,-65.0,-74.25,-66.4,living_area_B
2017-04-10 19:41:30+00:00,-85.0,-78.6,-78.0,-77.75,-75.2,-70.66666666666667,-78.0,-76.5,-55.666666666666664,-73.8,-65.0,living_area_B
2017-04-10 19:41:31+00:00,-85.0,-77.0,-74.75,-76.75,-75.25,-70.0,-76.75,-74.33333333333333,-65.0,-72.25,-60.8,living_area_B
2017-04-10 19:41:32+00:00,-83.5,-76.6,-72.0,-74.4,-66.5,-73.2,-74.0,-75.5,-56.333333333333336,-79.5,-55.5,living_area_B
2017-04-10 19:41:33+00:00,-94.75,-75.2,-74.33333333333333,-72.75,-65.5,-65.8,-79.25,-75.75,-64.75,-73.75,-51.5,living_area_B
2017-04-10 19:41:34+00:00,-81.33333333333333,-71.8,-70.5,-71.0,-69.6,-65.0,-77.0,-79.4,-75.75,-71.0,-54.8,living_area_B
2017-04-10 19:41:35+00:00,-84.0,-76.66666666666667,-66.5,-76.0,-72.0,-70.25,-79.0,-76.2,-63.0,-68.75,-65.0,living_area_B
2017-04-10 19:41:36+00:00,-83.0,-69.0,-76.0,-75.2,-72.0,-62.0,-75.5,-74.0,-74.33333333333333,-71.5,-63.0,living_area_B
2017-04-10 19:41:37+00:00,-87.0,-74.0,-64.33333333333333,-76.33333333333333,-63.0,-77.0,-72.33333333333333,-76.25,-60.5,-75.5,-59.75,living_area_B
2017-04-10 19:41:38+00:00,-93.5,-76.5,-68.75,-73.25,-71.33333333333333,-68.4,-68.0,-70.8,-68.5,-76.75,-62.0,living_area_B
2017-04-10 19:41:39+00:00,-82.5,-70.75,-76.33333333333333,-78.0,-64.66666666666667,-68.66666666666667,-79.66666666666667,-76.0,-69.75,-65.25,-61.75,living_area_B
2017-04-10 19:41:40+00:00,-85.0,-75.0,-69.0,-71.66666666666667,-72.33333333333333,-70.0,-79.66666666666667,-77.0,-57.666666666666664,-78.0,-65.0,living_area_B
2017-04-10 19:41:41+00:00,-89.5,-76.2,-69.75,-72.75,-67.5,-76.0,-71.75,-75.4,-70.0,-73.8,-73.0,living_area_B
2017-04-10 19:41:42+00:00,-87.0,-74.0,-72.0,-78.25,-80.0,-63.0,-79.8,-74.66666666666667,-64.0,-73.66666666666667,-59.6,living_area_B
2017-04-10 19:41:43+00:00,-84.0,-72.0,-74.5,-77.66666666666667,-63.0,-75.33333333333333,-79.0,-75.75,-77.0,-73.0,-68.25,living_area_B
2017-04-10 19:41:46+00:00,-86.75,-73.6,-80.0,-91.66666666666667,-73.2,-68.6,-79.5,-81.2,-74.0,-79.25,-66.8,living_area_B
2017-04-10 19:41:47+00:00,-88.0,-79.75,-84.0,-88.5,-73.6,-66.33333333333333,-88.0,-84.33333333333333,-77.0,-82.66666666666667,-71.25,living_area_B
2017-04-10 19:41:48+00:00,-85.0,-79.5,-80.5,-72.5,-58.0,-61.5,-82.66666666666667,-78.4,-72.0,-83.33333333333333,-78.0,living_area_B
2017-04-10 19:41:49+00:00,-90.5,-75.6,-69.5,-81.0,-74.2,-57.0,-69.33333333333333,-71.0,-68.4,-76.2,-70.0,living_area_B
2017-04-10 19:41:50+00:00,-83.0,-73.25,-66.2,-92.33333333333333,-63.25,-66.25,-77.75,-76.6,-71.0,-91.5,-67.33333333333333,living_area_B
2017-04-10 19:41:51+00:00,-87.0,-66.5,-81.0,-82.75,-71.0,-54.5,-78.25,-76.8,-82.0,-77.0,-73.5,living_area_B
2017-04-10 19:41:52+00:00,-84.33333333333333,-73.66666666666667,-79.0,-80.33333333333333,-68.25,-55.333333333333336,-79.5,-74.0,-80.0,-73.5,-76.75,living_area_B
2017-04-10 19:41:53+00:00,-120.0,-67.75,-77.5,-77.0,-63.0,-65.66666666666667,-71.5,-76.2,-75.33333333333333,-83.8,-75.2,living_area_B
2017-04-10 19:41:54+00:00,-78.0,-65.8,-87.33333333333333,-68.5,-69.75,-63.5,-77.5,-72.75,-73.75,-75.0,-65.75,living_area_A
2017-04-10 19:41:55+00:00,-76.0,-70.5,-80.75,-82.6,-64.0,-63.6,-87.75,-84.0,-64.75,-72.33333333333333,-70.0,living_area_A
2017-04-10 19:41:56+00:00,-70.5,-71.5,-78.4,-84.5,-72.2,-74.25,-71.0,-73.0,-67.5,-77.5,-63.5,living_area_A
2017-04-10 19:41:57+00:00,-72.4,-82.25,-90.0,-86.66666666666667,-75.0,-81.75,-78.25,-72.8,-64.33333333333333,-76.66666666666667,-65.0,living_area_A
2017-04-10 19:41:58+00:00,-71.0,-80.0,-79.66666666666667,-81.5,-78.0,-76.5,-70.0,-67.66666666666667,-72.25,-79.6,-57.0,living_area_A
2017-04-10 19:41:59+00:00,-76.0,-83.66666666666667,-82.66666666666667,-88.0,-83.2,-78.5,-72.5,-70.75,-76.0,-82.66666666666667,-67.0,living_area_A
2017-04-10 19:42:00+00:00,-88.75,-84.66666666666667,-83.33333333333333,-83.0,-82.25,-74.6,-75.66666666666667,-72.4,-68.5,-82.5,-54.2,living_area_A
2017-04-10 19:42:01+00:00,-84.66666666666667,-69.66666666666667,-84.5,-80.33333333333333,-81.0,-74.75,-82.5,-75.6,-72.0,-76.66666666666667,-72.4,living_area_A
2017-04-10 19:42:02+00:00,-88.5,-70.0,-79.0,-86.0,-78.0,-67.8,-67.75,-69.8,-58.75,-82.5,-75.8,living_area_A
2017-04-10 19:42:03+00:00,-77.5,-75.5,-69.25,-76.4,-77.8,-58.666666666666664,-61.4,-71.0,-67.5,-80.25,-68.0,living_area_A
2017-04-10 19:42:04+00:00,-84.66666666666667,-76.5,-72.25,-74.8,-67.5,-68.75,-77.25,-80.25,-57.0,-78.0,-58.75,living_area_A
2017-04-10 19:42:08+00:00,-86.0,-67.0,-70.0,-84.25,-80.0,-67.8,-70.4,-80.5,-74.0,-68.0,-50.8,living_area_A
2017-04-10 19:42:09+00:00,-120.0,-62.0,-75.75,-88.8,-70.0,-73.6,-72.8,-75.0,-52.0,-72.75,-50.25,living_area_A
2017-04-10 19:42:10+00:00,-79.0,-61.25,-70.75,-87.5,-77.0,-69.5,-77.33333333333333,-84.8,-61.333333333333336,-73.2,-56.2,living_area_A
2017-04-10 19:42:11+00:00,-86.0,-61.5,-70.4,-81.0,-77.5,-68.4,-66.4,-85.5,-61.25,-70.5,-53.25,living_area_A
2017-04-10 19:42:12+00:00,-92.0,-62.5,-73.0,-94.0,-75.75,-69.4,-72.75,-80.8,-63.6,-77.5,-49.75,living_area_A
2017-04-10 19:42:13+00:00,-120.0,-59.5,-73.25,-87.66666666666667,-76.5,-65.33333333333333,-64.5,-83.2,-76.0,-72.33333333333333,-53.5,living_area_A
2017-04-10 19:42:14+00:00,-86.0,-64.33333333333333,-77.0,-89.4,-76.75,-73.4,-70.5,-85.75,-66.66666666666667,-65.66666666666667,-55.0,living_area_A
2017-04-10 19:42:15+00:00,-86.0,-62.2,-68.8,-84.33333333333333,-75.4,-79.33333333333333,-65.6,-84.0,-63.2,-84.5,-65.0,living_area_A
2017-04-10 19:42:16+00:00,-87.5,-61.75,-74.5,-86.33333333333333,-71.0,-70.5,-61.5,-81.25,-54.5,-84.25,-48.25,living_area_A
2017-04-10 19:42:17+00:00,-84.66666666666667,-62.333333333333336,-71.75,-80.75,-73.0,-67.6,-67.4,-81.8,-57.8,-69.5,-53.5,living_area_A
2017-04-10 19:42:18+00:00,-92.33333333333333,-61.25,-70.6,-85.0,-76.0,-67.2,-68.0,-79.0,-69.33333333333333,-78.33333333333333,-54.0,living_area_A
2017-04-10 19:42:19+00:00,-120.0,-62.75,-69.66666666666667,-83.0,-74.25,-67.33333333333333,-69.25,-79.0,-62.2,-79.0,-53.0,living_area_A
2017-04-10 19:42:20+00:00,-84.33333333333333,-59.666666666666664,-67.0,-84.0,-72.4,-71.0,-63.75,-77.4,-67.0,-74.66666666666667,-57.0,living_area_A
2017-04-10 19:42:21+00:00,-85.0,-63.25,-65.66666666666667,-83.0,-74.4,-78.0,-67.4,-81.25,-59.2,-82.0,-53.333333333333336,living_area_A
2017-04-10 19:42:22+00:00,-87.0,-65.0,-74.5,-79.0,-71.0,-70.25,-59.0,-89.66666666666667,-60.0,-77.5,-55.0,living_area_A
2017-04-10 19:42:23+00:00,-80.0,-70.33333333333333,-67.5,-82.33333333333333,-79.0,-65.75,-66.0,-69.5,-56.5,-71.0,-58.666666666666664,living_area_A
2017-04-10 19:42:24+00:00,-87.33333333333333,-62.333333333333336,-83.0,-85.0,-77.25,-68.0,-64.25,-80.5,-64.4,-81.33333333333333,-52.25,living_area_A
2017-04-10 19:42:25+00:00,-83.0,-61.0,-78.0,-88.0,-64.0,-65.0,-71.75,-80.0,-77.25,-68.0,-56.75,living_area_A
2017-04-10 19:42:26+00:00,-88.0,-63.0,-68.25,-89.0,-78.5,-65.4,-72.8,-82.5,-64.33333333333333,-74.8,-53.25,living_area_A
2017-04-10 19:42:27+00:00,-85.5,-59.0,-72.2,-88.5,-82.33333333333333,-67.75,-65.33333333333333,-85.2,-67.5,-72.4,-56.666666666666664,living_area_A
2017-04-10 19:42:28+00:00,-92.0,-60.666666666666664,-69.75,-91.0,-69.5,-71.25,-72.2,-83.75,-61.8,-73.0,-54.5,living_area_A
2017-04-10 19:42:29+00:00,-86.5,-61.333333333333336,-70.75,-79.0,-74.33333333333333,-74.5,-67.75,-86.25,-56.5,-71.33333333333333,-53.5,living_area_A
2017-04-10 19:42:30+00:00,-90.5,-59.8,-76.0,-86.0,-77.0,-61.0,-71.66666666666667,-84.0,-91.0,-69.6,-57.75,living_area_A
2017-04-10 19:42:31+00:00,-83.5,-62.4,-76.75,-83.0,-77.25,-65.5,-62.75,-79.25,-63.25,-76.8,-66.5,living_area_A
2017-04-10 19:42:32+00:00,-83.5,-59.6,-74.6,-80.0,-74.75,-69.75,-65.33333333333333,-82.0,-73.0,-75.5,-58.0,living_area_A
2017-04-10 19:42:33+00:00,-95.0,-67.0,-68.5,-90.33333333333333,-88.0,-68.0,-65.8,-81.66666666666667,-66.75,-71.5,-54.666666666666664,living_area_A
2017-04-10 19:42:34+00:00,-82.5,-65.4,-69.5,-87.5,-79.0,-71.33333333333333,-67.25,-79.66666666666667,-70.0,-75.5,-56.25,living_area_A
2017-04-10 19:42:35+00:00,-87.5,-65.0,-77.0,-89.5,-83.33333333333333,-70.5,-70.0,-83.6,-69.5,-71.66666666666667,-58.666666666666664,living_area_A
2017-04-10 19:42:36+00:00,-96.0,-63.2,-71.25,-90.5,-78.0,-69.5,-69.33333333333333,-79.5,-73.0,-75.25,-58.0,living_area_A
2017-04-10 19:42:37+00:00,-120.0,-64.0,-69.0,-82.8,-76.66666666666667,-71.66666666666667,-69.6,-81.6,-67.66666666666667,-74.0,-57.5,living_area_A
2017-04-10 19:42:38+00:00,-91.0,-64.0,-68.33333333333333,-83.5,-82.6,-68.2,-69.5,-83.5,-64.5,-60.0,-53.8,living_area_A
2017-04-10 19:42:39+00:00,-91.5,-63.75,-74.0,-86.5,-75.5,-67.25,-73.0,-77.0,-70.33333333333333,-80.33333333333333,-54.0,living_area_A
2017-04-10 19:42:40+00:00,-85.0,-61.5,-71.66666666666667,-89.0,-81.25,-71.4,-71.0,-81.0,-66.33333333333333,-70.0,-55.5,living_area_A
2017-04-10 19:42:41+00:00,-120.0,-64.5,-71.25,-89.0,-78.5,-65.6,-65.0,-77.8,-55.333333333333336,-75.0,-56.0,living_area_A
2017-04-10 19:42:42+00:00,-95.0,-62.333333333333336,-69.6,-87.66666666666667,-77.0,-74.75,-72.0,-83.25,-57.0,-75.66666666666667,-55.8,living_area_A
2017-04-10 19:42:43+00:00,-86.0,-64.25,-72.0,-86.0,-80.33333333333333,-68.5,-69.2,-79.2,-62.5,-75.0,-52.5,living_area_A
2017-04-10 19:42:44+00:00,-95.0,-63.2,-71.0,-91.75,-80.75,-68.0,-70.2,-75.33333333333333,-68.75,-72.2,-51.8,living_area_A
2017-04-10 19:42:45+00:00,-89.33333333333333,-64.8,-72.0,-94.0,-87.0,-69.6,-80.25,-84.2,-68.5,-72.0,-62.0,living_area_A
2017-04-10 19:42:46+00:00,-85.66666666666667,-66.66666666666667,-71.5,-95.5,-80.75,-67.66666666666667,-67.5,-78.5,-64.5,-73.0,-52.5,living_area_A
2017-04-10 19:42:47+00:00,-89.0,-72.5,-72.2,-90.4,-84.0,-70.0,-70.75,-85.33333333333333,-63.666666666666664,-73.75,-52.4,living_area_A
2017-04-10 19:42:48+00:00,-85.66666666666667,-62.75,-61.5,-83.5,-83.75,-60.5,-74.2,-77.8,-66.33333333333333,-77.0,-59.5,living_area_A
2017-04-10 19:42:49+00:00,-89.0,-67.33333333333333,-75.5,-94.0,-74.0,-66.2,-69.0,-81.8,-72.5,-75.0,-59.6,living_area_A
2017-04-10 19:42:50+00:00,-89.33333333333333,-65.75,-74.8,-90.4,-70.0,-71.0,-73.0,-84.0,-69.33333333333333,-74.75,-55.25,living_area_A
2017-04-10 19:42:51+00:00,-86.5,-65.5,-73.5,-84.0,-76.8,-66.0,-71.0,-81.5,-50.0,-76.0,-53.6,living_area_A
2017-04-10 19:42:52+00:00,-88.5,-63.5,-71.0,-93.0,-75.25,-70.0,-67.6,-83.0,-68.66666666666667,-80.0,-52.75,living_area_A
2017-04-10 19:42:53+00:00,-120.0,-60.2,-75.0,-88.0,-82.0,-64.0,-80.0,-81.0,-68.0,-77.0,-50.6,living_area_A
2017-04-10 19:42:54+00:00,-91.0,-62.75,-65.66666666666667,-89.25,-82.0,-68.5,-71.6,-82.4,-70.5,-71.5,-52.0,living_area_A
2017-04-10 19:42:55+00:00,-98.5,-61.5,-74.0,-87.33333333333333,-81.0,-68.6,-68.0,-84.33333333333333,-67.66666666666667,-72.25,-48.666666666666664,living_area_A
2017-04-10 19:42:56+00:00,-89.0,-61.0,-73.25,-83.0,-84.0,-72.6,-66.0,-82.4,-75.25,-72.0,-54.2,living_area_A
2017-04-10 19:42:57+00:00,-82.0,-61.75,-75.0,-82.5,-78.25,-69.6,-64.75,-82.75,-71.66666666666667,-70.4,-59.75,living_area_A
2017-04-10 19:42:59+00:00,-86.0,-74.0,-81.0,-78.4,-75.75,-65.25,-70.6,-74.8,-60.0,-81.0,-66.75,living_area_A
2017-04-10 19:43:00+00:00,-85.0,-66.0,-77.0,-85.66666666666667,-76.2,-63.666666666666664,-61.0,-74.0,-61.333333333333336,-74.0,-71.0,living_area_A
2017-04-10 19:43:01+00:00,-82.0,-85.5,-77.0,-84.0,-83.75,-73.8,-78.66666666666667,-64.75,-71.75,-76.66666666666667,-59.0,living_area_A
2017-04-10 19:43:02+00:00,-81.0,-71.25,-84.33333333333333,-80.75,-82.5,-60.666666666666664,-70.25,-73.75,-55.0,-77.2,-76.75,living_area_A
2017-04-10 19:43:03+00:00,-120.0,-79.25,-71.66666666666667,-81.25,-79.75,-69.5,-63.5,-85.0,-52.2,-72.4,-68.0,living_area_A
2017-04-10 19:43:04+00:00,-86.5,-80.0,-66.0,-76.66666666666667,-75.33333333333333,-82.33333333333333,-65.75,-79.33333333333333,-50.0,-73.75,-66.8,living_area_A
2017-04-10 19:43:05+00:00,-120.0,-72.66666666666667,-80.75,-74.5,-82.0,-73.2,-61.2,-76.8,-47.0,-67.0,-63.4,living_area_A
2017-04-10 19:43:06+00:00,-120.0,-81.0,-80.33333333333333,-75.5,-79.33333333333333,-64.33333333333333,-62.25,-82.75,-39.666666666666664,-75.0,-66.66666666666667,living_area_A
2017-04-10 19:43:07+00:00,-97.0,-78.8,-86.25,-81.0,-72.66666666666667,-74.0,-58.4,-82.5,-46.5,-76.0,-71.0,living_area_A
2017-04-10 19:43:08+00:00,-83.25,-72.75,-75.33333333333333,-69.0,-84.33333333333333,-64.5,-75.0,-86.33333333333333,-65.5,-72.6,-70.75,living_area_A
2017-04-10 19:43:09+00:00,-75.0,-69.75,-77.33333333333333,-82.25,-71.0,-72.0,-81.25,-69.0,-70.0,-71.4,-69.25,living_area_A
2017-04-10 19:43:10+00:00,-83.0,-85.5,-82.75,-83.0,-71.33333333333333,-77.0,-81.0,-68.0,-64.0,-81.66666666666667,-77.2,kitchen
2017-04-10 19:43:11+00:00,-74.0,-90.0,-85.0,-78.0,-82.75,-86.5,-98.0,-65.25,-73.66666666666667,-87.0,-85.0,kitchen
2017-04-10 19:43:12+00:00,-66.0,-88.0,-120.0,-120.0,-87.0,-76.0,-88.66666666666667,-52.6,-78.5,-94.0,-84.75,kitchen
2017-04-10 19:43:13+00:00,-66.0,-91.0,-120.0,-120.0,-79.0,-76.0,-85.75,-51.6,-72.6,-88.33333333333333,-90.5,kitchen
2017-04-10 19:43:14+00:00,-59.333333333333336,-83.0,-120.0,-120.0,-79.0,-90.66666666666667,-82.0,-65.5,-80.75,-89.0,-70.33333333333333,kitchen
2017-04-10 19:43:15+00:00,-68.0,-85.0,-81.0,-120.0,-90.75,-82.0,-90.75,-54.6,-68.0,-87.66666666666667,-77.25,kitchen
2017-04-10 19:43:16+00:00,-64.4,-95.5,-90.0,-120.0,-79.0,-84.2,-90.0,-41.25,-71.5,-86.0,-83.33333333333333,kitchen
2017-04-10 19:43:17+00:00,-66.5,-85.0,-80.5,-80.0,-80.25,-85.0,-74.0,-54.75,-66.5,-84.0,-69.33333333333333,living_area_A
2017-04-10 19:43:18+00:00,-59.666666666666664,-84.66666666666667,-87.0,-86.0,-76.5,-72.66666666666667,-80.0,-64.0,-74.0,-83.8,-81.0,living_area_A
2017-04-10 19:43:19+00:00,-78.5,-81.33333333333333,-84.0,-82.0,-72.0,-66.0,-77.5,-68.66666666666667,-54.0,-85.33333333333333,-74.75,living_area_A
2017-04-10 19:43:20+00:00,-78.0,-82.0,-77.66666666666667,-85.25,-72.8,-69.75,-71.6,-67.0,-52.75,-82.0,-64.33333333333333,living_area_A
2017-04-10 19:43:21+00:00,-82.0,-82.33333333333333,-90.0,-83.5,-72.66666666666667,-71.4,-72.5,-76.8,-60.5,-72.0,-65.2,living_area_A
2017-04-10 19:43:22+00:00,-91.5,-73.25,-78.2,-80.2,-58.5,-64.5,-63.2,-74.66666666666667,-57.5,-69.66666666666667,-68.6,living_area_A
2017-04-10 19:43:23+00:00,-87.66666666666667,-84.0,-74.2,-91.33333333333333,-66.8,-77.6,-69.0,-71.75,-63.8,-81.0,-66.75,living_area_A
2017-04-10 19:43:24+00:00,-77.33333333333333,-86.2,-78.33333333333333,-80.0,-77.2,-73.66666666666667,-68.75,-68.75,-64.6,-80.2,-62.5,living_area_A
2017-04-10 19:43:25+00:00,-67.75,-89.0,-81.25,-82.33333333333333,-77.6,-70.5,-67.66666666666667,-60.666666666666664,-66.4,-86.0,-61.5,living_area_A
2017-04-10 19:43:26+00:00,-70.33333333333333,-89.0,-83.0,-88.66666666666667,-79.5,-73.5,-78.75,-68.6,-69.0,-89.25,-61.8,living_area_A
2017-04-10 19:43:27+00:00,-64.0,-90.0,-82.66666666666667,-87.25,-79.75,-81.4,-78.0,-67.75,-71.5,-90.0,-64.25,living_area_A
2017-04-10 19:43:28+00:00,-82.33333333333333,-83.0,-78.6,-80.66666666666667,-82.0,-77.8,-69.4,-66.25,-60.5,-70.0,-57.0,living_area_A
2017-04-10 19:43:29+00:00,-83.33333333333333,-68.25,-79.6,-74.33333333333333,-69.6,-69.5,-65.5,-79.5,-55.75,-71.25,-65.25,living_area_A
2017-04-10 19:43:30+00:00,-78.5,-63.0,-80.5,-77.4,-56.75,-59.25,-73.75,-76.25,-64.75,-72.5,-72.66666666666667,living_area_A
2017-04-10 19:43:31+00:00,-88.0,-73.25,-78.25,-82.6,-66.0,-68.5,-61.0,-76.6,-67.25,-72.75,-70.8,living_area_A
2017-04-10 19:43:32+00:00,-91.66666666666667,-74.2,-75.75,-79.66666666666667,-70.4,-63.6,-61.25,-73.25,-54.666666666666664,-72.8,-64.0,living_area_A
2017-04-10 19:43:33+00:00,-95.0,-83.0,-69.0,-84.6,-64.33333333333333,-68.4,-67.6,-79.25,-63.333333333333336,-71.6,-60.8,living_area_A
2017-04-10 19:43:34+00:00,-120.0,-84.6,-81.5,-76.25,-76.8,-75.5,-73.5,-71.66666666666667,-56.0,-71.6,-51.25,living_area_A
2017-04-10 19:43:35+00:00,-77.5,-80.25,-84.25,-76.33333333333333,-84.33333333333333,-73.66666666666667,-67.66666666666667,-70.0,-54.25,-72.33333333333333,-53.25,living_area_A
2017-04-10 19:43:36+00:00,-84.5,-75.0,-66.33333333333333,-77.5,-59.75,-66.25,-60.25,-82.5,-56.75,-73.0,-68.2,living_area_A
2017-04-10 19:43:37+00:00,-89.0,-65.66666666666667,-85.25,-84.66666666666667,-66.6,-70.4,-79.66666666666667,-80.5,-77.0,-64.66666666666667,-74.66666666666667,living_area_A
2017-04-10 19:43:38+00:00,-72.25,-59.2,-84.75,-87.75,-72.33333333333333,-75.0,-81.8,-79.25,-78.0,-72.25,-68.75,living_area_A
2017-04-10 19:43:39+00:00,-70.6,-71.33333333333333,-85.0,-89.0,-76.0,-79.5,-78.6,-73.5,-71.0,-71.0,-67.6,living_area_A
2017-04-10 19:43:40+00:00,-71.0,-69.33333333333333,-77.0,-86.66666666666667,-81.0,-79.5,-74.0,-78.75,-69.66666666666667,-74.0,-67.8,living_area_A
2017-04-10 19:43:41+00:00,-95.0,-61.6,-82.0,-85.0,-77.0,-68.6,-81.8,-75.0,-68.0,-71.0,-74.0,living_area_A
2017-04-10 19:43:42+00:00,-77.0,-64.5,-79.4,-76.75,-55.4,-62.4,-73.0,-86.2,-59.0,-68.0,-75.0,living_area_A
2017-04-10 19:43:43+00:00,-98.0,-74.0,-74.5,-75.0,-63.25,-64.5,-67.25,-120.0,-57.5,-64.66666666666667,-77.8,living_area_A
2017-04-10 19:43:44+00:00,-120.0,-74.5,-76.25,-68.8,-71.5,-65.25,-68.75,-79.2,-52.5,-81.5,-64.0,living_area_A
2017-04-10 19:43:45+00:00,-87.0,-78.5,-73.8,-67.75,-63.8,-68.4,-79.33333333333333,-85.33333333333333,-70.33333333333333,-74.8,-77.8,living_area_A
2017-04-10 19:43:46+00:00,-99.0,-65.8,-71.5,-75.8,-58.0,-56.0,-87.33333333333333,-84.0,-71.66666666666667,-65.0,-69.33333333333333,living_area_A
2017-04-10 19:43:47+00:00,-81.0,-67.6,-75.66666666666667,-77.66666666666667,-64.0,-55.75,-83.33333333333333,-89.5,-72.5,-71.75,-73.33333333333333,living_area_A
2017-04-10 19:43:48+00:00,-85.5,-63.0,-77.0,-73.0,-64.25,-53.2,-85.75,-83.25,-83.0,-78.25,-75.75,living_area_A
2017-04-10 19:43:49+00:00,-79.75,-77.0,-85.0,-80.2,-68.66666666666667,-57.25,-74.75,-77.0,-69.33333333333333,-78.4,-68.4,living_area_A
2017-04-10 19:43:50+00:00,-70.0,-72.8,-77.5,-80.0,-74.6,-69.0,-77.0,-73.5,-61.5,-82.4,-62.2,living_area_A
2017-04-10 19:43:51+00:00,-79.5,-79.0,-61.333333333333336,-85.0,-84.4,-64.33333333333333,-68.0,-78.6,-68.25,-77.0,-59.0,living_area_B
2017-04-10 19:43:55+00:00,-75.33333333333333,-66.0,-73.75,-75.0,-74.25,-56.333333333333336,-73.0,-76.5,-72.5,-75.75,-69.66666666666667,living_area_A
2017-04-10 19:43:56+00:00,-80.0,-64.25,-78.25,-84.0,-80.5,-59.2,-73.6,-76.25,-61.0,-87.0,-70.25,living_area_A
2017-04-10 19:43:57+00:00,-82.4,-67.66666666666667,-72.33333333333333,-84.33333333333333,-75.0,-58.333333333333336,-78.75,-78.66666666666667,-59.0,-85.5,-70.8,living_area_A
2017-04-10 19:43:58+00:00,-81.0,-62.5,-82.8,-71.5,-65.4,-53.0,-73.25,-72.25,-60.666666666666664,-81.5,-72.0,living_area_A
2017-04-10 19:43:59+00:00,-88.66666666666667,-69.33333333333333,-77.33333333333333,-78.25,-67.0,-58.75,-85.75,-77.75,-68.5,-81.0,-66.8,living_area_A
2017-04-10 19:44:00+00:00,-88.5,-67.6,-73.0,-71.8,-63.5,-50.8,-90.33333333333333,-80.66666666666667,-74.5,-74.33333333333333,-76.0,living_area_A
2017-04-10 19:44:01+00:00,-82.5,-65.0,-120.0,-73.0,-71.0,-60.6,-81.33333333333333,-90.25,-66.0,-67.2,-76.6,living_area_A
2017-04-10 19:44:02+00:00,-84.0,-55.6,-91.0,-85.0,-71.5,-56.75,-73.66666666666667,-85.5,-82.0,-62.4,-77.66666666666667,living_area_A
2017-04-10 19:44:03+00:00,-75.75,-64.25,-80.4,-74.5,-64.33333333333333,-63.6,-78.5,-73.33333333333333,-69.75,-75.0,-64.33333333333333,living_area_A
2017-04-10 19:44:04+00:00,-73.25,-72.25,-75.0,-75.0,-72.0,-72.66666666666667,-83.66666666666667,-79.75,-70.33333333333333,-69.5,-68.25,hallway_lower
2017-04-10 19:44:05+00:00,-69.66666666666667,-67.5,-85.75,-93.0,-81.75,-78.5,-77.6,-75.75,-61.666666666666664,-65.0,-71.2,living_area_A
2017-04-10 19:44:06+00:00,-86.66666666666667,-69.0,-79.0,-78.0,-63.0,-62.25,-77.5,-90.0,-75.75,-65.2,-75.6,living_area_A
2017-04-10 19:44:07+00:00,-84.0,-74.4,-83.33333333333333,-68.2,-63.0,-57.666666666666664,-75.75,-87.8,-59.75,-74.6,-77.25,hallway_lower
2017-04-10 19:44:08+00:00,-91.0,-65.0,-68.0,-75.75,-67.8,-62.75,-69.75,-79.0,-59.0,-75.6,-72.25,hallway_lower
2017-04-10 19:44:09+00:00,-83.0,-66.2,-79.25,-75.0,-77.5,-70.0,-73.0,-82.0,-72.5,-76.2,-76.25,hallway_lower
2017-04-10 19:44:10+00:00,-75.75,-59.0,-77.5,-81.0,-83.5,-71.25,-66.8,-77.75,-73.66666666666667,-75.33333333333333,-69.75,hallway_lower
2017-04-10 19:44:11+00:00,-74.0,-59.75,-75.0,-73.5,-75.0,-66.25,-70.0,-81.25,-58.666666666666664,-80.66666666666667,-73.6,hallway_lower
2017-04-10 19:44:12+00:00,-81.0,-58.0,-72.0,-74.4,-79.25,-77.5,-67.25,-79.66666666666667,-69.66666666666667,-74.2,-71.0,hallway_lower
2017-04-10 19:44:13+00:00,-79.66666666666667,-66.0,-78.0,-72.66666666666667,-72.66666666666667,-71.2,-68.4,-82.0,-62.5,-78.5,-74.0,hallway_lower
2017-04-10 19:44:14+00:00,-74.33333333333333,-67.6,-86.0,-80.75,-70.25,-69.66666666666667,-89.5,-84.0,-78.0,-82.33333333333333,-79.5,hallway_lower
2017-04-10 19:44:16+00:00,-76.2,-83.5,-81.5,-86.33333333333333,-78.2,-82.66666666666667,-74.0,-85.0,-69.0,-74.5,-73.2,stairs
2017-04-10 19:44:17+00:00,-77.5,-77.0,-83.0,-83.0,-77.0,-85.5,-80.0,-83.5,-66.0,-75.75,-79.0,stairs
2017-04-10 19:44:18+00:00,-77.25,-74.5,-79.25,-83.0,-80.8,-86.33333333333333,-83.0,-75.0,-69.75,-87.0,-71.5,stairs
2017-04-10 19:44:19+00:00,-76.33333333333333,-83.4,-79.25,-74.66666666666667,-77.8,-93.0,-75.75,-84.0,-73.33333333333333,-73.0,-73.2,stairs
2017-04-10 19:44:21+00:00,-63.5,-77.0,-76.0,-80.0,-84.0,-83.66666666666667,-80.75,-81.0,-75.66666666666667,-70.66666666666667,-65.25,stairs
2017-04-10 19:44:22+00:00,-76.0,-88.0,-85.66666666666667,-84.25,-83.66666666666667,-84.5,-86.0,-81.2,-70.0,-70.4,-66.5,stairs
2017-04-10 19:44:23+00:00,-68.2,-90.25,-79.0,-96.0,-84.33333333333333,-82.5,-76.66666666666667,-82.5,-80.0,-71.8,-79.0,stairs
2017-04-10 19:44:24+00:00,-62.2,-86.66666666666667,-88.75,-90.0,-92.0,-89.0,-73.0,-83.5,-78.0,-70.0,-81.5,stairs
2017-04-10 19:44:26+00:00,-57.333333333333336,-90.66666666666667,-83.33333333333333,-86.0,-83.5,-83.5,-79.0,-81.2,-78.33333333333333,-68.0,-83.75,hallway_upper
2017-04-10 19:44:27+00:00,-54.25,-83.0,-85.0,-84.0,-120.0,-93.5,-78.0,-76.0,-90.0,-77.0,-66.66666666666667,hallway_upper
2017-04-10 19:44:28+00:00,-60.0,-89.75,-84.0,-83.0,-86.0,-80.0,-81.25,-77.4,-78.0,-74.0,-83.5,hallway_upper
2017-04-10 19:44:29+00:00,-79.0,-91.33333333333333,-80.2,-86.0,-96.0,-78.33333333333333,-71.5,-82.0,-80.75,-79.33333333333333,-73.0,hallway_upper
2017-04-10 19:44:30+00:00,-85.25,-85.0,-78.25,-87.0,-83.33333333333333,-83.0,-68.4,-84.5,-79.0,-73.25,-75.66666666666667,hallway_upper
2017-04-10 19:44:31+00:00,-82.75,-96.5,-70.25,-80.2,-83.8,-83.75,-61.0,-82.66666666666667,-74.0,-68.0,-81.75,hallway_upper
2017-04-10 19:44:32+00:00,-78.0,-83.75,-63.5,-75.33333333333333,-80.33333333333333,-79.5,-61.0,-92.5,-81.0,-65.0,-83.66666666666667,hallway_upper
2017-04-10 19:44:33+00:00,-81.2,-84.0,-59.2,-69.0,-77.33333333333333,-77.75,-70.0,-86.0,-83.25,-67.8,-84.5,bedroom_1
2017-04-10 19:44:34+00:00,-77.4,-84.5,-60.6,-65.25,-80.5,-76.75,-70.33333333333333,-120.0,-120.0,-68.75,-93.33333333333333,bedroom_1
2017-04-10 19:44:35+00:00,-72.66666666666667,-80.33333333333333,-50.75,-62.25,-72.5,-67.5,-77.0,-89.0,-90.5,-65.5,-90.5,bedroom_1
2017-04-10 19:44:36+00:00,-79.6,-81.5,-60.5,-70.2,-75.5,-75.4,-73.33333333333333,-120.0,-83.0,-73.5,-94.33333333333333,bedroom_1
2017-04-10 19:44:37+00:00,-84.5,-80.5,-68.5,-70.25,-81.66666666666667,-77.66666666666667,-74.75,-120.0,-81.66666666666667,-65.25,-88.25,bedroom_1
2017-04-10 19:44:38+00:00,-90.0,-79.5,-64.5,-66.0,-76.8,-82.0,-73.75,-88.5,-89.0,-68.33333333333333,-82.5,bedroom_1
2017-04-10 19:44:39+00:00,-77.5,-83.66666666666667,-56.0,-59.8,-76.75,-67.75,-69.66666666666667,-120.0,-87.33333333333333,-64.75,-89.5,bedroom_1
2017-04-10 19:44:40+00:00,-86.0,-84.25,-59.2,-53.0,-67.0,-66.0,-69.5,-120.0,-80.0,-66.33333333333333,-96.0,bedroom_1
2017-04-10 19:44:41+00:00,-79.33333333333333,-86.8,-54.75,-52.0,-74.2,-64.25,-59.5,-120.0,-77.75,-72.6,-89.5,bedroom_1
2017-04-10 19:44:42+00:00,-75.5,-83.25,-52.0,-57.4,-79.75,-76.8,-65.33333333333333,-96.0,-87.5,-62.75,-86.33333333333333,bedroom_1
2017-04-10 19:44:43+00:00,-77.0,-79.0,-60.25,-64.0,-75.0,-63.25,-66.33333333333333,-92.0,-80.33333333333333,-70.75,-85.0,bedroom_1
2017-04-10 19:44:47+00:00,-83.5,-85.25,-70.25,-68.75,-59.333333333333336,-64.0,-84.25,-120.0,-73.33333333333333,-68.6,-88.5,bedroom_1
2017-04-10 19:44:48+00:00,-87.0,-80.5,-68.5,-58.5,-74.25,-73.2,-82.2,-102.0,-91.25,-74.75,-87.75,bedroom_1
2017-04-10 19:44:49+00:00,-83.0,-88.5,-67.66666666666667,-57.8,-72.0,-70.8,-75.33333333333333,-120.0,-77.0,-70.2,-92.0,bedroom_1
2017-04-10 19:44:50+00:00,-79.66666666666667,-79.5,-74.66666666666667,-54.0,-78.75,-63.25,-88.0,-120.0,-77.5,-76.0,-87.0,bedroom_1
2017-04-10 19:44:51+00:00,-85.0,-84.0,-68.0,-67.25,-71.66666666666667,-74.66666666666667,-63.666666666666664,-120.0,-79.5,-67.75,-92.0,bedroom_1
2017-04-10 19:44:52+00:00,-70.5,-83.0,-67.25,-68.0,-86.33333333333333,-75.75,-77.0,-120.0,-82.5,-65.0,-90.0,bedroom_1
2017-04-10 19:44:53+00:00,-72.6,-76.0,-64.4,-63.25,-81.4,-79.25,-67.66666666666667,-90.5,-85.0,-63.5,-91.5,bedroom_1
2017-04-10 19:44:54+00:00,-83.5,-83.75,-52.8,-59.5,-73.25,-66.75,-69.75,-86.5,-75.0,-74.33333333333333,-92.25,bedroom_1
2017-04-10 19:44:56+00:00,-79.5,-85.33333333333333,-60.0,-68.0,-73.66666666666667,-70.0,-71.5,-120.0,-120.0,-71.6,-86.5,bedroom_1
2017-04-10 19:44:57+00:00,-92.0,-82.33333333333333,-61.0,-71.4,-72.25,-73.2,-69.8,-120.0,-90.0,-68.0,-90.5,bedroom_1
2017-04-10 19:44:58+00:00,-84.33333333333333,-91.0,-49.0,-68.33333333333333,-83.75,-62.0,-71.66666666666667,-120.0,-79.0,-68.2,-78.5,bedroom_1
2017-04-10 19:44:59+00:00,-82.0,-89.0,-55.666666666666664,-78.5,-79.5,-71.0,-63.8,-86.0,-77.0,-61.0,-87.0,bedroom_1
2017-04-10 19:45:00+00:00,-89.0,-85.0,-42.25,-75.0,-86.33333333333333,-78.8,-61.0,-94.75,-73.0,-62.75,-83.0,bedroom_1
2017-04-10 19:45:01+00:00,-85.0,-86.75,-59.25,-76.0,-80.25,-73.6,-61.4,-94.33333333333333,-86.0,-57.333333333333336,-80.0,bedroom_1
2017-04-10 19:45:02+00:00,-85.66666666666667,-82.0,-72.8,-65.0,-72.66666666666667,-73.25,-71.5,-120.0,-85.5,-79.75,-92.0,bedroom_1
2017-04-10 19:45:04+00:00,-89.5,-83.25,-65.75,-51.25,-68.33333333333333,-66.4,-77.4,-120.0,-84.0,-72.0,-82.5,bedroom_1
2017-04-10 19:45:05+00:00,-81.5,-86.5,-74.66666666666667,-51.6,-76.4,-70.75,-78.75,-120.0,-74.5,-75.0,-90.0,bedroom_1
2017-04-10 19:45:06+00:00,-85.8,-88.5,-72.5,-60.25,-80.5,-69.0,-80.33333333333333,-120.0,-86.0,-75.5,-88.5,bedroom_1
2017-04-10 19:45:07+00:00,-80.0,-85.75,-68.75,-62.0,-88.0,-79.6,-83.66666666666667,-120.0,-80.5,-67.0,-97.0,bedroom_1
2017-04-10 19:45:08+00:00,-84.5,-83.25,-65.33333333333333,-76.0,-84.4,-76.0,-75.6,-120.0,-79.0,-59.333333333333336,-80.5,bedroom_1
2017-04-10 19:45:09+00:00,-69.75,-75.33333333333333,-70.33333333333333,-77.8,-85.0,-72.0,-75.25,-83.66666666666667,-74.5,-65.33333333333333,-89.5,bedroom_1
2017-04-10 19:45:10+00:00,-71.8,-77.6,-67.4,-78.0,-84.0,-74.2,-71.0,-79.75,-77.66666666666667,-70.2,-90.5,bedroom_1
2017-04-10 19:45:11+00:00,-79.0,-79.25,-65.33333333333333,-71.0,-86.0,-78.2,-79.25,-85.25,-82.25,-64.4,-86.66666666666667,bedroom_1
2017-04-10 19:45:12+00:00,-72.5,-78.5,-70.0,-75.4,-80.4,-70.2,-77.4,-82.66666666666667,-91.0,-68.25,-87.2,bedroom_1
2017-04-10 19:45:13+00:00,-74.75,-78.66666666666667,-61.6,-77.0,-74.25,-74.66666666666667,-77.33333333333333,-76.5,-81.0,-62.75,-80.5,bedroom_1
2017-04-10 19:45:14+00:00,-75.0,-84.0,-70.5,-78.25,-81.25,-78.33333333333333,-76.5,-120.0,-88.0,-74.0,-85.66666666666667,bedroom_1
2017-04-10 19:45:15+00:00,-88.0,-76.75,-63.25,-75.25,-83.5,-77.6,-70.0,-100.0,-80.0,-71.0,-86.33333333333333,bedroom_1
2017-04-10 19:45:16+00:00,-78.66666666666667,-75.5,-73.75,-75.66666666666667,-75.33333333333333,-79.0,-73.75,-91.0,-89.33333333333333,-64.25,-87.0,bedroom_1
2017-04-10 19:45:17+00:00,-77.33333333333333,-79.75,-61.666666666666664,-78.33333333333333,-86.0,-76.0,-76.0,-84.0,-72.0,-71.0,-91.5,bedroom_1
2017-04-10 19:45:18+00:00,-70.6,-81.0,-66.5,-77.25,-72.5,-73.0,-73.25,-85.0,-85.33333333333333,-64.4,-83.0,bedroom_1
2017-04-10 19:45:19+00:00,-87.0,-86.33333333333333,-83.0,-80.0,-77.0,-77.0,-78.25,-88.75,-81.0,-71.66666666666667,-89.33333333333333,hallway_upper
2017-04-10 19:45:20+00:00,-68.2,-86.0,-78.0,-83.0,-90.0,-82.4,-81.0,-82.4,-93.0,-66.6,-78.5,hallway_upper
2017-04-10 19:45:21+00:00,-71.66666666666667,-82.25,-85.0,-84.0,-79.8,-78.33333333333333,-74.8,-84.33333333333333,-82.5,-63.2,-86.0,hallway_upper
2017-04-10 19:45:22+00:00,-69.33333333333333,-87.0,-83.5,-88.5,-85.5,-120.0,-80.0,-81.25,-74.66666666666667,-57.5,-80.0,hallway_upper
2017-04-10 19:45:23+00:00,-62.2,-77.6,-82.33333333333333,-82.25,-88.25,-89.66666666666667,-80.5,-75.2,-81.0,-72.4,-69.5,hallway_upper
2017-04-10 19:45:24+00:00,-69.0,-75.25,-81.5,-81.75,-80.66666666666667,-74.2,-75.75,-85.33333333333333,-90.0,-61.333333333333336,-71.25,hallway_upper
2017-04-10 19:45:25+00:00,-62.0,-76.5,-84.33333333333333,-84.2,-87.5,-75.25,-73.0,-81.25,-74.0,-64.0,-81.0,hallway_upper
2017-04-10 19:45:26+00:00,-63.5,-76.5,-87.25,-89.75,-84.5,-73.33333333333333,-72.2,-79.4,-77.8,-61.0,-84.33333333333333,hallway_upper
2017-04-10 19:45:27+00:00,-64.4,-67.0,-80.5,-83.0,-84.4,-81.25,-75.33333333333333,-83.33333333333333,-79.5,-66.2,-81.0,hallway_upper
2017-04-10 19:45:28+00:00,-61.0,-89.4,-81.25,-98.0,-84.5,-84.5,-71.66666666666667,-70.0,-83.0,-80.25,-82.5,bathroom_toilet
2017-04-10 19:45:29+00:00,-59.6,-92.33333333333333,-92.0,-120.0,-91.5,-120.0,-85.0,-70.8,-90.25,-83.75,-88.5,bathroom_toilet
2017-04-10 19:45:30+00:00,-58.25,-86.0,-85.25,-120.0,-92.0,-120.0,-77.0,-66.25,-85.33333333333333,-78.6,-91.66666666666667,bathroom_toilet
2017-04-10 19:45:31+00:00,-49.5,-120.0,-89.75,-120.0,-120.0,-120.0,-102.0,-72.5,-81.0,-77.6,-120.0,bathroom_toilet
2017-04-10 19:45:32+00:00,-51.0,-90.0,-89.0,-83.0,-94.0,-120.0,-83.0,-68.4,-78.5,-74.75,-94.5,bathroom_toilet
2017-04-10 19:45:33+00:00,-57.0,-84.75,-84.5,-95.0,-88.0,-89.5,-83.75,-77.5,-79.0,-75.0,-87.0,bathroom_toilet
2017-04-10 19:45:34+00:00,-51.2,-83.0,-82.5,-93.0,-120.0,-89.66666666666667,-77.0,-69.5,-120.0,-75.66666666666667,-91.0,bathroom_toilet
2017-04-10 19:45:35+00:00,-60.333333333333336,-92.0,-86.2,-85.5,-101.0,-83.5,-85.33333333333333,-70.25,-75.0,-71.0,-120.0,bathroom_toilet
2017-04-10 19:45:36+00:00,-43.0,-85.0,-90.5,-87.0,-94.5,-98.0,-79.0,-73.0,-86.0,-73.0,-96.66666666666667,bathroom_toilet
2017-04-10 19:45:37+00:00,-50.0,-89.75,-88.33333333333333,-86.66666666666667,-97.5,-88.33333333333333,-89.66666666666667,-63.0,-79.5,-74.4,-88.0,bathroom_toilet
2017-04-10 19:45:38+00:00,-43.0,-98.0,-89.0,-120.0,-120.0,-120.0,-86.0,-70.2,-92.0,-83.75,-120.0,bathroom_toilet
2017-04-10 19:45:52+00:00,-46.75,-120.0,-88.0,-120.0,-120.0,-90.0,-90.5,-70.0,-98.0,-77.0,-97.0,bathroom_toilet
2017-04-10 19:45:53+00:00,-41.4,-85.33333333333333,-83.0,-84.5,-99.0,-84.0,-120.0,-73.6,-86.0,-78.6,-99.0,bathroom_toilet
2017-04-10 19:45:54+00:00,-43.333333333333336,-78.75,-80.0,-89.0,-89.0,-86.2,-80.0,-74.0,-79.5,-71.0,-88.0,bathroom_toilet
2017-04-10 19:45:55+00:00,-52.6,-84.0,-88.0,-91.0,-93.33333333333333,-89.33333333333333,-88.0,-70.75,-71.5,-68.6,-93.5,bathroom_toilet
2017-04-10 19:45:56+00:00,-38.25,-91.66666666666667,-84.25,-120.0,-96.0,-85.0,-84.0,-69.75,-77.0,-74.6,-86.5,bathroom_toilet
2017-04-10 19:45:57+00:00,-37.25,-83.0,-87.0,-103.0,-91.0,-89.0,-84.66666666666667,-75.0,-90.0,-72.0,-100.66666666666667,bathroom_toilet
2017-04-10 19:45:58+00:00,-40.0,-77.0,-89.0,-86.0,-120.0,-82.33333333333333,-88.0,-74.0,-92.33333333333333,-79.75,-93.0,bathroom_toilet
2017-04-10 19:45:59+00:00,-48.0,-90.0,-93.75,-120.0,-96.0,-86.0,-120.0,-70.0,-72.0,-82.0,-90.0,bathroom_toilet
2017-04-10 19:46:00+00:00,-45.0,-98.0,-86.0,-120.0,-120.0,-87.66666666666667,-81.0,-72.6,-71.0,-81.0,-88.0,bathroom_toilet
2017-04-10 19:46:01+00:00,-38.0,-90.25,-84.0,-120.0,-93.5,-77.0,-85.0,-77.0,-120.0,-79.5,-120.0,bathroom_toilet
2017-04-10 19:46:02+00:00,-44.666666666666664,-84.25,-89.0,-120.0,-89.0,-90.0,-88.5,-70.8,-91.0,-76.8,-120.0,bathroom_toilet
2017-04-10 19:46:03+00:00,-38.0,-91.0,-89.5,-94.5,-92.0,-96.0,-86.66666666666667,-71.4,-92.5,-80.0,-86.5,bathroom_toilet
2017-04-10 19:46:04+00:00,-41.0,-81.5,-91.0,-120.0,-86.0,-86.66666666666667,-95.0,-77.75,-85.5,-77.0,-120.0,bathroom_toilet
2017-04-10 19:46:05+00:00,-42.2,-85.0,-97.0,-120.0,-89.0,-87.0,-83.0,-66.5,-76.33333333333333,-79.33333333333333,-120.0,bathroom_toilet
2017-04-10 19:46:06+00:00,-34.25,-87.33333333333333,-120.0,-120.0,-120.0,-85.25,-78.0,-76.33333333333333,-91.0,-76.33333333333333,-85.5,bathroom_toilet
2017-04-10 19:46:07+00:00,-40.0,-91.33333333333333,-92.8,-120.0,-87.0,-86.0,-82.5,-70.5,-76.0,-75.33333333333333,-87.5,bathroom_toilet
2017-04-10 19:46:08+00:00,-47.75,-86.25,-90.5,-93.0,-95.5,-88.0,-92.0,-75.4,-91.0,-82.0,-89.0,bathroom_toilet
2017-04-10 19:46:09+00:00,-41.0,-87.66666666666667,-120.0,-84.0,-120.0,-85.5,-85.66666666666667,-70.4,-85.0,-70.75,-91.0,bathroom_toilet
2017-04-10 19:46:10+00:00,-50.5,-73.0,-81.0,-83.0,-81.0,-95.0,-77.33333333333333,-66.75,-95.0,-74.33333333333333,-86.0,bathroom_toilet
2017-04-10 19:46:14+00:00,-44.0,-85.0,-87.25,-87.66666666666667,-120.0,-84.5,-83.33333333333333,-77.0,-71.0,-72.66666666666667,-94.0,bathroom_toilet
2017-04-10 19:46:15+00:00,-51.0,-93.0,-85.0,-120.0,-91.0,-78.0,-81.5,-72.5,-89.25,-74.5,-87.0,bathroom_toilet
2017-04-10 19:46:16+00:00,-45.5,-86.66666666666667,-85.0,-120.0,-120.0,-120.0,-82.5,-75.0,-80.0,-84.66666666666667,-120.0,bathroom_toilet
2017-04-10 19:46:17+00:00,-39.25,-88.0,-83.5,-98.0,-120.0,-85.5,-88.5,-78.0,-77.0,-76.6,-101.0,bathroom_toilet
2017-04-10 19:46:18+00:00,-43.0,-86.0,-99.0,-120.0,-120.0,-84.0,-88.66666666666667,-73.2,-89.66666666666667,-84.25,-93.0,bathroom_toilet
2017-04-10 19:46:19+00:00,-34.8,-87.2,-120.0,-120.0,-84.0,-87.2,-81.25,-71.75,-85.8,-74.0,-101.0,bathroom_toilet
2017-04-10 19:46:20+00:00,-38.0,-89.0,-120.0,-120.0,-120.0,-90.66666666666667,-84.0,-78.6,-120.0,-78.5,-95.0,bathroom_toilet
2017-04-10 19:46:21+00:00,-43.25,-81.0,-92.0,-120.0,-87.0,-89.0,-85.8,-85.0,-120.0,-79.0,-120.0,bathroom_toilet
2017-04-10 19:46:22+00:00,-30.0,-82.33333333333333,-120.0,-120.0,-100.0,-120.0,-89.0,-78.0,-84.0,-77.5,-91.0,bathroom_toilet
2017-04-10 19:46:23+00:00,-47.25,-81.0,-82.0,-120.0,-87.0,-92.0,-80.0,-75.2,-86.33333333333333,-85.25,-120.0,bathroom_toilet
2017-04-10 19:46:24+00:00,-51.5,-86.5,-91.0,-96.0,-97.0,-84.0,-88.4,-75.5,-92.0,-81.25,-100.0,bathroom_toilet
2017-04-10 19:46:25+00:00,-45.75,-76.0,-86.75,-91.5,-84.0,-91.8,-82.0,-77.25,-84.8,-76.25,-91.5,bathroom_toilet
2017-04-10 19:46:26+00:00,-49.25,-94.0,-85.66666666666667,-90.0,-89.33333333333333,-92.5,-96.0,-77.5,-88.0,-74.0,-86.5,bathroom_toilet
2017-04-10 19:46:27+00:00,-49.5,-85.5,-96.0,-100.0,-87.0,-103.0,-85.0,-66.0,-80.0,-74.0,-91.0,bathroom_toilet
2017-04-10 19:46:28+00:00,-52.333333333333336,-88.5,-96.0,-120.0,-120.0,-120.0,-83.75,-71.75,-89.5,-73.66666666666667,-120.0,bathroom_toilet
2017-04-10 19:46:29+00:00,-52.0,-99.0,-120.0,-120.0,-120.0,-85.0,-82.0,-73.25,-76.0,-75.33333333333333,-120.0,bathroom_toilet
2017-04-10 19:46:30+00:00,-45.666666666666664,-92.33333333333333,-120.0,-120.0,-120.0,-89.0,-120.0,-74.75,-90.0,-78.0,-120.0,bathroom_toilet
2017-04-10 19:46:31+00:00,-49.0,-85.0,-87.0,-120.0,-120.0,-91.0,-120.0,-80.33333333333333,-94.0,-72.0,-120.0,bathroom_toilet
2017-04-10 19:46:32+00:00,-47.0,-89.0,-120.0,-120.0,-120.0,-120.0,-84.0,-84.5,-80.0,-77.75,-120.0,bathroom_toilet
2017-04-10 19:46:33+00:00,-32.0,-86.4,-120.0,-120.0,-120.0,-91.0,-84.0,-70.33333333333333,-120.0,-75.33333333333333,-120.0,bathroom_toilet
2017-04-10 19:46:34+00:00,-40.5,-86.75,-79.0,-86.0,-90.0,-87.0,-86.4,-79.0,-97.0,-77.75,-90.0,bathroom_toilet
2017-04-10 19:46:35+00:00,-29.75,-92.2,-85.0,-120.0,-120.0,-120.0,-92.75,-61.5,-99.0,-71.8,-120.0,bathroom_toilet
2017-04-10 19:46:36+00:00,-27.5,-96.5,-82.75,-120.0,-93.0,-78.0,-85.0,-72.5,-79.33333333333333,-79.2,-98.0,bathroom_toilet
2017-04-10 19:46:40+00:00,-45.8,-120.0,-91.66666666666667,-120.0,-120.0,-90.0,-120.0,-71.4,-83.0,-73.2,-85.0,bathroom_toilet
2017-04-10 19:46:41+00:00,-47.4,-88.0,-99.0,-87.0,-120.0,-85.5,-88.0,-63.5,-92.5,-79.25,-92.66666666666667,bathroom_toilet
2017-04-10 19:46:42+00:00,-45.0,-90.0,-120.0,-120.0,-120.0,-94.0,-120.0,-66.0,-86.5,-74.0,-87.0,bathroom_toilet
2017-04-10 19:46:50+00:00,-40.0,-97.0,-92.0,-120.0,-120.0,-120.0,-93.0,-71.0,-97.0,-81.0,-120.0,bathroom_toilet
2017-04-10 19:46:51+00:00,-37.25,-120.0,-120.0,-120.0,-120.0,-120.0,-87.0,-77.0,-96.0,-86.0,-120.0,bathroom_toilet
2017-04-10 19:46:53+00:00,-56.666666666666664,-84.4,-84.5,-85.5,-90.33333333333333,-86.0,-79.5,-74.0,-68.66666666666667,-73.4,-90.5,bathroom_toilet
2017-04-10 19:46:54+00:00,-57.0,-74.33333333333333,-78.75,-91.0,-86.0,-92.0,-84.0,-62.5,-81.5,-63.5,-81.0,bathroom_toilet
2017-04-10 19:46:55+00:00,-56.0,-87.75,-82.0,-79.0,-89.66666666666667,-81.75,-73.75,-74.6,-80.5,-68.0,-80.66666666666667,bathroom_toilet
2017-04-10 19:46:56+00:00,-65.0,-89.0,-84.0,-95.0,-88.5,-88.0,-76.5,-73.0,-78.66666666666667,-77.0,-99.0,bathroom_toilet
2017-04-10 19:46:57+00:00,-41.5,-92.5,-84.66666666666667,-94.0,-90.0,-93.0,-92.0,-69.0,-84.0,-80.33333333333333,-120.0,bathroom_toilet
2017-04-10 19:46:58+00:00,-54.75,-81.0,-84.5,-92.66666666666667,-89.5,-86.0,-87.6,-73.0,-83.66666666666667,-76.0,-86.25,bathroom_toilet
2017-04-10 19:46:59+00:00,-52.25,-84.5,-83.75,-96.0,-85.0,-100.0,-82.0,-71.33333333333333,-120.0,-86.6,-88.0,bathroom_toilet
2017-04-10 19:47:00+00:00,-61.5,-85.0,-120.0,-95.0,-120.0,-88.0,-81.0,-71.66666666666667,-85.0,-80.25,-97.0,bathroom_toilet
2017-04-10 19:47:01+00:00,-60.0,-88.0,-120.0,-84.0,-120.0,-87.0,-79.0,-75.6,-89.0,-76.5,-91.5,bathroom_toilet
2017-04-10 19:47:02+00:00,-63.8,-80.66666666666667,-88.25,-120.0,-98.0,-81.0,-88.33333333333333,-72.66666666666667,-88.5,-76.0,-79.0,bathroom_toilet
2017-04-10 19:47:03+00:00,-64.0,-85.0,-77.0,-120.0,-120.0,-120.0,-85.0,-73.0,-86.5,-81.0,-86.5,bathroom_toilet
2017-04-10 19:47:04+00:00,-53.0,-83.0,-87.66666666666667,-120.0,-120.0,-85.0,-80.0,-70.66666666666667,-90.5,-81.0,-89.0,bathroom_toilet
2017-04-10 19:47:05+00:00,-52.0,-93.66666666666667,-120.0,-120.0,-120.0,-82.0,-82.66666666666667,-72.75,-120.0,-86.25,-95.0,bathroom_toilet
2017-04-10 19:47:06+00:00,-68.0,-83.0,-73.33333333333333,-83.75,-94.0,-80.6,-74.2,-72.8,-90.0,-72.0,-91.0,hallway_upper
2017-04-10 19:47:07+00:00,-84.5,-81.0,-69.4,-79.5,-78.0,-86.2,-72.0,-83.66666666666667,-64.5,-66.4,-72.2,hallway_upper
2017-04-10 19:47:08+00:00,-67.25,-78.6,-71.0,-92.0,-86.0,-83.0,-78.0,-80.25,-67.0,-71.25,-82.0,hallway_upper
2017-04-10 19:47:09+00:00,-72.0,-120.0,-72.66666666666667,-120.0,-101.0,-81.5,-70.0,-86.33333333333333,-79.25,-82.0,-80.66666666666667,hallway_upper
2017-04-10 19:47:10+00:00,-80.0,-90.0,-79.75,-120.0,-91.5,-87.5,-72.6,-82.33333333333333,-81.25,-79.8,-70.25,bedroom_2
2017-04-10 19:47:11+00:00,-83.25,-87.75,-82.6,-89.5,-86.0,-86.5,-73.0,-90.33333333333333,-77.0,-80.0,-68.8,bedroom_2
2017-04-10 19:47:13+00:00,-85.33333333333333,-120.0,-68.25,-81.0,-79.66666666666667,-78.0,-62.0,-86.33333333333333,-75.25,-70.0,-66.66666666666667,bedroom_2
2017-04-10 19:47:14+00:00,-90.5,-120.0,-58.2,-77.0,-84.66666666666667,-80.0,-54.4,-120.0,-62.75,-66.0,-76.33333333333333,bedroom_2
2017-04-10 19:47:15+00:00,-76.5,-86.5,-55.2,-71.0,-85.25,-85.0,-54.0,-88.66666666666667,-73.66666666666667,-64.5,-85.75,bedroom_2
2017-04-10 19:47:16+00:00,-91.0,-90.33333333333333,-59.5,-73.0,-86.66666666666667,-84.0,-63.25,-98.0,-90.0,-60.0,-81.4,bedroom_2
2017-04-10 19:47:17+00:00,-84.33333333333333,-85.0,-64.5,-71.33333333333333,-87.66666666666667,-79.4,-73.33333333333333,-94.5,-79.66666666666667,-59.0,-79.33333333333333,bedroom_2
2017-04-10 19:47:20+00:00,-74.25,-95.33333333333333,-73.66666666666667,-82.66666666666667,-120.0,-81.75,-69.8,-79.0,-70.5,-72.25,-72.75,bedroom_2
2017-04-10 19:47:21+00:00,-79.2,-79.33333333333333,-79.6,-99.0,-85.0,-85.5,-78.5,-79.0,-76.0,-67.4,-76.0,hallway_upper
2017-04-10 19:47:22+00:00,-70.0,-86.5,-81.6,-81.5,-93.33333333333333,-84.0,-61.8,-87.0,-120.0,-67.0,-80.5,hallway_upper
2017-04-10 19:47:23+00:00,-71.33333333333333,-100.0,-85.0,-88.5,-87.0,-84.0,-66.0,-89.5,-120.0,-80.5,-77.25,hallway_upper
2017-04-10 19:47:24+00:00,-73.75,-86.0,-81.0,-82.66666666666667,-90.0,-79.0,-71.5,-87.33333333333333,-71.0,-76.75,-80.6,hallway_upper
2017-04-10 19:47:25+00:00,-78.66666666666667,-83.0,-76.5,-80.2,-77.33333333333333,-84.0,-64.0,-85.33333333333333,-79.5,-70.0,-75.0,hallway_upper
2017-04-10 19:47:26+00:00,-72.33333333333333,-83.6,-79.8,-79.6,-87.5,-80.8,-73.4,-81.33333333333333,-75.5,-59.2,-77.2,hallway_upper
2017-04-10 19:47:27+00:00,-69.66666666666667,-88.5,-77.75,-79.25,-85.8,-77.33333333333333,-66.6,-86.33333333333333,-75.5,-64.0,-76.25,stairs
2017-04-10 19:47:28+00:00,-74.8,-75.0,-79.25,-87.33333333333333,-78.0,-79.33333333333333,-72.66666666666667,-86.25,-70.33333333333333,-68.0,-82.0,stairs
2017-04-10 19:47:29+00:00,-70.75,-73.4,-71.0,-87.0,-86.75,-87.66666666666667,-70.25,-87.33333333333333,-78.33333333333333,-66.8,-80.0,stairs
2017-04-10 19:47:30+00:00,-78.0,-80.25,-73.5,-88.0,-80.33333333333333,-85.0,-61.75,-85.6,-73.6,-62.5,-76.0,stairs
2017-04-10 19:47:31+00:00,-73.8,-84.5,-75.0,-86.5,-82.0,-86.75,-82.0,-78.66666666666667,-70.5,-74.6,-73.5,stairs
2017-04-10 19:47:32+00:00,-85.0,-76.6,-77.5,-78.33333333333333,-62.75,-81.0,-67.5,-83.0,-52.666666666666664,-77.6,-60.2,stairs
2017-04-10 19:47:33+00:00,-81.0,-76.75,-80.0,-79.5,-62.25,-75.25,-76.75,-81.33333333333333,-64.0,-69.4,-71.8,stairs
2017-04-10 19:47:34+00:00,-87.0,-80.5,-67.5,-79.33333333333333,-62.0,-71.25,-82.5,-86.33333333333333,-69.33333333333333,-74.0,-70.0,hallway_lower
2017-04-10 19:47:35+00:00,-86.6,-74.0,-75.25,-80.0,-76.0,-73.75,-69.2,-84.0,-65.25,-64.0,-77.0,hallway_lower
2017-04-10 19:47:36+00:00,-76.33333333333333,-73.0,-76.5,-82.33333333333333,-69.0,-75.66666666666667,-71.5,-79.25,-69.25,-75.6,-67.5,hallway_lower
2017-04-10 19:47:40+00:00,-76.5,-70.2,-77.5,-87.0,-70.6,-75.4,-78.0,-78.33333333333333,-66.5,-82.2,-73.2,living_area_A
2017-04-10 19:47:41+00:00,-74.5,-67.66666666666667,-86.0,-84.0,-73.25,-69.5,-84.2,-72.75,-74.5,-78.75,-75.0,living_area_A
2017-04-10 19:47:42+00:00,-77.33333333333333,-71.33333333333333,-80.0,-82.0,-77.8,-75.0,-78.0,-69.4,-64.5,-76.0,-65.6,living_area_A
2017-04-10 19:47:43+00:00,-79.0,-70.8,-89.0,-84.75,-70.0,-74.66666666666667,-78.66666666666667,-86.0,-69.66666666666667,-74.6,-60.25,living_area_A
2017-04-10 19:47:44+00:00,-79.0,-86.75,-82.5,-85.5,-78.25,-79.0,-77.75,-74.2,-69.2,-86.0,-72.0,living_area_A
2017-04-10 19:47:45+00:00,-76.5,-88.5,-89.66666666666667,-88.0,-74.25,-86.5,-83.33333333333333,-64.25,-66.25,-77.0,-73.0,living_area_A
2017-04-10 19:47:46+00:00,-70.75,-86.5,-86.0,-88.5,-82.33333333333333,-79.33333333333333,-80.5,-62.8,-68.0,-78.33333333333333,-77.75,living_area_A
2017-04-10 19:47:47+00:00,-74.4,-97.0,-120.0,-87.33333333333333,-81.6,-78.0,-87.0,-66.8,-71.5,-86.5,-73.0,living_area_A
2017-04-10 19:47:48+00:00,-66.2,-90.25,-78.0,-98.0,-80.8,-86.5,-80.66666666666667,-56.25,-66.0,-89.0,-77.6,living_area_A
2017-04-10 19:47:49+00:00,-67.25,-120.0,-120.0,-86.0,-77.5,-90.0,-78.5,-66.2,-120.0,-93.0,-78.25,kitchen
2017-04-10 19:47:50+00:00,-76.25,-98.0,-91.0,-120.0,-84.25,-87.0,-97.0,-56.25,-72.75,-88.0,-85.33333333333333,kitchen
2017-04-10 19:47:51+00:00,-75.0,-91.5,-120.0,-120.0,-78.0,-87.33333333333333,-88.0,-61.333333333333336,-97.0,-82.0,-87.4,kitchen
2017-04-10 19:47:52+00:00,-64.8,-89.0,-120.0,-120.0,-84.5,-76.75,-96.0,-56.25,-77.0,-93.0,-85.66666666666667,kitchen
2017-04-10 19:48:49+00:00,-59.2,-90.0,-86.0,-84.5,-79.4,-78.66666666666667,-86.5,-49.4,-66.25,-88.75,-72.4,kitchen
2017-04-10 19:48:50+00:00,-63.0,-89.0,-84.0,-120.0,-85.0,-76.5,-82.5,-46.25,-67.66666666666667,-82.0,-70.25,kitchen
2017-04-10 19:48:51+00:00,-67.5,-82.0,-85.0,-86.75,-71.25,-67.66666666666667,-79.25,-51.0,-69.33333333333333,-83.33333333333333,-81.0,kitchen
2017-04-10 19:48:52+00:00,-69.0,-85.66666666666667,-89.25,-92.0,-68.75,-68.75,-80.66666666666667,-48.0,-71.33333333333333,-77.25,-78.8,kitchen
2017-04-10 19:48:53+00:00,-71.0,-88.25,-93.5,-88.5,-82.33333333333333,-78.25,-80.0,-49.0,-60.333333333333336,-79.0,-74.5,kitchen
2017-04-10 19:48:54+00:00,-73.6,-88.33333333333333,-88.5,-89.5,-82.33333333333333,-73.25,-90.0,-49.4,-62.666666666666664,-82.66666666666667,-68.5,kitchen
2017-04-10 19:48:55+00:00,-69.0,-90.25,-89.0,-88.33333333333333,-77.0,-79.75,-79.66666666666667,-49.25,-65.8,-79.5,-72.5,kitchen
2017-04-10 19:48:56+00:00,-83.5,-83.5,-85.0,-91.66666666666667,-75.0,-80.75,-80.5,-53.25,-58.333333333333336,-81.2,-71.0,kitchen
2017-04-10 19:48:57+00:00,-71.4,-86.0,-93.66666666666667,-88.0,-78.4,-66.0,-76.0,-50.5,-58.5,-83.4,-82.0,kitchen
2017-04-10 19:48:58+00:00,-71.0,-76.33333333333333,-96.0,-93.5,-81.0,-75.75,-96.5,-57.5,-60.0,-82.25,-73.25,kitchen
2017-04-10 19:48:59+00:00,-62.0,-85.33333333333333,-96.0,-85.0,-79.33333333333333,-79.0,-93.0,-55.6,-70.0,-91.66666666666667,-78.5,kitchen
2017-04-10 19:49:00+00:00,-73.2,-120.0,-120.0,-120.0,-88.6,-87.66666666666667,-80.0,-44.0,-69.33333333333333,-120.0,-79.8,kitchen
2017-04-10 19:49:01+00:00,-77.75,-120.0,-88.0,-120.0,-94.0,-86.66666666666667,-94.5,-52.8,-84.0,-92.5,-79.66666666666667,kitchen
2017-04-10 19:49:18+00:00,-69.6,-86.5,-93.0,-83.0,-89.6,-86.66666666666667,-87.0,-51.5,-74.0,-92.25,-78.0,kitchen
2017-04-10 19:49:19+00:00,-69.5,-83.0,-86.0,-120.0,-86.75,-83.75,-86.5,-41.0,-74.5,-120.0,-70.75,kitchen
2017-04-10 19:49:20+00:00,-68.25,-93.5,-120.0,-120.0,-85.75,-90.0,-120.0,-44.75,-76.0,-120.0,-75.0,kitchen
2017-04-10 19:49:21+00:00,-66.75,-93.0,-120.0,-120.0,-95.0,-88.0,-85.33333333333333,-46.0,-79.0,-86.0,-74.0,kitchen
2017-04-10 19:49:22+00:00,-75.75,-98.0,-99.0,-120.0,-88.25,-87.0,-93.66666666666667,-43.25,-84.0,-93.0,-79.25,kitchen
2017-04-10 19:49:23+00:00,-70.66666666666667,-88.0,-120.0,-120.0,-85.5,-82.6,-86.66666666666667,-41.25,-69.66666666666667,-84.75,-74.0,kitchen
2017-04-10 19:49:24+00:00,-78.0,-83.5,-89.0,-120.0,-87.0,-87.5,-101.0,-53.666666666666664,-80.0,-83.75,-68.6,kitchen
2017-04-10 19:49:25+00:00,-71.2,-87.0,-120.0,-120.0,-85.25,-83.0,-84.0,-50.0,-86.33333333333333,-87.33333333333333,-72.6,kitchen
2017-04-10 19:49:26+00:00,-78.0,-80.0,-120.0,-120.0,-84.5,-86.0,-89.0,-48.0,-90.0,-77.0,-67.0,kitchen
2017-04-10 19:49:27+00:00,-85.66666666666667,-81.5,-94.0,-120.0,-87.8,-120.0,-86.0,-45.25,-82.0,-80.33333333333333,-68.6,kitchen
2017-04-10 19:49:28+00:00,-68.33333333333333,-83.5,-120.0,-120.0,-87.4,-93.5,-120.0,-49.0,-72.0,-92.66666666666667,-69.25,kitchen
2017-04-10 19:49:29+00:00,-73.33333333333333,-95.0,-120.0,-120.0,-77.33333333333333,-86.0,-89.66666666666667,-45.666666666666664,-78.0,-78.5,-71.6,kitchen
2017-04-10 19:49:30+00:00,-75.75,-83.0,-90.0,-120.0,-85.5,-90.5,-95.0,-51.333333333333336,-77.0,-86.5,-62.5,kitchen
2017-04-10 19:49:31+00:00,-67.75,-88.33333333333333,-120.0,-120.0,-87.5,-85.2,-77.5,-43.75,-76.0,-84.75,-71.8,kitchen
2017-04-10 19:49:32+00:00,-73.2,-87.25,-120.0,-120.0,-83.5,-77.5,-95.75,-53.333333333333336,-71.66666666666667,-83.66666666666667,-76.0,kitchen
2017-04-10 19:49:33+00:00,-66.8,-100.0,-94.0,-120.0,-78.33333333333333,-79.0,-82.0,-51.8,-69.5,-82.8,-78.6,kitchen
2017-04-10 19:49:34+00:00,-66.33333333333333,-87.75,-83.5,-95.0,-81.5,-80.5,-77.5,-51.75,-69.6,-90.0,-79.5,living_area_A
2017-04-10 19:49:35+00:00,-69.25,-88.0,-82.0,-83.0,-82.6,-76.0,-78.0,-49.2,-65.75,-82.0,-76.33333333333333,living_area_A
2017-04-10 19:49:36+00:00,-78.33333333333333,-78.0,-79.8,-82.5,-80.75,-74.25,-67.0,-70.0,-63.666666666666664,-73.0,-59.25,living_area_A
2017-04-10 19:49:37+00:00,-67.5,-91.33333333333333,-83.0,-86.66666666666667,-70.5,-75.5,-79.33333333333333,-53.666666666666664,-54.5,-89.33333333333333,-64.25,living_area_A
2017-04-10 19:49:38+00:00,-76.4,-79.8,-86.33333333333333,-81.33333333333333,-84.33333333333333,-70.66666666666667,-80.5,-60.0,-64.5,-84.25,-68.25,living_area_A
2017-04-10 19:49:39+00:00,-80.6,-86.0,-75.75,-74.0,-74.66666666666667,-71.5,-77.0,-78.0,-61.333333333333336,-74.75,-57.0,living_area_A
2017-04-10 19:49:40+00:00,-85.0,-70.5,-71.75,-73.0,-80.0,-72.0,-61.666666666666664,-77.33333333333333,-49.0,-73.66666666666667,-56.0,living_area_A
2017-04-10 19:49:41+00:00,-81.0,-74.75,-70.25,-71.0,-65.25,-63.6,-68.33333333333333,-78.0,-60.5,-70.0,-67.25,living_area_A
2017-04-10 19:49:42+00:00,-85.75,-63.4,-75.8,-84.0,-79.25,-74.33333333333333,-77.5,-82.2,-74.0,-64.66666666666667,-79.25,living_area_A
2017-04-10 19:49:43+00:00,-82.8,-62.0,-80.75,-83.5,-73.0,-59.0,-78.0,-78.6,-73.5,-59.5,-81.4,living_area_A
2017-04-10 19:49:44+00:00,-88.5,-68.75,-80.75,-86.2,-47.75,-73.0,-69.8,-87.0,-72.33333333333333,-66.75,-84.25,living_area_A
2017-04-10 19:49:45+00:00,-87.0,-70.0,-82.33333333333333,-79.0,-64.4,-69.75,-79.0,-81.66666666666667,-74.0,-65.33333333333333,-75.75,living_area_A
2017-04-10 19:49:47+00:00,-83.0,-73.6,-70.66666666666667,-74.4,-73.0,-70.75,-74.6,-75.0,-64.75,-70.6,-70.4,hallway_lower
2017-04-10 19:49:48+00:00,-79.66666666666667,-56.4,-77.66666666666667,-73.75,-67.8,-61.5,-56.0,-96.0,-58.5,-77.0,-81.33333333333333,hallway_lower
2017-04-10 19:49:49+00:00,-80.33333333333333,-68.33333333333333,-78.75,-74.2,-79.8,-71.0,-75.0,-90.66666666666667,-62.0,-77.8,-71.25,hallway_lower
2017-04-10 19:49:50+00:00,-77.25,-61.666666666666664,-85.33333333333333,-73.0,-73.5,-76.25,-77.4,-87.5,-73.0,-82.66666666666667,-76.5,hallway_lower
2017-04-10 19:49:51+00:00,-80.75,-56.75,-81.0,-76.2,-75.5,-75.75,-71.0,-84.0,-71.5,-79.8,-73.0,hallway_lower
2017-04-10 19:49:52+00:00,-74.75,-61.0,-80.0,-74.33333333333333,-67.75,-72.25,-75.66666666666667,-86.0,-72.66666666666667,-77.66666666666667,-82.0,hallway_lower
2017-04-10 19:49:53+00:00,-73.8,-63.0,-84.66666666666667,-85.0,-71.0,-68.5,-90.0,-90.2,-85.5,-77.25,-87.0,hallway_lower
2017-04-10 19:49:54+00:00,-71.0,-73.6,-82.33333333333333,-85.25,-75.66666666666667,-85.0,-77.5,-88.25,-73.5,-79.2,-70.25,stairs
2017-04-10 19:49:55+00:00,-73.5,-73.0,-85.5,-84.0,-80.75,-80.0,-78.6,-83.66666666666667,-78.5,-77.2,-76.25,stairs
2017-04-10 19:49:58+00:00,-65.66666666666667,-73.75,-90.0,-82.5,-82.2,-82.8,-84.0,-83.5,-72.66666666666667,-77.66666666666667,-74.75,stairs
2017-04-10 19:49:59+00:00,-63.6,-80.66666666666667,-89.5,-88.0,-89.66666666666667,-78.5,-72.0,-77.75,-72.2,-80.0,-77.0,stairs
2017-04-10 19:50:00+00:00,-69.4,-89.0,-88.66666666666667,-92.0,-81.0,-82.66666666666667,-78.5,-84.0,-70.66666666666667,-66.0,-82.0,stairs
2017-04-10 19:50:02+00:00,-60.6,-79.33333333333333,-82.66666666666667,-86.66666666666667,-90.0,-83.0,-77.66666666666667,-76.2,-85.0,-67.2,-82.8,hallway_upper
2017-04-10 19:50:03+00:00,-63.0,-81.5,-83.0,-84.0,-88.66666666666667,-87.66666666666667,-79.66666666666667,-72.25,-83.5,-69.0,-80.75,hallway_upper
2017-04-10 19:50:04+00:00,-67.25,-80.66666666666667,-79.2,-85.0,-94.0,-120.0,-85.0,-73.6,-80.0,-74.25,-70.4,hallway_upper
2017-04-10 19:50:05+00:00,-83.0,-84.0,-75.5,-85.0,-86.0,-76.33333333333333,-67.0,-80.33333333333333,-68.33333333333333,-65.5,-74.75,hallway_upper
2017-04-10 19:50:06+00:00,-76.8,-87.33333333333333,-76.0,-82.33333333333333,-84.75,-75.4,-62.0,-82.5,-72.6,-73.0,-78.5,hallway_upper
2017-04-10 19:50:07+00:00,-76.0,-87.33333333333333,-66.0,-78.0,-81.33333333333333,-76.6,-67.5,-87.0,-76.0,-59.6,-85.75,hallway_upper
2017-04-10 19:50:08+00:00,-79.66666666666667,-83.66666666666667,-71.0,-76.25,-83.0,-73.8,-74.5,-85.5,-68.66666666666667,-55.0,-91.66666666666667,bedroom_1
2017-04-10 19:50:09+00:00,-89.5,-79.2,-53.8,-60.2,-77.0,-70.6,-77.0,-120.0,-84.5,-66.6,-89.75,bedroom_1
2017-04-10 19:50:10+00:00,-88.66666666666667,-87.25,-58.25,-53.4,-71.25,-72.66666666666667,-75.0,-90.0,-68.5,-74.2,-91.5,bedroom_1
2017-04-10 19:50:12+00:00,-80.8,-86.0,-38.0,-61.0,-59.8,-72.0,-66.0,-97.0,-73.0,-70.33333333333333,-80.33333333333333,bedroom_1
2017-04-10 19:50:13+00:00,-81.66666666666667,-90.0,-53.8,-65.5,-66.5,-73.5,-68.4,-96.0,-76.5,-68.2,-79.0,bedroom_1
2017-04-10 19:50:14+00:00,-78.0,-85.5,-69.0,-63.666666666666664,-78.33333333333333,-77.66666666666667,-60.666666666666664,-120.0,-79.0,-69.25,-84.66666666666667,bedroom_1
2017-04-10 19:50:15+00:00,-87.0,-85.0,-51.25,-68.2,-77.5,-68.6,-68.6,-88.0,-77.0,-66.75,-84.5,bedroom_1
2017-04-10 19:50:16+00:00,-85.0,-78.0,-62.0,-65.5,-75.33333333333333,-59.0,-72.2,-96.0,-87.0,-63.666666666666664,-84.5,bedroom_1
2017-04-10 19:50:17+00:00,-90.25,-83.8,-53.0,-64.5,-74.0,-64.75,-68.25,-120.0,-85.33333333333333,-75.0,-88.66666666666667,bedroom_1
2017-04-10 19:50:18+00:00,-80.0,-84.0,-55.666666666666664,-60.0,-74.25,-65.25,-73.75,-120.0,-93.0,-72.6,-81.75,bedroom_1
2017-04-10 19:50:19+00:00,-83.5,-82.0,-61.4,-66.66666666666667,-73.25,-77.2,-76.33333333333333,-120.0,-82.75,-66.25,-98.5,bedroom_1
2017-04-10 19:50:20+00:00,-85.0,-86.4,-65.0,-57.0,-66.75,-76.75,-79.0,-120.0,-80.0,-75.2,-87.0,bedroom_1
2017-04-10 19:50:21+00:00,-120.0,-85.75,-70.5,-64.0,-68.2,-63.0,-72.5,-120.0,-84.5,-74.6,-87.0,bedroom_1
2017-04-10 19:50:22+00:00,-89.0,-79.2,-64.33333333333333,-60.5,-70.5,-63.5,-79.75,-120.0,-85.0,-72.25,-80.0,bedroom_1
2017-04-10 19:50:23+00:00,-93.5,-91.5,-58.0,-67.0,-76.5,-67.75,-69.66666666666667,-120.0,-120.0,-71.66666666666667,-88.66666666666667,bedroom_1
2017-04-10 19:50:24+00:00,-90.0,-80.0,-59.2,-71.25,-80.25,-71.0,-66.4,-98.0,-89.0,-68.25,-95.0,bedroom_1
2017-04-10 19:50:25+00:00,-84.0,-79.5,-56.25,-67.0,-78.33333333333333,-66.75,-75.25,-120.0,-79.0,-63.333333333333336,-90.5,bedroom_1
2017-04-10 19:50:26+00:00,-89.8,-87.33333333333333,-61.5,-71.8,-75.5,-70.66666666666667,-73.6,-98.0,-86.5,-68.0,-77.0,bedroom_1
2017-04-10 19:50:27+00:00,-80.8,-79.5,-56.0,-69.0,-87.66666666666667,-73.0,-71.75,-120.0,-82.0,-54.6,-83.0,bedroom_1
2017-04-10 19:50:31+00:00,-86.0,-83.75,-55.666666666666664,-62.25,-81.33333333333333,-67.0,-72.5,-120.0,-78.5,-66.5,-81.0,bedroom_1
2017-04-10 19:50:32+00:00,-120.0,-79.75,-57.5,-64.5,-79.6,-66.5,-70.5,-120.0,-86.0,-64.5,-88.0,bedroom_1
2017-04-10 19:50:33+00:00,-85.5,-83.33333333333333,-54.6,-72.5,-86.33333333333333,-70.75,-64.5,-120.0,-87.33333333333333,-51.5,-91.5,bedroom_1
2017-04-13 14:12:45+00:00,-91.33333333333333,-81.0,-74.25,-74.2,-62.0,-59.8,-78.8,-78.0,-75.75,-77.33333333333333,-86.25,living_area_A
2017-04-13 14:12:46+00:00,-87.25,-75.0,-89.0,-73.0,-61.25,-53.0,-61.0,-79.5,-66.66666666666667,-71.6,-78.0,living_area_A
2017-04-13 14:12:47+00:00,-87.0,-74.25,-85.0,-71.5,-67.4,-57.5,-62.0,-84.0,-68.0,-70.5,-80.8,living_area_A
2017-04-13 14:12:48+00:00,-87.5,-75.0,-77.33333333333333,-70.5,-68.0,-60.2,-69.6,-79.5,-74.0,-75.66666666666667,-77.25,living_area_A
2017-04-13 14:12:49+00:00,-84.0,-71.4,-70.33333333333333,-71.8,-66.2,-53.0,-74.0,-84.75,-64.0,-72.25,-76.6,living_area_A
2017-04-13 14:12:50+00:00,-86.0,-79.33333333333333,-70.0,-77.75,-59.0,-63.0,-69.5,-79.5,-67.66666666666667,-76.75,-80.0,living_area_A
2017-04-13 14:12:51+00:00,-120.0,-83.5,-76.6,-72.8,-74.75,-70.2,-58.75,-84.25,-48.0,-74.33333333333333,-56.0,living_area_A
2017-04-13 14:12:52+00:00,-100.0,-75.33333333333333,-74.0,-66.5,-81.0,-60.25,-68.0,-87.0,-53.5,-73.2,-70.33333333333333,living_area_A
2017-04-13 14:12:53+00:00,-88.33333333333333,-61.0,-74.5,-74.0,-72.33333333333333,-65.0,-72.66666666666667,-82.0,-47.5,-74.0,-75.2,living_area_A
2017-04-13 14:12:54+00:00,-76.25,-72.2,-80.5,-81.25,-79.0,-72.0,-79.0,-81.0,-79.5,-74.75,-69.0,living_area_A
2017-04-13 14:12:55+00:00,-78.0,-87.66666666666667,-88.5,-77.5,-71.0,-79.5,-74.0,-78.0,-66.6,-71.0,-85.0,living_area_A
2017-04-13 14:12:56+00:00,-80.0,-76.2,-74.0,-73.8,-68.0,-75.6,-75.5,-72.5,-67.5,-71.75,-72.5,living_area_A
2017-04-13 14:12:57+00:00,-85.0,-78.6,-84.0,-73.4,-64.4,-70.5,-77.6,-80.5,-64.25,-70.2,-72.4,living_area_A
2017-04-13 14:12:58+00:00,-76.0,-85.0,-87.5,-86.33333333333333,-78.5,-83.25,-75.66666666666667,-72.25,-70.5,-80.66666666666667,-80.75,living_area_A
2017-04-13 14:12:59+00:00,-65.0,-93.5,-91.0,-98.0,-80.25,-78.25,-84.0,-67.0,-69.25,-84.0,-88.33333333333333,kitchen
2017-04-13 14:13:00+00:00,-73.5,-120.0,-96.0,-120.0,-82.0,-120.0,-92.33333333333333,-62.75,-120.0,-87.66666666666667,-90.5,kitchen
2017-04-13 14:13:01+00:00,-69.0,-120.0,-88.0,-91.33333333333333,-79.0,-82.0,-91.66666666666667,-63.25,-68.0,-91.5,-89.25,kitchen
2017-04-13 14:13:02+00:00,-70.0,-120.0,-87.0,-120.0,-84.4,-91.33333333333333,-91.0,-61.25,-83.0,-81.0,-87.66666666666667,kitchen
2017-04-13 14:13:03+00:00,-63.4,-120.0,-96.0,-85.0,-83.2,-85.0,-96.0,-59.25,-78.66666666666667,-88.5,-84.5,kitchen
2017-04-13 14:13:04+00:00,-69.4,-89.5,-92.5,-85.0,-91.0,-93.5,-88.0,-50.4,-71.33333333333333,-86.33333333333333,-79.75,kitchen
2017-04-13 14:13:06+00:00,-65.5,-120.0,-120.0,-120.0,-86.25,-88.6,-88.0,-45.5,-78.8,-81.0,-81.75,kitchen
2017-04-13 14:13:07+00:00,-68.8,-91.0,-84.75,-89.0,-82.0,-79.5,-75.0,-46.5,-79.25,-86.0,-75.2,kitchen
2017-04-13 14:13:08+00:00,-75.0,-80.5,-83.0,-89.5,-81.8,-75.4,-94.66666666666667,-56.0,-79.0,-80.66666666666667,-80.25,kitchen
2017-04-13 14:13:09+00:00,-77.0,-85.5,-69.0,-80.66666666666667,-78.0,-75.75,-84.0,-65.2,-67.0,-78.0,-81.6,kitchen
2017-04-13 14:13:10+00:00,-77.0,-84.33333333333333,-80.0,-79.0,-80.6,-86.0,-80.0,-55.75,-69.66666666666667,-84.66666666666667,-78.66666666666667,kitchen
2017-04-13 14:13:11+00:00,-79.2,-82.0,-88.5,-83.33333333333333,-77.75,-78.75,-85.5,-50.25,-70.5,-90.33333333333333,-77.0,kitchen
2017-04-13 14:13:12+00:00,-80.6,-87.0,-120.0,-89.0,-80.0,-79.66666666666667,-86.0,-54.6,-75.0,-86.5,-74.0,kitchen
2017-04-13 14:13:13+00:00,-75.5,-84.0,-79.5,-87.5,-78.4,-79.5,-87.0,-62.5,-64.66666666666667,-85.5,-76.8,kitchen
2017-04-13 14:13:14+00:00,-74.8,-120.0,-82.0,-87.0,-78.0,-82.5,-87.33333333333333,-41.5,-77.0,-89.33333333333333,-79.0,kitchen
2017-04-13 14:13:15+00:00,-67.0,-120.0,-99.0,-120.0,-84.5,-82.5,-87.2,-60.0,-80.5,-79.5,-87.6,kitchen
2017-04-13 14:13:16+00:00,-68.0,-90.0,-86.0,-80.5,-70.0,-82.4,-87.75,-60.0,-66.0,-90.0,-72.0,kitchen
2017-04-13 14:13:17+00:00,-74.75,-120.0,-81.5,-81.0,-84.0,-81.5,-91.0,-60.0,-71.0,-85.66666666666667,-87.75,kitchen
2017-04-13 14:13:18+00:00,-70.25,-120.0,-88.5,-88.0,-79.0,-82.0,-77.0,-68.0,-76.0,-87.0,-87.5,kitchen
2017-04-13 14:13:19+00:00,-73.6,-90.75,-90.0,-83.5,-85.75,-78.5,-91.0,-46.5,-62.5,-80.75,-77.0,kitchen
2017-04-13 14:13:20+00:00,-73.6,-120.0,-86.0,-92.5,-76.5,-82.5,-94.0,-40.2,-77.33333333333333,-87.0,-72.33333333333333,kitchen
2017-04-13 14:13:21+00:00,-78.25,-97.0,-82.0,-120.0,-84.66666666666667,-82.5,-85.5,-62.0,-79.5,-83.6,-86.25,kitchen
2017-04-13 14:13:22+00:00,-74.25,-98.0,-92.0,-120.0,-88.66666666666667,-88.0,-85.0,-61.0,-74.0,-120.0,-82.0,kitchen
2017-04-13 14:13:23+00:00,-81.25,-84.4,-90.0,-79.0,-75.66666666666667,-84.0,-86.33333333333333,-55.8,-75.8,-81.5,-85.25,kitchen
2017-04-13 14:13:24+00:00,-81.5,-91.33333333333333,-91.0,-85.0,-77.5,-81.75,-82.75,-48.6,-76.0,-82.5,-82.5,kitchen
2017-04-13 14:13:30+00:00,-67.0,-99.0,-84.5,-90.5,-83.5,-80.0,-88.2,-53.0,-75.75,-87.0,-79.6,kitchen
2017-04-13 14:13:31+00:00,-71.5,-120.0,-81.0,-97.0,-90.0,-79.5,-84.66666666666667,-44.0,-78.66666666666667,-79.0,-75.75,kitchen
2017-04-13 14:13:32+00:00,-70.5,-90.0,-99.0,-97.0,-88.4,-77.0,-85.66666666666667,-43.0,-65.5,-89.25,-77.5,kitchen
2017-04-13 14:13:33+00:00,-75.5,-91.33333333333333,-120.0,-120.0,-83.33333333333333,-86.5,-91.25,-49.25,-76.0,-96.0,-83.8,kitchen
2017-04-13 14:13:34+00:00,-67.0,-86.66666666666667,-79.5,-82.0,-81.0,-83.5,-81.25,-49.333333333333336,-67.5,-91.5,-79.33333333333333,kitchen
2017-04-13 14:13:35+00:00,-70.25,-86.75,-87.0,-84.25,-72.0,-84.33333333333333,-95.5,-46.5,-72.5,-88.75,-83.0,kitchen
2017-04-13 14:13:36+00:00,-70.0,-87.0,-120.0,-80.5,-76.8,-74.5,-89.0,-45.25,-77.75,-85.0,-73.5,kitchen
2017-04-13 14:13:37+00:00,-79.0,-87.0,-85.0,-86.33333333333333,-83.33333333333333,-78.25,-87.25,-50.8,-82.5,-120.0,-83.0,kitchen
2017-04-13 14:13:38+00:00,-74.8,-92.0,-91.0,-96.0,-89.0,-80.0,-120.0,-56.666666666666664,-63.0,-90.33333333333333,-86.33333333333333,kitchen
2017-04-13 14:13:39+00:00,-67.0,-88.0,-120.0,-95.5,-73.0,-85.0,-85.0,-44.0,-69.66666666666667,-93.0,-68.75,kitchen
2017-04-13 14:13:40+00:00,-69.6,-86.0,-93.0,-87.0,-92.75,-85.0,-85.5,-45.5,-78.5,-91.5,-76.5,kitchen
2017-04-13 14:13:41+00:00,-75.5,-120.0,-96.0,-120.0,-84.33333333333333,-82.0,-87.66666666666667,-120.0,-72.0,-87.0,-76.2,kitchen
2017-04-13 14:13:42+00:00,-66.0,-120.0,-88.0,-97.0,-86.0,-82.66666666666667,-84.0,-46.5,-76.66666666666667,-86.8,-78.0,kitchen
2017-04-13 14:13:43+00:00,-73.25,-87.0,-84.66666666666667,-95.66666666666667,-83.0,-87.0,-88.33333333333333,-42.5,-73.33333333333333,-91.33333333333333,-75.0,kitchen
2017-04-13 14:13:44+00:00,-74.2,-92.0,-82.5,-88.33333333333333,-89.5,-66.33333333333333,-84.5,-47.0,-76.0,-83.0,-80.0,kitchen
2017-04-13 14:13:45+00:00,-85.66666666666667,-87.5,-84.0,-79.0,-68.0,-76.5,-80.66666666666667,-61.8,-64.6,-85.0,-78.25,living_area_A
2017-04-13 14:13:46+00:00,-84.0,-89.25,-81.0,-87.0,-73.75,-80.0,-77.0,-70.75,-59.0,-82.5,-61.5,living_area_A
2017-04-13 14:13:47+00:00,-78.33333333333333,-84.5,-82.0,-85.8,-79.66666666666667,-77.5,-75.0,-75.0,-68.33333333333333,-85.75,-70.0,living_area_A
2017-04-13 14:13:48+00:00,-120.0,-93.0,-75.0,-82.33333333333333,-81.0,-81.0,-79.75,-73.66666666666667,-56.8,-84.0,-65.25,living_area_A
2017-04-13 14:13:49+00:00,-120.0,-83.0,-86.66666666666667,-91.0,-82.75,-78.75,-74.66666666666667,-77.33333333333333,-77.25,-88.66666666666667,-60.75,living_area_A
2017-04-13 14:13:50+00:00,-94.66666666666667,-80.5,-86.75,-85.5,-89.33333333333333,-81.0,-85.0,-77.0,-77.25,-84.33333333333333,-55.0,living_area_A
2017-04-13 14:13:51+00:00,-90.0,-86.33333333333333,-89.0,-90.0,-79.0,-79.0,-79.8,-76.0,-59.5,-83.75,-53.6,living_area_A
2017-04-13 14:13:53+00:00,-94.5,-82.75,-79.33333333333333,-92.33333333333333,-90.5,-77.5,-77.2,-79.75,-65.75,-88.66666666666667,-51.8,living_area_A
2017-04-13 14:13:54+00:00,-120.0,-79.0,-82.0,-78.2,-82.75,-75.4,-72.6,-81.0,-65.2,-88.0,-64.0,living_area_A
2017-04-13 14:13:55+00:00,-89.0,-81.6,-73.33333333333333,-66.4,-69.5,-70.0,-71.25,-78.0,-56.0,-76.75,-70.4,living_area_A
2017-04-13 14:13:56+00:00,-120.0,-79.5,-76.0,-76.25,-69.2,-67.8,-75.25,-86.66666666666667,-54.25,-75.25,-74.5,living_area_A
2017-04-13 14:13:57+00:00,-87.0,-79.4,-84.0,-78.0,-73.0,-69.25,-73.0,-85.5,-62.5,-81.0,-73.0,living_area_A
2017-04-13 14:13:58+00:00,-120.0,-84.5,-77.25,-65.2,-68.6,-66.8,-73.8,-81.75,-67.4,-79.4,-81.6,living_area_A
2017-04-13 14:13:59+00:00,-120.0,-78.0,-72.33333333333333,-82.0,-74.5,-62.666666666666664,-75.66666666666667,-81.0,-68.33333333333333,-75.5,-81.75,living_area_A
2017-04-13 14:14:00+00:00,-86.5,-77.33333333333333,-70.8,-67.33333333333333,-73.25,-62.25,-72.4,-91.25,-67.5,-82.0,-82.6,living_area_A
2017-04-13 14:14:01+00:00,-93.0,-84.33333333333333,-76.25,-58.0,-68.0,-68.33333333333333,-65.75,-78.0,-63.0,-78.0,-81.0,living_area_A
2017-04-13 14:14:02+00:00,-84.0,-80.5,-72.0,-61.0,-71.25,-61.75,-66.8,-86.0,-57.5,-83.5,-73.5,living_area_B
2017-04-13 14:14:03+00:00,-120.0,-73.25,-72.0,-61.75,-63.0,-62.5,-84.0,-102.0,-71.0,-85.25,-74.66666666666667,living_area_B
2017-04-13 14:14:05+00:00,-87.33333333333333,-75.5,-75.0,-64.8,-54.666666666666664,-67.0,-75.2,-90.5,-68.6,-85.0,-87.0,living_area_B
2017-04-13 14:14:06+00:00,-120.0,-78.5,-71.4,-66.66666666666667,-60.2,-61.8,-77.0,-86.25,-70.5,-84.0,-81.66666666666667,living_area_B
2017-04-13 14:14:07+00:00,-100.0,-68.75,-87.5,-61.75,-69.4,-57.0,-84.0,-88.66666666666667,-80.75,-89.0,-85.75,living_area_B
2017-04-13 14:14:08+00:00,-85.5,-74.5,-91.0,-77.75,-70.33333333333333,-72.33333333333333,-77.66666666666667,-79.75,-70.0,-70.75,-70.66666666666667,living_area_A
2017-04-13 14:14:09+00:00,-74.5,-85.25,-81.33333333333333,-80.75,-78.0,-62.666666666666664,-77.4,-71.0,-74.5,-66.5,-70.8,living_area_A
2017-04-13 14:14:10+00:00,-77.6,-86.0,-84.0,-85.0,-73.75,-74.0,-84.5,-77.66666666666667,-73.5,-80.25,-72.2,living_area_A
2017-04-13 14:14:11+00:00,-81.6,-87.0,-80.25,-81.5,-75.0,-75.25,-82.0,-79.25,-81.0,-72.5,-66.6,living_area_A
2017-04-13 14:14:12+00:00,-73.75,-83.75,-80.33333333333333,-85.75,-66.75,-72.66666666666667,-79.75,-78.75,-68.33333333333333,-82.33333333333333,-62.0,living_area_A
2017-04-13 14:14:13+00:00,-74.5,-74.66666666666667,-85.0,-71.5,-77.25,-76.0,-80.8,-81.4,-67.5,-73.5,-66.75,living_area_A
2017-04-13 14:14:14+00:00,-86.0,-71.33333333333333,-76.75,-74.33333333333333,-71.25,-69.75,-84.8,-76.25,-68.5,-77.0,-69.4,living_area_A
2017-04-13 14:14:15+00:00,-79.5,-72.5,-83.0,-75.0,-70.33333333333333,-59.666666666666664,-78.0,-77.0,-69.66666666666667,-76.75,-67.0,living_area_A
2017-04-13 14:14:16+00:00,-80.0,-68.0,-80.5,-77.25,-82.25,-80.75,-75.5,-69.25,-66.0,-77.0,-72.0,living_area_A
2017-04-13 14:14:17+00:00,-120.0,-72.6,-83.25,-80.4,-77.5,-73.4,-81.66666666666667,-72.4,-78.25,-81.5,-79.0,living_area_A
2017-04-13 14:14:18+00:00,-80.6,-82.0,-80.0,-79.0,-68.66666666666667,-72.33333333333333,-78.5,-79.33333333333333,-62.333333333333336,-75.2,-76.0,living_area_A
2017-04-13 14:14:19+00:00,-64.5,-92.66666666666667,-85.5,-80.33333333333333,-82.4,-81.5,-89.33333333333333,-67.0,-90.0,-84.25,-74.5,kitchen
2017-04-13 14:14:20+00:00,-73.5,-120.0,-120.0,-88.33333333333333,-83.75,-90.0,-85.33333333333333,-62.5,-71.5,-89.0,-80.5,kitchen
2017-04-13 14:14:22+00:00,-68.75,-120.0,-120.0,-90.0,-87.0,-84.0,-88.0,-55.6,-77.75,-88.0,-83.8,kitchen
2017-04-13 14:14:23+00:00,-70.66666666666667,-120.0,-91.0,-86.0,-84.0,-87.66666666666667,-85.66666666666667,-60.75,-77.66666666666667,-95.5,-85.75,kitchen
2017-04-13 14:14:25+00:00,-81.0,-120.0,-120.0,-84.0,-89.5,-83.2,-83.66666666666667,-55.6,-73.66666666666667,-90.5,-81.4,kitchen
2017-04-13 14:14:27+00:00,-70.0,-120.0,-120.0,-120.0,-90.5,-87.5,-91.0,-55.5,-89.0,-87.0,-89.0,kitchen
2017-04-13 14:14:30+00:00,-74.0,-120.0,-120.0,-98.0,-76.66666666666667,-85.5,-83.0,-56.2,-79.33333333333333,-120.0,-83.25,kitchen
2017-04-13 14:14:31+00:00,-72.75,-120.0,-120.0,-85.0,-81.0,-78.0,-88.0,-62.0,-75.0,-89.5,-85.0,kitchen
2017-04-13 14:14:32+00:00,-56.666666666666664,-120.0,-84.0,-82.0,-82.0,-120.0,-98.0,-70.2,-68.5,-85.66666666666667,-91.5,kitchen
2017-04-13 14:14:33+00:00,-56.5,-87.0,-84.0,-85.0,-92.66666666666667,-77.33333333333333,-89.5,-49.5,-72.33333333333333,-120.0,-86.4,kitchen
2017-04-13 14:14:34+00:00,-68.25,-120.0,-88.5,-120.0,-82.6,-85.25,-120.0,-46.75,-79.0,-87.25,-80.4,kitchen
2017-04-13 14:14:35+00:00,-70.0,-120.0,-82.0,-88.0,-78.5,-75.5,-89.25,-48.0,-62.0,-90.66666666666667,-74.66666666666667,kitchen
2017-04-13 14:14:48+00:00,-68.5,-120.0,-86.0,-120.0,-87.0,-120.0,-86.0,-59.2,-79.25,-120.0,-79.75,kitchen
2017-04-13 14:14:49+00:00,-64.0,-120.0,-120.0,-120.0,-80.0,-91.0,-120.0,-61.75,-77.5,-120.0,-84.0,kitchen
2017-04-13 14:14:50+00:00,-65.33333333333333,-120.0,-120.0,-120.0,-92.0,-88.66666666666667,-120.0,-62.25,-76.0,-83.5,-79.0,kitchen
2017-04-13 14:14:51+00:00,-63.6,-120.0,-120.0,-120.0,-89.0,-89.5,-92.0,-53.666666666666664,-79.5,-98.0,-75.5,kitchen
2017-04-13 14:15:00+00:00,-73.2,-99.0,-120.0,-81.0,-63.333333333333336,-83.5,-88.0,-67.4,-65.75,-87.33333333333333,-81.4,kitchen
2017-04-13 14:15:01+00:00,-71.6,-120.0,-87.0,-78.25,-71.8,-76.25,-86.75,-58.6,-82.0,-91.0,-80.6,kitchen
2017-04-13 14:15:02+00:00,-65.4,-86.0,-87.66666666666667,-90.0,-87.0,-84.66666666666667,-83.0,-60.5,-74.5,-87.66666666666667,-79.4,kitchen
2017-04-13 14:15:03+00:00,-70.75,-93.0,-82.0,-83.0,-78.66666666666667,-78.4,-92.66666666666667,-62.25,-79.8,-120.0,-83.0,kitchen
2017-04-13 14:15:04+00:00,-74.0,-90.0,-91.5,-77.0,-81.0,-83.33333333333333,-86.33333333333333,-66.8,-68.33333333333333,-79.0,-82.33333333333333,kitchen
2017-04-13 14:15:05+00:00,-70.0,-88.0,-120.0,-120.0,-79.0,-89.75,-89.33333333333333,-60.25,-73.5,-100.0,-85.66666666666667,kitchen
2017-04-13 14:15:06+00:00,-73.33333333333333,-102.0,-120.0,-120.0,-86.0,-83.0,-92.25,-59.0,-73.66666666666667,-80.0,-81.0,kitchen
2017-04-13 14:15:07+00:00,-75.2,-120.0,-87.0,-120.0,-82.33333333333333,-91.0,-87.66666666666667,-60.4,-84.0,-120.0,-85.6,kitchen
2017-04-13 14:15:08+00:00,-69.0,-120.0,-88.0,-86.0,-89.0,-83.0,-92.66666666666667,-55.0,-76.66666666666667,-88.5,-74.33333333333333,kitchen
2017-04-13 14:15:09+00:00,-73.0,-120.0,-120.0,-99.0,-77.66666666666667,-89.33333333333333,-84.33333333333333,-44.4,-92.0,-87.5,-81.25,kitchen
2017-04-13 14:15:10+00:00,-69.4,-83.0,-85.66666666666667,-87.0,-79.2,-80.4,-95.66666666666667,-50.75,-69.5,-88.75,-69.33333333333333,kitchen
2017-04-13 14:15:11+00:00,-74.0,-88.0,-82.0,-89.5,-84.4,-86.8,-81.4,-42.5,-71.75,-84.6,-77.5,kitchen
2017-04-13 14:15:12+00:00,-56.0,-90.66666666666667,-88.66666666666667,-90.0,-76.0,-80.0,-84.0,-44.25,-73.0,-88.0,-82.33333333333333,kitchen
2017-04-13 14:15:13+00:00,-82.0,-91.0,-80.0,-85.0,-79.25,-78.66666666666667,-90.0,-52.75,-75.5,-87.75,-75.5,kitchen
2017-04-13 14:15:14+00:00,-75.0,-91.0,-120.0,-120.0,-83.5,-84.5,-89.0,-48.0,-67.0,-88.0,-73.5,kitchen
2017-04-13 14:15:15+00:00,-71.0,-120.0,-84.0,-96.0,-82.0,-90.66666666666667,-79.0,-44.6,-69.33333333333333,-92.5,-70.0,kitchen
2017-04-13 14:15:16+00:00,-75.4,-86.0,-86.66666666666667,-120.0,-90.0,-85.66666666666667,-88.4,-40.333333333333336,-76.0,-82.66666666666667,-75.6,kitchen
2017-04-13 14:15:17+00:00,-70.8,-98.0,-92.0,-82.75,-80.6,-80.75,-91.5,-55.8,-78.0,-120.0,-77.25,kitchen
2017-04-13 14:15:18+00:00,-74.75,-120.0,-84.0,-86.75,-77.33333333333333,-80.4,-87.66666666666667,-54.8,-76.0,-90.0,-81.0,kitchen
2017-04-13 14:15:19+00:00,-67.0,-89.0,-95.66666666666667,-85.0,-70.33333333333333,-90.75,-86.0,-54.8,-74.0,-88.0,-80.4,kitchen
2017-04-13 14:15:20+00:00,-75.4,-91.33333333333333,-120.0,-120.0,-80.8,-79.75,-87.0,-53.4,-75.75,-95.5,-71.5,kitchen
2017-04-13 14:15:21+00:00,-68.25,-120.0,-120.0,-93.0,-82.0,-85.66666666666667,-120.0,-53.4,-86.0,-94.5,-67.66666666666667,kitchen
2017-04-13 14:15:22+00:00,-68.0,-120.0,-120.0,-120.0,-99.0,-88.33333333333333,-90.0,-46.0,-74.66666666666667,-120.0,-74.0,kitchen
2017-04-13 14:15:23+00:00,-67.75,-120.0,-120.0,-120.0,-81.66666666666667,-90.0,-120.0,-52.8,-80.0,-89.0,-79.33333333333333,kitchen
2017-04-13 14:15:24+00:00,-59.0,-97.0,-87.0,-100.0,-94.5,-92.0,-78.0,-51.2,-72.66666666666667,-96.5,-74.0,kitchen
2017-04-13 14:15:25+00:00,-69.25,-85.5,-98.66666666666667,-81.0,-79.0,-79.66666666666667,-82.5,-49.0,-69.33333333333333,-91.5,-68.25,kitchen
2017-04-13 14:15:26+00:00,-70.8,-91.0,-90.5,-96.0,-85.6,-78.5,-89.0,-43.4,-69.0,-85.75,-60.333333333333336,kitchen
2017-04-13 14:15:27+00:00,-74.66666666666667,-84.5,-120.0,-120.0,-86.4,-81.0,-92.0,-41.75,-84.0,-91.0,-69.5,kitchen
2017-04-13 14:15:28+00:00,-78.4,-93.25,-87.33333333333333,-120.0,-88.33333333333333,-82.8,-88.2,-47.8,-70.4,-94.5,-71.6,kitchen
2017-04-13 14:15:29+00:00,-73.75,-87.75,-90.5,-120.0,-79.66666666666667,-72.33333333333333,-92.0,-44.666666666666664,-70.33333333333333,-92.0,-73.2,kitchen
2017-04-13 14:15:30+00:00,-73.5,-120.0,-90.33333333333333,-120.0,-78.66666666666667,-81.0,-88.75,-44.5,-71.0,-88.0,-68.75,kitchen
2017-04-13 14:15:31+00:00,-76.4,-89.66666666666667,-94.33333333333333,-120.0,-120.0,-86.0,-92.5,-45.6,-64.66666666666667,-79.0,-71.25,kitchen
2017-04-13 14:15:32+00:00,-77.0,-89.0,-88.25,-120.0,-81.6,-75.66666666666667,-86.5,-46.0,-90.0,-90.0,-71.0,kitchen
2017-04-13 14:15:33+00:00,-79.5,-90.5,-88.33333333333333,-120.0,-82.0,-82.0,-82.0,-45.0,-76.0,-82.0,-70.0,kitchen
2017-04-13 14:15:34+00:00,-72.2,-91.5,-84.5,-120.0,-88.0,-83.8,-91.0,-44.666666666666664,-77.5,-77.0,-77.0,kitchen
2017-04-13 14:15:35+00:00,-74.2,-92.0,-95.0,-120.0,-87.6,-86.0,-90.5,-49.2,-70.5,-120.0,-64.5,kitchen
2017-04-13 14:15:36+00:00,-73.75,-89.75,-90.5,-120.0,-85.8,-81.2,-86.0,-42.5,-72.5,-89.0,-69.0,kitchen
2017-04-13 14:15:37+00:00,-67.75,-91.5,-99.0,-86.0,-91.25,-85.25,-86.75,-47.2,-73.0,-120.0,-68.66666666666667,kitchen
2017-04-13 14:15:38+00:00,-73.6,-88.66666666666667,-86.0,-120.0,-82.2,-78.75,-120.0,-44.5,-70.25,-82.25,-75.2,kitchen
2017-04-13 14:15:39+00:00,-73.6,-93.5,-120.0,-120.0,-89.6,-85.75,-81.0,-48.0,-76.0,-88.0,-69.25,kitchen
2017-04-13 14:15:40+00:00,-75.6,-85.5,-87.33333333333333,-120.0,-84.8,-78.25,-86.5,-45.75,-72.0,-75.0,-72.33333333333333,kitchen
2017-04-13 14:15:41+00:00,-74.8,-89.33333333333333,-93.0,-120.0,-82.0,-83.0,-87.66666666666667,-44.6,-75.5,-90.75,-72.8,kitchen
2017-04-13 14:15:42+00:00,-69.25,-89.0,-92.5,-99.0,-82.0,-82.0,-88.25,-48.0,-69.66666666666667,-96.0,-75.5,kitchen
2017-04-13 14:15:43+00:00,-77.25,-89.75,-94.0,-120.0,-80.5,-82.75,-95.0,-40.666666666666664,-81.0,-81.0,-67.0,kitchen
2017-04-13 14:15:44+00:00,-71.5,-87.75,-92.0,-120.0,-80.75,-80.2,-91.33333333333333,-46.666666666666664,-69.0,-120.0,-75.66666666666667,kitchen
2017-04-13 14:15:45+00:00,-75.2,-89.33333333333333,-91.5,-85.0,-80.0,-85.5,-84.33333333333333,-45.75,-73.0,-72.5,-71.25,kitchen
2017-04-13 14:15:46+00:00,-70.25,-86.0,-93.33333333333333,-98.0,-72.5,-85.0,-85.25,-44.6,-71.0,-82.0,-66.5,kitchen
2017-04-13 14:15:47+00:00,-75.75,-93.5,-93.5,-120.0,-76.75,-80.25,-86.5,-43.2,-71.25,-93.0,-70.25,kitchen
2017-04-13 14:15:48+00:00,-72.5,-90.2,-90.0,-88.0,-86.8,-85.66666666666667,-79.0,-40.25,-72.0,-81.5,-73.25,kitchen
2017-04-13 14:15:49+00:00,-63.0,-100.0,-90.0,-90.5,-77.5,-85.5,-92.66666666666667,-49.0,-77.66666666666667,-85.66666666666667,-76.25,kitchen
2017-04-13 14:15:50+00:00,-77.66666666666667,-120.0,-93.0,-120.0,-90.0,-75.0,-92.0,-55.5,-78.0,-91.0,-80.66666666666667,kitchen
2017-04-13 14:15:51+00:00,-64.8,-120.0,-100.0,-120.0,-87.25,-83.5,-92.0,-57.2,-71.5,-98.0,-82.6,kitchen
2017-04-13 14:15:52+00:00,-73.25,-120.0,-120.0,-86.0,-89.25,-93.66666666666667,-93.5,-62.4,-80.5,-87.0,-88.0,kitchen
2017-04-13 14:15:53+00:00,-80.25,-120.0,-120.0,-83.0,-83.5,-120.0,-82.0,-63.0,-85.5,-94.0,-80.66666666666667,kitchen
2017-04-13 14:15:54+00:00,-80.0,-106.0,-84.0,-88.33333333333333,-79.66666666666667,-84.5,-94.5,-75.0,-72.0,-86.66666666666667,-82.66666666666667,kitchen
2017-04-13 14:15:55+00:00,-70.33333333333333,-120.0,-120.0,-99.0,-80.0,-86.0,-89.5,-61.0,-74.75,-82.5,-82.33333333333333,kitchen
2017-04-13 14:15:56+00:00,-71.25,-120.0,-120.0,-120.0,-85.66666666666667,-98.0,-83.0,-54.75,-81.0,-91.33333333333333,-75.33333333333333,kitchen
2017-04-13 14:15:57+00:00,-74.6,-96.0,-89.0,-100.0,-86.66666666666667,-89.0,-96.0,-46.2,-74.0,-89.5,-73.75,kitchen
2017-04-13 14:15:58+00:00,-77.25,-89.0,-87.0,-85.0,-83.0,-88.25,-87.0,-49.4,-82.25,-73.0,-75.25,kitchen
2017-04-13 14:15:59+00:00,-74.2,-120.0,-120.0,-120.0,-92.5,-86.66666666666667,-87.5,-56.6,-79.5,-86.0,-81.0,kitchen
2017-04-13 14:16:00+00:00,-74.8,-120.0,-120.0,-120.0,-91.5,-84.0,-90.5,-52.666666666666664,-66.33333333333333,-120.0,-78.0,kitchen
2017-04-13 14:16:01+00:00,-82.4,-99.0,-84.0,-120.0,-87.0,-92.5,-84.5,-48.0,-71.66666666666667,-88.5,-75.75,kitchen
2017-04-13 14:16:02+00:00,-73.5,-83.0,-84.5,-120.0,-82.75,-86.25,-91.33333333333333,-39.666666666666664,-67.25,-87.33333333333333,-77.6,kitchen
2017-04-13 14:16:03+00:00,-70.66666666666667,-89.0,-120.0,-120.0,-86.6,-83.0,-89.0,-53.0,-76.5,-85.33333333333333,-74.5,kitchen
2017-04-13 14:16:04+00:00,-76.5,-120.0,-87.0,-80.0,-86.0,-86.0,-97.5,-40.2,-73.0,-84.0,-69.6,kitchen
2017-04-13 14:16:05+00:00,-79.0,-100.0,-91.5,-120.0,-74.33333333333333,-80.0,-83.0,-49.8,-72.0,-84.5,-71.25,kitchen
2017-04-13 14:16:06+00:00,-73.25,-120.0,-95.0,-85.0,-81.0,-87.0,-85.33333333333333,-58.0,-80.33333333333333,-93.0,-90.33333333333333,kitchen
2017-04-13 14:16:07+00:00,-78.0,-94.5,-97.0,-87.25,-84.0,-82.0,-94.0,-71.5,-72.0,-86.33333333333333,-89.6,kitchen
2017-04-13 14:16:08+00:00,-74.25,-89.25,-89.8,-78.33333333333333,-74.0,-90.25,-76.0,-58.25,-62.0,-86.0,-78.6,kitchen
2017-04-13 14:16:09+00:00,-67.75,-87.0,-88.0,-99.0,-82.0,-97.0,-91.66666666666667,-40.5,-72.5,-87.33333333333333,-80.33333333333333,kitchen
2017-04-13 14:16:23+00:00,-73.6,-89.25,-86.25,-88.75,-77.0,-90.0,-84.5,-54.0,-79.33333333333333,-78.5,-74.0,kitchen
2017-04-13 14:16:24+00:00,-72.0,-90.5,-86.66666666666667,-90.33333333333333,-86.5,-78.0,-87.5,-62.25,-76.0,-83.0,-83.5,kitchen
2017-04-13 14:16:25+00:00,-70.8,-87.66666666666667,-85.75,-90.66666666666667,-73.0,-85.25,-90.33333333333333,-53.2,-73.0,-79.75,-70.66666666666667,kitchen
2017-04-13 14:16:26+00:00,-75.75,-120.0,-81.0,-120.0,-86.5,-83.75,-89.0,-39.0,-69.5,-86.0,-73.0,living_area_A
2017-04-13 14:16:27+00:00,-70.0,-80.0,-82.0,-81.5,-83.0,-77.25,-91.0,-52.75,-72.0,-81.66666666666667,-83.25,kitchen
2017-04-13 14:16:28+00:00,-70.75,-90.0,-82.0,-87.33333333333333,-72.75,-70.5,-83.0,-57.666666666666664,-65.25,-81.66666666666667,-81.33333333333333,kitchen
2017-04-13 14:16:29+00:00,-63.25,-86.25,-92.0,-82.5,-73.6,-75.75,-89.0,-52.8,-69.0,-80.33333333333333,-75.5,living_area_A
2017-04-13 14:16:30+00:00,-86.0,-86.75,-79.0,-82.5,-67.0,-67.75,-77.0,-56.8,-52.0,-84.75,-65.4,living_area_A
2017-04-13 14:16:31+00:00,-81.0,-83.66666666666667,-83.0,-80.0,-79.66666666666667,-69.66666666666667,-69.0,-67.25,-75.0,-85.0,-54.333333333333336,living_area_A
2017-04-13 14:16:32+00:00,-77.0,-81.33333333333333,-84.75,-86.33333333333333,-77.75,-83.2,-73.6,-68.4,-62.8,-84.0,-65.66666666666667,living_area_A
2017-04-13 14:16:33+00:00,-85.6,-90.0,-78.5,-80.33333333333333,-83.5,-71.25,-83.33333333333333,-63.0,-71.0,-83.6,-65.25,living_area_A
2017-04-13 14:16:34+00:00,-80.2,-82.0,-89.66666666666667,-90.75,-79.33333333333333,-79.5,-71.66666666666667,-65.0,-74.0,-89.33333333333333,-66.6,living_area_A
2017-04-13 14:16:35+00:00,-93.0,-80.4,-85.25,-87.0,-82.75,-90.0,-78.66666666666667,-67.5,-73.0,-89.5,-60.0,living_area_A
2017-04-13 14:16:36+00:00,-92.0,-83.75,-87.5,-84.75,-78.8,-80.75,-83.0,-75.5,-74.25,-87.25,-56.333333333333336,living_area_A
2017-04-13 14:16:37+00:00,-85.0,-82.66666666666667,-86.75,-85.25,-77.75,-80.66666666666667,-76.25,-78.25,-77.0,-89.66666666666667,-60.8,living_area_A
2017-04-13 14:16:38+00:00,-83.0,-78.66666666666667,-86.5,-120.0,-90.5,-78.6,-80.25,-70.8,-68.75,-93.0,-58.5,living_area_A
2017-04-13 14:16:39+00:00,-89.0,-82.4,-78.5,-84.0,-85.66666666666667,-80.75,-76.0,-74.0,-64.0,-81.0,-47.666666666666664,living_area_A
2017-04-13 14:16:40+00:00,-104.0,-83.0,-81.75,-79.0,-87.5,-77.0,-82.6,-87.0,-71.5,-89.66666666666667,-50.2,living_area_A
2017-04-13 14:16:41+00:00,-120.0,-82.25,-77.5,-87.0,-81.6,-83.5,-81.8,-78.33333333333333,-70.0,-80.0,-50.0,living_area_A
2017-04-13 14:16:42+00:00,-87.0,-82.75,-87.6,-81.66666666666667,-87.0,-84.25,-80.0,-71.75,-76.2,-88.0,-52.75,living_area_A
2017-04-13 14:16:43+00:00,-94.0,-84.0,-85.66666666666667,-80.75,-84.0,-81.0,-89.5,-72.66666666666667,-76.0,-88.0,-61.0,living_area_A
2017-04-13 14:16:44+00:00,-89.0,-83.33333333333333,-88.5,-88.25,-89.0,-77.33333333333333,-75.0,-80.5,-72.66666666666667,-80.0,-63.333333333333336,living_area_A
2017-04-13 14:16:45+00:00,-86.5,-86.5,-87.33333333333333,-96.0,-81.0,-75.25,-85.66666666666667,-76.75,-72.0,-84.66666666666667,-70.75,living_area_A
2017-04-13 14:16:46+00:00,-88.0,-82.4,-92.0,-97.0,-83.0,-78.5,-77.66666666666667,-72.75,-74.0,-88.75,-58.666666666666664,living_area_A
2017-04-13 14:16:47+00:00,-85.0,-86.0,-90.0,-85.0,-82.5,-78.0,-79.5,-68.5,-66.25,-83.0,-59.0,living_area_A
2017-04-13 14:16:48+00:00,-120.0,-81.0,-87.5,-120.0,-80.25,-79.0,-76.2,-91.25,-68.25,-80.66666666666667,-60.0,living_area_A
2017-04-13 14:16:49+00:00,-88.0,-88.5,-76.25,-90.0,-83.66666666666667,-71.66666666666667,-79.0,-88.4,-64.75,-120.0,-52.75,living_area_A
2017-04-13 14:16:50+00:00,-120.0,-84.66666666666667,-87.25,-89.66666666666667,-91.0,-75.66666666666667,-83.0,-87.2,-61.0,-90.33333333333333,-68.66666666666667,living_area_A
2017-04-13 14:16:51+00:00,-120.0,-85.75,-83.5,-80.5,-85.75,-77.75,-79.6,-85.2,-69.0,-85.5,-57.25,living_area_A
2017-04-13 14:16:52+00:00,-81.0,-82.5,-83.5,-82.0,-78.33333333333333,-80.0,-83.0,-69.75,-76.0,-84.0,-57.666666666666664,living_area_A
2017-04-13 14:16:53+00:00,-120.0,-79.8,-92.75,-84.5,-86.0,-81.8,-81.33333333333333,-71.5,-59.333333333333336,-90.5,-47.0,living_area_A
2017-04-13 14:16:54+00:00,-88.0,-82.33333333333333,-80.75,-81.5,-86.25,-81.4,-75.4,-70.66666666666667,-59.0,-90.5,-47.8,living_area_A
2017-04-13 14:16:57+00:00,-82.0,-83.25,-83.0,-89.66666666666667,-76.75,-82.66666666666667,-81.6,-69.25,-69.66666666666667,-84.5,-63.5,living_area_A
2017-04-13 14:16:58+00:00,-91.5,-84.8,-91.0,-88.66666666666667,-85.0,-82.0,-74.75,-76.25,-71.33333333333333,-87.33333333333333,-52.333333333333336,living_area_A
2017-04-13 14:16:59+00:00,-85.75,-78.66666666666667,-88.0,-87.5,-85.66666666666667,-81.75,-81.5,-65.0,-66.33333333333333,-88.25,-61.6,living_area_A
2017-04-13 14:17:00+00:00,-120.0,-82.0,-89.0,-84.0,-89.0,-72.0,-66.75,-72.75,-56.0,-81.0,-55.8,living_area_A
2017-04-13 14:17:01+00:00,-88.66666666666667,-77.2,-75.8,-82.75,-69.66666666666667,-68.0,-77.0,-79.4,-47.5,-74.2,-73.8,living_area_A
2017-04-13 14:17:02+00:00,-91.33333333333333,-85.0,-79.25,-77.6,-61.4,-73.2,-59.5,-84.66666666666667,-50.2,-80.0,-58.666666666666664,living_area_A
2017-04-13 14:17:03+00:00,-84.0,-77.0,-69.6,-74.0,-69.2,-75.5,-74.4,-73.5,-53.2,-69.5,-61.0,living_area_A
2017-04-13 14:17:04+00:00,-80.0,-79.0,-72.75,-67.75,-67.0,-69.66666666666667,-74.2,-81.5,-63.0,-83.6,-64.5,living_area_A
2017-04-13 14:17:05+00:00,-86.8,-78.5,-65.0,-70.0,-73.33333333333333,-71.5,-66.5,-79.4,-66.0,-81.0,-60.0,living_area_A
2017-04-13 14:17:06+00:00,-87.5,-76.0,-70.75,-58.333333333333336,-67.66666666666667,-72.0,-75.0,-81.75,-55.4,-74.0,-63.0,living_area_A
2017-04-13 14:17:07+00:00,-86.0,-77.2,-74.66666666666667,-61.0,-52.8,-70.2,-70.6,-88.66666666666667,-60.8,-77.25,-76.33333333333333,living_area_B
2017-04-13 14:17:08+00:00,-101.0,-79.75,-77.5,-65.75,-63.0,-58.75,-71.33333333333333,-85.33333333333333,-62.333333333333336,-77.66666666666667,-77.0,living_area_B
2017-04-13 14:17:09+00:00,-88.0,-71.75,-66.2,-64.0,-57.0,-62.5,-84.0,-90.5,-64.8,-80.25,-74.25,living_area_B
2017-04-13 14:17:10+00:00,-92.5,-79.33333333333333,-77.2,-67.75,-67.0,-49.75,-80.66666666666667,-84.0,-79.33333333333333,-83.2,-86.0,living_area_B
2017-04-13 14:17:11+00:00,-93.0,-69.2,-73.33333333333333,-70.0,-67.0,-47.333333333333336,-90.0,-82.33333333333333,-83.66666666666667,-81.25,-75.25,living_area_B
2017-04-13 14:17:12+00:00,-92.0,-77.2,-78.33333333333333,-71.5,-74.5,-61.0,-84.66666666666667,-85.0,-75.33333333333333,-75.66666666666667,-82.0,living_area_B
2017-04-13 14:17:13+00:00,-120.0,-74.5,-71.0,-61.4,-59.8,-58.2,-84.8,-92.66666666666667,-80.6,-83.5,-73.0,living_area_B
2017-04-13 14:17:14+00:00,-85.5,-79.66666666666667,-79.2,-61.0,-71.75,-68.2,-77.25,-83.8,-60.0,-83.0,-68.5,living_area_B
2017-04-13 14:17:15+00:00,-89.6,-73.25,-77.0,-82.66666666666667,-75.0,-76.5,-80.4,-76.4,-59.666666666666664,-79.5,-59.5,living_area_B
2017-04-13 14:17:16+00:00,-120.0,-78.75,-75.2,-77.66666666666667,-68.0,-72.0,-82.4,-83.0,-77.75,-76.66666666666667,-65.8,living_area_B
2017-04-13 14:17:19+00:00,-87.5,-79.33333333333333,-77.75,-68.25,-65.6,-63.6,-74.75,-79.0,-62.0,-62.666666666666664,-59.5,living_area_B
2017-04-13 14:17:20+00:00,-88.25,-76.0,-70.5,-66.5,-68.4,-62.0,-73.0,-78.5,-53.666666666666664,-65.75,-58.0,living_area_B
2017-04-13 14:17:21+00:00,-83.0,-76.0,-73.0,-67.33333333333333,-68.33333333333333,-62.0,-68.0,-120.0,-60.4,-62.0,-59.2,living_area_B
2017-04-13 14:17:22+00:00,-86.75,-80.33333333333333,-83.66666666666667,-64.25,-63.75,-62.75,-71.6,-76.33333333333333,-71.5,-65.6,-53.666666666666664,living_area_B
2017-04-13 14:17:23+00:00,-85.4,-76.4,-70.4,-65.8,-67.75,-67.6,-72.0,-81.33333333333333,-68.6,-66.0,-55.75,living_area_B
2017-04-13 14:17:24+00:00,-84.4,-75.4,-69.8,-63.2,-59.75,-57.333333333333336,-75.0,-79.33333333333333,-61.8,-61.4,-54.5,living_area_B
2017-04-13 14:17:25+00:00,-89.0,-73.5,-73.5,-62.25,-60.6,-66.6,-71.2,-76.66666666666667,-53.666666666666664,-62.333333333333336,-62.4,living_area_B
2017-04-13 14:17:26+00:00,-88.0,-75.4,-76.0,-63.8,-65.2,-62.25,-76.25,-82.33333333333333,-62.0,-63.333333333333336,-55.666666666666664,living_area_B
2017-04-13 14:17:27+00:00,-87.0,-79.4,-74.0,-70.25,-66.0,-74.5,-76.6,-76.33333333333333,-63.8,-63.0,-52.25,living_area_B
2017-04-13 14:17:28+00:00,-85.33333333333333,-73.0,-71.0,-72.75,-59.5,-70.0,-76.75,-83.33333333333333,-66.33333333333333,-68.0,-58.25,living_area_B
2017-04-13 14:17:29+00:00,-84.0,-79.0,-77.5,-71.33333333333333,-63.8,-69.0,-69.0,-82.0,-65.25,-57.8,-57.333333333333336,living_area_B
2017-04-13 14:17:30+00:00,-81.75,-75.25,-71.4,-70.33333333333333,-68.25,-68.0,-72.0,-79.25,-53.25,-68.25,-49.0,living_area_B
2017-04-13 14:17:31+00:00,-86.0,-70.0,-66.33333333333333,-61.0,-61.333333333333336,-64.66666666666667,-76.0,-79.25,-65.0,-77.25,-59.0,living_area_B
2017-04-13 14:17:32+00:00,-78.5,-82.0,-80.2,-73.33333333333333,-64.0,-58.75,-78.4,-77.4,-62.333333333333336,-77.0,-64.8,living_area_B
2017-04-13 14:17:33+00:00,-78.0,-80.33333333333333,-74.0,-74.66666666666667,-67.0,-62.0,-69.0,-85.0,-65.0,-67.75,-68.0,living_area_B
2017-04-13 14:17:34+00:00,-77.0,-76.2,-71.25,-80.8,-67.0,-65.5,-72.2,-77.0,-63.333333333333336,-74.33333333333333,-69.25,living_area_B
2017-04-13 14:17:35+00:00,-81.0,-76.33333333333333,-70.0,-77.0,-59.0,-66.0,-77.4,-77.75,-77.75,-74.0,-67.0,living_area_B
2017-04-13 14:17:36+00:00,-76.0,-73.4,-73.33333333333333,-82.75,-58.0,-63.4,-79.0,-79.2,-61.25,-67.0,-58.8,living_area_B
2017-04-13 14:17:37+00:00,-76.4,-76.25,-77.2,-74.33333333333333,-62.25,-65.25,-70.25,-78.0,-56.5,-74.75,-56.75,living_area_B
2017-04-13 14:17:38+00:00,-78.75,-79.25,-67.0,-82.66666666666667,-56.5,-64.0,-72.33333333333333,-78.0,-61.4,-75.33333333333333,-62.2,living_area_B
2017-04-13 14:17:39+00:00,-76.25,-88.25,-66.0,-79.0,-64.33333333333333,-68.0,-71.4,-77.66666666666667,-62.333333333333336,-70.33333333333333,-57.666666666666664,living_area_B
2017-04-13 14:17:40+00:00,-76.5,-69.0,-73.4,-74.0,-63.6,-72.0,-79.5,-73.25,-58.2,-75.0,-63.75,living_area_B
2017-04-13 14:17:41+00:00,-79.6,-81.0,-77.5,-74.5,-61.25,-67.0,-73.6,-76.8,-77.5,-76.6,-54.8,living_area_B
2017-04-13 14:17:42+00:00,-75.6,-81.5,-75.75,-81.25,-65.2,-72.5,-69.0,-83.4,-55.75,-71.75,-63.333333333333336,living_area_B
2017-04-13 14:17:43+00:00,-83.0,-81.0,-75.0,-87.0,-65.66666666666667,-73.0,-78.66666666666667,-81.25,-73.5,-75.0,-60.0,living_area_B
2017-04-13 14:17:44+00:00,-79.66666666666667,-86.0,-75.66666666666667,-75.0,-70.75,-71.2,-72.0,-73.8,-73.0,-75.0,-58.25,living_area_B
2017-04-13 14:17:45+00:00,-83.0,-83.2,-81.0,-85.75,-65.25,-64.33333333333333,-76.5,-81.0,-59.75,-69.33333333333333,-61.75,living_area_B
2017-04-13 14:17:46+00:00,-81.25,-85.75,-70.0,-88.0,-65.25,-67.0,-75.25,-76.6,-61.5,-73.0,-54.6,living_area_B
2017-04-13 14:17:47+00:00,-79.4,-76.66666666666667,-68.5,-79.0,-64.0,-71.2,-75.0,-77.5,-51.666666666666664,-74.4,-60.25,living_area_B
2017-04-13 14:17:48+00:00,-76.4,-76.66666666666667,-71.5,-77.5,-70.66666666666667,-68.0,-77.33333333333333,-83.0,-59.5,-74.75,-57.6,living_area_B
2017-04-13 14:17:49+00:00,-80.75,-80.0,-77.0,-80.0,-58.25,-69.66666666666667,-77.0,-79.2,-59.5,-73.8,-61.75,living_area_B
2017-04-13 14:17:50+00:00,-78.2,-80.8,-78.0,-77.0,-62.75,-71.0,-73.0,-79.75,-57.6,-74.75,-59.6,living_area_B
2017-04-13 14:17:51+00:00,-73.0,-85.25,-67.8,-75.66666666666667,-65.0,-68.75,-78.6,-76.66666666666667,-59.75,-68.25,-61.5,living_area_B
2017-04-13 14:17:52+00:00,-78.8,-82.6,-73.2,-78.75,-65.0,-71.25,-74.0,-77.6,-56.0,-77.25,-56.0,living_area_B
2017-04-13 14:17:53+00:00,-82.0,-76.8,-75.0,-82.4,-66.5,-70.75,-72.5,-75.2,-58.4,-77.33333333333333,-64.0,living_area_B
2017-04-13 14:17:54+00:00,-81.2,-78.5,-75.4,-79.0,-57.666666666666664,-69.6,-80.75,-81.75,-59.75,-72.6,-61.75,living_area_B
2017-04-13 14:17:55+00:00,-84.0,-82.0,-76.66666666666667,-76.5,-61.2,-72.66666666666667,-72.75,-75.5,-71.66666666666667,-80.0,-60.25,living_area_B
2017-04-13 14:17:56+00:00,-75.5,-80.5,-73.75,-79.25,-68.75,-65.25,-78.25,-76.33333333333333,-58.25,-73.5,-53.0,living_area_B
2017-04-13 14:17:57+00:00,-81.25,-80.25,-74.25,-74.0,-63.666666666666664,-72.75,-80.0,-78.0,-62.0,-76.75,-61.666666666666664,living_area_B
2017-04-13 14:17:58+00:00,-79.2,-83.6,-75.66666666666667,-79.5,-64.4,-69.0,-79.0,-84.5,-54.8,-72.8,-52.0,living_area_B
2017-04-13 14:17:59+00:00,-77.66666666666667,-84.0,-66.33333333333333,-76.0,-64.2,-71.0,-74.0,-82.0,-59.5,-77.8,-51.5,living_area_B
2017-04-13 14:18:00+00:00,-81.25,-77.25,-73.75,-74.0,-63.2,-71.66666666666667,-73.0,-75.0,-51.75,-72.0,-59.4,living_area_B
2017-04-13 14:18:01+00:00,-75.0,-74.5,-74.75,-76.5,-79.75,-72.0,-72.5,-81.25,-62.75,-72.6,-61.4,living_area_B
2017-04-13 14:18:02+00:00,-82.25,-82.0,-74.75,-83.0,-61.333333333333336,-62.5,-76.33333333333333,-77.0,-64.33333333333333,-74.33333333333333,-59.0,living_area_B
2017-04-13 14:18:03+00:00,-82.75,-78.25,-71.25,-84.75,-61.666666666666664,-69.6,-75.5,-84.0,-62.25,-72.8,-62.75,living_area_B
2017-04-13 14:18:04+00:00,-76.66666666666667,-79.2,-78.33333333333333,-74.2,-61.75,-73.5,-79.33333333333333,-77.0,-56.666666666666664,-68.5,-59.0,living_area_B
2017-04-13 14:18:05+00:00,-79.4,-81.75,-71.66666666666667,-80.0,-67.75,-66.66666666666667,-77.75,-79.8,-71.66666666666667,-76.2,-63.0,living_area_B
2017-04-13 14:18:06+00:00,-81.4,-77.33333333333333,-72.25,-77.0,-74.66666666666667,-72.33333333333333,-76.0,-77.25,-67.0,-72.5,-57.2,living_area_B
2017-04-13 14:18:07+00:00,-76.6,-76.66666666666667,-66.6,-82.0,-75.6,-72.75,-69.8,-77.5,-59.5,-70.4,-57.75,living_area_B
2017-04-13 14:18:08+00:00,-88.0,-77.25,-71.0,-76.0,-67.5,-69.66666666666667,-75.75,-76.75,-62.4,-72.0,-64.75,living_area_B
2017-04-13 14:18:09+00:00,-80.8,-86.0,-80.0,-79.2,-63.25,-64.0,-79.4,-81.0,-62.6,-74.66666666666667,-54.6,living_area_B
2017-04-13 14:18:10+00:00,-78.0,-78.25,-73.8,-78.75,-59.0,-68.5,-75.5,-76.0,-63.8,-73.4,-59.75,living_area_B
2017-04-13 14:18:11+00:00,-76.5,-79.2,-78.8,-85.2,-67.25,-66.2,-72.75,-80.0,-57.75,-73.5,-63.333333333333336,living_area_B
2017-04-13 14:18:12+00:00,-73.33333333333333,-78.0,-70.66666666666667,-120.0,-60.0,-70.5,-82.66666666666667,-79.2,-67.0,-73.0,-63.0,living_area_B
2017-04-13 14:18:13+00:00,-80.25,-84.66666666666667,-71.0,-90.5,-69.0,-72.0,-74.0,-75.5,-70.5,-73.4,-58.5,living_area_B
2017-04-13 14:18:14+00:00,-79.75,-77.5,-77.2,-92.0,-69.33333333333333,-74.75,-75.25,-76.5,-57.2,-72.25,-56.75,living_area_B
2017-04-13 14:18:15+00:00,-81.6,-82.6,-74.25,-75.5,-64.75,-67.33333333333333,-77.4,-80.0,-61.25,-77.0,-52.333333333333336,living_area_B
2017-04-13 14:18:16+00:00,-80.0,-78.0,-77.75,-83.33333333333333,-71.75,-64.25,-75.0,-76.6,-57.0,-75.0,-57.5,living_area_B
2017-04-13 14:18:17+00:00,-78.0,-78.5,-77.75,-82.33333333333333,-62.25,-65.0,-73.66666666666667,-77.2,-56.666666666666664,-75.5,-57.0,living_area_B
2017-04-13 14:18:18+00:00,-80.25,-82.0,-72.75,-87.33333333333333,-62.0,-68.66666666666667,-76.2,-83.8,-58.5,-80.25,-58.0,living_area_B
2017-04-13 14:18:19+00:00,-76.5,-82.66666666666667,-72.33333333333333,-87.33333333333333,-57.0,-74.5,-79.0,-82.5,-61.666666666666664,-75.33333333333333,-52.0,living_area_B
2017-04-13 14:18:20+00:00,-71.5,-79.2,-69.5,-79.6,-67.25,-68.0,-79.0,-78.75,-61.666666666666664,-78.0,-58.0,living_area_B
2017-04-13 14:18:21+00:00,-76.33333333333333,-81.0,-76.0,-79.25,-61.25,-71.5,-78.25,-76.25,-51.0,-72.5,-61.0,living_area_B
2017-04-13 14:18:22+00:00,-80.5,-78.0,-76.0,-76.5,-64.6,-71.0,-74.33333333333333,-76.66666666666667,-59.25,-74.0,-55.75,living_area_B
2017-04-13 14:18:23+00:00,-77.0,-78.25,-72.5,-75.8,-69.4,-72.8,-75.0,-80.0,-67.25,-70.0,-59.2,living_area_B
2017-04-13 14:18:24+00:00,-77.75,-80.4,-71.66666666666667,-84.25,-66.5,-69.5,-80.66666666666667,-78.0,-67.75,-74.2,-59.75,living_area_B
2017-04-13 14:18:25+00:00,-78.8,-81.6,-77.8,-81.75,-60.0,-72.8,-85.4,-82.66666666666667,-62.25,-74.75,-63.5,living_area_B
2017-04-13 14:18:26+00:00,-81.5,-81.6,-68.25,-81.0,-68.6,-69.75,-77.5,-77.25,-63.0,-75.75,-58.8,living_area_B
2017-04-13 14:18:27+00:00,-79.5,-71.4,-79.33333333333333,-76.4,-79.0,-70.0,-76.0,-75.0,-58.5,-68.0,-56.6,living_area_B
2017-04-13 14:18:28+00:00,-83.0,-81.6,-78.6,-81.75,-73.25,-68.0,-74.0,-76.66666666666667,-61.8,-77.0,-57.25,living_area_B
2017-04-13 14:18:29+00:00,-76.2,-83.5,-73.33333333333333,-81.33333333333333,-57.333333333333336,-81.0,-82.66666666666667,-79.4,-62.75,-73.6,-58.0,living_area_B
2017-04-13 14:18:30+00:00,-83.33333333333333,-79.0,-75.8,-75.4,-77.2,-73.0,-73.75,-81.25,-63.0,-74.33333333333333,-62.4,living_area_B
2017-04-13 14:18:31+00:00,-71.0,-78.6,-72.0,-79.0,-64.5,-68.4,-79.0,-81.75,-65.2,-75.0,-62.75,living_area_B
2017-04-13 14:18:32+00:00,-80.0,-76.0,-76.5,-83.0,-67.0,-67.0,-68.66666666666667,-77.25,-57.6,-76.66666666666667,-57.5,living_area_B
2017-04-13 14:18:33+00:00,-79.5,-79.0,-74.0,-84.4,-68.0,-65.6,-76.8,-77.0,-68.66666666666667,-80.0,-59.6,living_area_B
2017-04-13 14:18:34+00:00,-77.66666666666667,-78.5,-74.6,-84.66666666666667,-67.5,-66.6,-78.75,-78.0,-61.8,-72.33333333333333,-59.0,living_area_B
2017-04-13 14:18:35+00:00,-78.33333333333333,-84.0,-70.75,-85.5,-70.5,-66.0,-73.75,-77.5,-65.5,-77.0,-57.5,living_area_B
2017-04-13 14:18:36+00:00,-82.75,-81.66666666666667,-66.0,-85.75,-64.2,-65.6,-77.66666666666667,-77.25,-65.2,-76.0,-55.5,living_area_B
2017-04-13 14:18:37+00:00,-78.66666666666667,-79.0,-71.6,-81.8,-66.4,-67.5,-74.8,-80.5,-67.0,-78.0,-61.5,living_area_B
2017-04-13 14:18:38+00:00,-77.75,-85.33333333333333,-77.66666666666667,-89.0,-63.333333333333336,-69.5,-73.0,-80.75,-56.333333333333336,-74.8,-55.333333333333336,living_area_B
2017-04-13 14:18:39+00:00,-81.33333333333333,-86.0,-70.5,-77.0,-70.5,-69.5,-78.5,-76.0,-67.5,-76.25,-56.666666666666664,living_area_B
2017-04-13 14:18:40+00:00,-75.25,-78.25,-76.0,-79.0,-61.0,-73.66666666666667,-79.5,-81.75,-59.75,-72.25,-65.0,living_area_B
2017-04-13 14:18:41+00:00,-75.25,-77.4,-71.0,-75.0,-61.666666666666664,-70.4,-74.0,-86.33333333333333,-63.2,-74.66666666666667,-62.0,living_area_B
2017-04-13 14:18:42+00:00,-76.2,-83.33333333333333,-71.2,-79.25,-64.2,-69.66666666666667,-77.5,-75.66666666666667,-64.66666666666667,-71.8,-58.0,living_area_B
2017-04-13 14:18:43+00:00,-78.0,-79.0,-78.0,-85.0,-73.0,-72.66666666666667,-79.5,-79.2,-56.333333333333336,-73.0,-63.0,living_area_B
2017-04-13 14:18:44+00:00,-76.0,-73.0,-72.2,-74.8,-75.0,-70.6,-75.0,-78.0,-70.0,-73.5,-60.0,living_area_B
2017-04-13 14:18:45+00:00,-80.2,-83.75,-66.33333333333333,-68.0,-64.5,-66.0,-73.33333333333333,-75.6,-71.0,-71.2,-58.5,living_area_B
2017-04-13 14:18:46+00:00,-78.0,-80.5,-77.0,-78.0,-70.2,-68.0,-78.6,-77.75,-72.0,-79.0,-58.25,living_area_B
2017-04-13 14:18:47+00:00,-77.6,-75.5,-80.0,-80.0,-67.6,-75.4,-81.0,-77.75,-60.5,-75.6,-53.75,living_area_B
2017-04-13 14:18:48+00:00,-77.0,-84.25,-71.25,-75.5,-71.0,-66.25,-79.0,-82.0,-57.4,-76.4,-62.0,living_area_B
2017-04-13 14:18:49+00:00,-75.0,-76.2,-75.25,-80.5,-74.5,-70.0,-72.8,-70.66666666666667,-60.8,-70.66666666666667,-60.4,living_area_B
2017-04-13 14:18:50+00:00,-78.0,-77.0,-73.0,-77.4,-67.75,-67.33333333333333,-79.5,-77.0,-54.75,-74.75,-59.0,living_area_B
2017-04-13 14:18:51+00:00,-79.0,-83.0,-75.0,-78.33333333333333,-68.0,-70.4,-74.0,-80.75,-51.5,-69.8,-57.5,living_area_B
2017-04-13 14:18:52+00:00,-81.66666666666667,-80.4,-80.0,-82.25,-75.5,-70.0,-79.0,-80.0,-71.33333333333333,-70.0,-61.5,living_area_B
2017-04-13 14:18:53+00:00,-120.0,-73.25,-72.33333333333333,-76.5,-80.0,-76.0,-67.66666666666667,-74.5,-61.333333333333336,-66.0,-65.66666666666667,living_area_B
2017-04-13 14:18:54+00:00,-79.2,-81.5,-70.0,-74.75,-60.5,-71.25,-81.2,-80.4,-55.5,-75.25,-56.25,living_area_B
2017-04-13 14:18:55+00:00,-81.0,-85.66666666666667,-72.5,-76.0,-63.75,-66.0,-76.8,-78.25,-61.5,-77.2,-59.4,living_area_B
2017-04-13 14:18:56+00:00,-75.0,-74.33333333333333,-76.0,-70.0,-69.0,-65.5,-73.4,-75.33333333333333,-57.0,-68.5,-57.75,living_area_B
2017-04-13 14:18:57+00:00,-75.6,-80.25,-80.5,-76.0,-70.33333333333333,-71.5,-76.25,-79.2,-67.0,-74.75,-64.0,living_area_B
2017-04-13 14:18:58+00:00,-78.75,-74.5,-69.66666666666667,-80.5,-60.0,-78.33333333333333,-79.75,-81.0,-66.33333333333333,-72.25,-58.6,living_area_B
2017-04-13 14:18:59+00:00,-76.5,-84.0,-70.5,-79.0,-71.0,-71.5,-68.33333333333333,-76.0,-81.0,-73.5,-57.0,living_area_B
2017-04-13 14:19:00+00:00,-78.5,-83.75,-68.75,-83.66666666666667,-60.0,-66.25,-77.33333333333333,-81.0,-54.0,-72.75,-50.0,living_area_B
2017-04-13 14:19:01+00:00,-73.75,-78.75,-76.5,-86.0,-63.0,-66.75,-75.66666666666667,-82.6,-61.333333333333336,-72.5,-58.0,living_area_B
2017-04-13 14:19:02+00:00,-80.8,-77.6,-76.33333333333333,-83.33333333333333,-59.333333333333336,-70.25,-74.25,-79.25,-66.33333333333333,-70.25,-58.333333333333336,living_area_B
2017-04-13 14:19:03+00:00,-79.75,-77.25,-72.33333333333333,-89.2,-64.0,-75.2,-70.5,-83.33333333333333,-59.0,-71.0,-61.6,living_area_B
2017-04-13 14:19:04+00:00,-82.25,-82.66666666666667,-81.33333333333333,-85.66666666666667,-76.5,-66.0,-75.75,-74.75,-63.333333333333336,-80.0,-54.8,living_area_B
2017-04-13 14:19:05+00:00,-86.66666666666667,-80.0,-74.0,-77.8,-54.0,-71.33333333333333,-78.0,-78.8,-62.75,-72.0,-63.2,living_area_B
2017-04-13 14:19:06+00:00,-75.8,-83.0,-74.0,-76.66666666666667,-68.75,-67.75,-75.75,-77.2,-66.25,-77.0,-60.5,living_area_B
2017-04-13 14:19:07+00:00,-73.0,-74.75,-72.66666666666667,-74.4,-64.75,-69.4,-76.2,-77.25,-57.6,-78.25,-61.0,living_area_B
2017-04-13 14:19:08+00:00,-82.5,-80.66666666666667,-84.5,-83.25,-66.0,-74.0,-83.66666666666667,-82.25,-59.75,-75.0,-58.0,living_area_B
2017-04-13 14:19:09+00:00,-77.0,-84.5,-74.0,-73.6,-68.25,-72.33333333333333,-74.75,-81.33333333333333,-57.8,-66.0,-59.25,living_area_B
2017-04-13 14:19:10+00:00,-78.6,-84.0,-76.66666666666667,-71.0,-62.333333333333336,-72.0,-77.66666666666667,-82.0,-57.0,-73.2,-52.666666666666664,living_area_B
2017-04-13 14:19:11+00:00,-76.75,-75.75,-76.0,-81.66666666666667,-60.75,-68.2,-80.0,-81.8,-60.0,-79.0,-59.2,living_area_B
2017-04-13 14:19:12+00:00,-83.66666666666667,-78.25,-78.0,-84.5,-71.5,-70.2,-72.0,-73.8,-60.25,-71.5,-60.0,living_area_B
2017-04-13 14:19:13+00:00,-77.6,-79.0,-70.8,-85.0,-64.0,-71.4,-75.0,-78.8,-65.33333333333333,-76.33333333333333,-58.666666666666664,living_area_B
2017-04-13 14:19:14+00:00,-80.66666666666667,-70.33333333333333,-78.25,-76.25,-70.25,-70.75,-75.0,-80.2,-63.0,-76.5,-60.0,living_area_B
2017-04-13 14:19:15+00:00,-77.75,-78.0,-80.75,-74.4,-63.0,-69.0,-77.66666666666667,-72.0,-66.0,-71.0,-60.0,living_area_B
2017-04-13 14:19:16+00:00,-78.66666666666667,-78.0,-69.25,-72.6,-65.4,-73.33333333333333,-70.6,-76.5,-65.2,-73.25,-63.6,living_area_B
2017-04-13 14:19:17+00:00,-85.5,-75.8,-72.5,-70.33333333333333,-71.8,-73.0,-79.0,-74.25,-69.33333333333333,-77.66666666666667,-68.25,living_area_B
2017-04-13 14:19:18+00:00,-80.0,-73.0,-64.66666666666667,-70.2,-70.33333333333333,-66.33333333333333,-75.5,-81.0,-60.333333333333336,-73.0,-69.5,living_area_B
2017-04-13 14:19:19+00:00,-82.0,-80.2,-72.25,-70.25,-71.6,-64.6,-69.33333333333333,-85.0,-68.0,-76.25,-68.25,living_area_B
2017-04-13 14:19:20+00:00,-79.5,-85.25,-71.6,-72.0,-70.4,-66.0,-75.0,-75.75,-120.0,-78.0,-63.0,living_area_B
2017-04-13 14:19:21+00:00,-82.5,-80.2,-73.6,-67.75,-60.5,-68.6,-74.8,-76.5,-58.666666666666664,-70.8,-59.0,living_area_B
2017-04-13 14:19:22+00:00,-75.75,-69.75,-70.6,-71.5,-71.0,-77.5,-76.5,-80.0,-69.33333333333333,-77.75,-66.0,living_area_B
2017-04-13 14:19:23+00:00,-76.66666666666667,-78.25,-74.0,-75.66666666666667,-72.75,-64.33333333333333,-83.66666666666667,-79.66666666666667,-57.8,-71.25,-60.0,living_area_B
2017-04-13 14:19:24+00:00,-82.33333333333333,-73.5,-79.33333333333333,-72.0,-63.0,-65.2,-81.0,-78.8,-68.75,-74.4,-63.2,living_area_B
2017-04-13 14:19:25+00:00,-78.33333333333333,-83.0,-72.0,-83.25,-62.4,-68.2,-80.33333333333333,-72.0,-65.0,-76.5,-59.666666666666664,living_area_B
2017-04-13 14:19:26+00:00,-75.4,-81.0,-62.0,-80.75,-69.75,-64.33333333333333,-74.6,-80.5,-60.75,-80.2,-55.75,living_area_B
2017-04-13 14:19:27+00:00,-78.25,-77.0,-75.0,-78.75,-70.0,-60.0,-78.0,-76.4,-68.0,-75.0,-60.25,living_area_B
2017-04-13 14:19:28+00:00,-75.0,-79.6,-75.8,-77.0,-62.25,-64.6,-72.0,-79.75,-55.8,-72.66666666666667,-56.75,living_area_B
2017-04-13 14:19:29+00:00,-75.0,-77.6,-72.0,-77.0,-61.0,-65.75,-75.25,-75.2,-58.8,-74.6,-59.0,living_area_B
2017-04-13 14:19:30+00:00,-77.5,-74.8,-77.25,-80.4,-59.0,-65.0,-74.0,-79.75,-54.4,-74.5,-67.5,living_area_B
2017-04-13 14:19:31+00:00,-76.33333333333333,-78.6,-76.5,-79.8,-61.4,-64.5,-68.25,-81.25,-62.0,-74.0,-67.0,living_area_B
2017-04-13 14:19:32+00:00,-75.25,-80.4,-83.5,-78.6,-58.25,-62.8,-75.4,-75.0,-58.4,-74.0,-59.4,living_area_B
2017-04-13 14:19:33+00:00,-77.8,-75.75,-70.0,-72.0,-62.25,-69.5,-73.2,-77.0,-56.666666666666664,-74.2,-57.666666666666664,living_area_B
2017-04-13 14:19:34+00:00,-78.75,-80.5,-74.0,-77.33333333333333,-61.75,-63.6,-70.33333333333333,-82.5,-62.8,-76.0,-56.6,living_area_B
2017-04-13 14:19:35+00:00,-81.0,-80.75,-74.0,-77.66666666666667,-67.25,-68.2,-77.75,-75.33333333333333,-57.0,-70.25,-65.0,living_area_B
2017-04-13 14:19:36+00:00,-76.8,-84.66666666666667,-71.0,-85.75,-61.666666666666664,-77.5,-76.75,-80.25,-62.4,-75.8,-56.666666666666664,living_area_B
2017-04-13 14:19:37+00:00,-76.33333333333333,-74.33333333333333,-70.75,-79.0,-69.25,-59.5,-72.25,-79.33333333333333,-60.4,-69.66666666666667,-65.4,living_area_B
2017-04-13 14:19:38+00:00,-74.66666666666667,-74.4,-79.33333333333333,-81.2,-69.33333333333333,-65.5,-70.5,-77.6,-57.8,-74.0,-68.5,living_area_B
2017-04-13 14:19:39+00:00,-76.33333333333333,-80.8,-75.8,-80.75,-64.0,-63.5,-71.5,-72.5,-63.0,-68.5,-62.4,living_area_B
2017-04-13 14:19:40+00:00,-77.33333333333333,-81.66666666666667,-66.33333333333333,-79.25,-62.8,-63.0,-75.0,-76.6,-72.5,-77.66666666666667,-64.5,living_area_B
2017-04-13 14:19:41+00:00,-79.6,-73.0,-72.0,-73.0,-65.6,-72.25,-70.0,-82.75,-74.33333333333333,-73.6,-73.66666666666667,living_area_B
2017-04-13 14:19:42+00:00,-82.0,-67.8,-67.0,-69.2,-59.5,-72.5,-72.5,-77.0,-67.75,-74.5,-59.0,living_area_B
2017-04-13 14:19:43+00:00,-75.66666666666667,-79.2,-72.0,-83.0,-64.4,-67.4,-84.5,-90.0,-67.0,-73.8,-60.0,living_area_B
2017-04-13 14:19:44+00:00,-78.5,-77.0,-74.66666666666667,-91.5,-65.0,-59.666666666666664,-70.25,-75.66666666666667,-63.666666666666664,-74.6,-55.5,living_area_B
2017-04-13 14:19:45+00:00,-76.5,-77.75,-76.75,-81.0,-57.5,-66.25,-75.75,-79.0,-54.75,-74.2,-59.25,living_area_B
2017-04-13 14:19:46+00:00,-75.8,-86.0,-76.0,-76.66666666666667,-65.75,-64.0,-81.0,-79.8,-69.5,-77.5,-62.5,living_area_B
2017-04-13 14:19:47+00:00,-78.0,-73.25,-81.0,-80.5,-67.75,-62.0,-70.6,-73.4,-53.5,-69.66666666666667,-64.0,living_area_B
2017-04-13 14:19:48+00:00,-77.2,-78.6,-78.5,-80.0,-63.0,-58.2,-76.5,-82.6,-61.0,-68.6,-64.2,living_area_B
2017-04-13 14:19:49+00:00,-75.66666666666667,-75.0,-72.75,-77.0,-73.0,-63.25,-76.5,-83.0,-70.0,-76.0,-60.75,living_area_B
2017-04-13 14:19:50+00:00,-82.66666666666667,-75.33333333333333,-71.6,-70.66666666666667,-69.5,-61.5,-73.66666666666667,-93.33333333333333,-64.66666666666667,-77.0,-60.5,living_area_B
2017-04-13 14:19:51+00:00,-86.0,-79.75,-69.4,-70.0,-72.4,-65.25,-73.33333333333333,-92.0,-63.0,-76.0,-63.8,living_area_B
2017-04-13 14:19:52+00:00,-86.0,-81.0,-64.0,-68.0,-72.25,-65.25,-71.25,-86.6,-72.0,-74.2,-59.5,living_area_B
2017-04-13 14:19:53+00:00,-88.8,-81.0,-70.6,-67.25,-76.4,-64.5,-72.2,-81.6,-72.5,-74.6,-64.5,living_area_B
2017-04-13 14:19:54+00:00,-90.0,-76.5,-75.0,-66.0,-70.4,-62.0,-67.6,-85.33333333333333,-67.25,-76.0,-63.0,living_area_B
2017-04-13 14:19:55+00:00,-79.25,-70.66666666666667,-63.25,-63.333333333333336,-70.0,-67.25,-68.6,-88.25,-72.33333333333333,-76.75,-64.4,living_area_B
2017-04-13 14:19:56+00:00,-84.0,-76.0,-67.0,-65.2,-69.6,-62.0,-71.5,-75.66666666666667,-65.5,-76.75,-56.75,living_area_B
2017-04-13 14:19:57+00:00,-84.5,-75.0,-67.5,-67.0,-71.5,-65.4,-71.5,-76.0,-70.5,-78.4,-62.25,living_area_B
2017-04-13 14:19:58+00:00,-82.33333333333333,-78.4,-71.0,-62.0,-74.5,-67.0,-68.25,-78.5,-65.75,-78.5,-59.0,living_area_B
2017-04-13 14:19:59+00:00,-91.0,-74.0,-71.25,-73.75,-73.0,-61.25,-68.75,-120.0,-66.25,-78.5,-63.2,living_area_B
2017-04-13 14:20:00+00:00,-91.0,-74.25,-71.2,-74.25,-66.0,-60.2,-74.5,-89.5,-65.33333333333333,-73.5,-61.0,living_area_B
2017-04-13 14:20:01+00:00,-87.75,-66.66666666666667,-69.75,-63.0,-70.0,-67.0,-70.0,-82.5,-74.0,-72.6,-66.0,living_area_B
2017-04-13 14:20:02+00:00,-95.0,-84.66666666666667,-69.0,-73.0,-70.5,-56.666666666666664,-74.5,-86.0,-55.0,-79.0,-66.0,living_area_B
2017-04-13 14:20:03+00:00,-83.0,-78.75,-59.0,-63.5,-72.75,-70.5,-71.8,-76.33333333333333,-62.5,-70.25,-64.0,living_area_B
2017-04-13 14:20:04+00:00,-120.0,-72.75,-72.8,-63.333333333333336,-67.25,-63.2,-73.6,-82.66666666666667,-71.75,-78.66666666666667,-67.33333333333333,living_area_B
2017-04-13 14:20:05+00:00,-86.5,-77.0,-72.33333333333333,-63.0,-70.33333333333333,-60.5,-71.25,-91.0,-76.66666666666667,-76.8,-57.0,living_area_B
2017-04-13 14:20:06+00:00,-92.5,-71.25,-68.5,-68.25,-71.4,-62.0,-68.6,-86.0,-79.0,-73.5,-64.75,living_area_B
2017-04-13 14:20:07+00:00,-77.0,-70.0,-66.75,-62.2,-66.0,-61.5,-72.0,-80.6,-74.0,-72.66666666666667,-59.75,living_area_B
2017-04-13 14:20:08+00:00,-86.66666666666667,-73.2,-71.66666666666667,-62.0,-69.8,-60.25,-69.25,-83.0,-63.0,-69.75,-66.66666666666667,living_area_B
2017-04-13 14:20:09+00:00,-85.5,-74.4,-70.5,-59.25,-69.5,-59.75,-69.6,-77.33333333333333,-59.0,-78.66666666666667,-63.25,living_area_B
2017-04-13 14:20:10+00:00,-90.33333333333333,-69.5,-66.8,-63.0,-62.0,-60.75,-74.5,-86.75,-70.0,-70.2,-64.4,living_area_B
2017-04-13 14:20:11+00:00,-87.33333333333333,-79.5,-69.6,-64.33333333333333,-72.0,-62.0,-71.33333333333333,-87.75,-72.0,-75.66666666666667,-65.6,living_area_B
2017-04-13 14:20:12+00:00,-87.5,-70.6,-68.8,-62.4,-68.66666666666667,-59.4,-68.5,-90.25,-64.0,-72.75,-60.25,living_area_B
2017-04-13 14:20:13+00:00,-84.66666666666667,-73.6,-69.0,-61.8,-74.25,-59.75,-77.4,-84.2,-68.0,-79.4,-61.75,living_area_B
2017-04-13 14:20:14+00:00,-90.0,-74.2,-66.5,-64.75,-72.5,-61.5,-71.75,-81.66666666666667,-67.0,-75.5,-65.75,living_area_B
2017-04-13 14:20:15+00:00,-83.33333333333333,-76.4,-68.75,-69.4,-74.5,-67.0,-74.6,-81.4,-84.0,-74.4,-57.5,living_area_B
2017-04-13 14:20:16+00:00,-86.66666666666667,-77.8,-66.2,-69.0,-76.4,-65.4,-75.0,-83.6,-71.0,-74.33333333333333,-61.333333333333336,living_area_B
2017-04-13 14:20:17+00:00,-88.2,-75.8,-70.0,-68.6,-77.8,-65.2,-76.25,-83.0,-74.0,-76.2,-62.75,living_area_B
2017-04-13 14:20:18+00:00,-89.25,-77.33333333333333,-74.75,-68.0,-75.4,-61.4,-78.25,-79.66666666666667,-66.0,-77.75,-60.25,living_area_B
2017-04-13 14:20:19+00:00,-90.75,-74.6,-68.75,-65.25,-75.66666666666667,-64.0,-71.0,-83.5,-64.5,-77.4,-60.5,living_area_B
2017-04-13 14:20:20+00:00,-86.0,-76.25,-73.5,-64.4,-68.0,-64.6,-69.6,-85.75,-63.25,-78.25,-64.0,living_area_B
2017-04-13 14:20:21+00:00,-87.66666666666667,-73.6,-60.0,-65.5,-67.75,-62.75,-70.0,-85.0,-66.4,-79.0,-58.4,living_area_B
2017-04-13 14:20:22+00:00,-90.5,-72.33333333333333,-72.2,-68.66666666666667,-63.5,-59.75,-68.66666666666667,-82.5,-67.25,-73.0,-68.2,living_area_B
2017-04-13 14:20:23+00:00,-83.6,-81.5,-75.33333333333333,-80.33333333333333,-62.5,-54.8,-70.25,-77.6,-59.75,-70.2,-79.6,living_area_B
2017-04-13 14:20:24+00:00,-83.6,-75.0,-75.8,-69.8,-57.0,-65.5,-67.5,-75.8,-61.5,-71.25,-82.2,living_area_B
2017-04-13 14:20:25+00:00,-82.5,-76.8,-74.2,-79.8,-63.5,-60.5,-67.2,-80.25,-67.75,-72.25,-77.8,living_area_B
2017-04-13 14:20:26+00:00,-79.0,-77.8,-69.0,-68.25,-73.4,-63.6,-85.0,-81.66666666666667,-67.0,-83.33333333333333,-68.4,living_area_B
2017-04-13 14:20:27+00:00,-86.66666666666667,-72.5,-66.75,-65.33333333333333,-75.0,-64.5,-73.6,-86.0,-96.0,-74.0,-62.666666666666664,living_area_B
2017-04-13 14:20:28+00:00,-80.0,-76.66666666666667,-68.2,-70.6,-72.66666666666667,-60.4,-70.4,-83.5,-63.0,-76.0,-64.0,living_area_B
2017-04-13 14:20:29+00:00,-82.0,-72.25,-71.66666666666667,-68.0,-72.75,-63.6,-73.6,-76.75,-71.25,-78.4,-67.66666666666667,living_area_B
2017-04-13 14:20:30+00:00,-85.66666666666667,-74.5,-65.33333333333333,-58.0,-61.4,-62.8,-74.2,-87.4,-78.0,-81.0,-63.6,living_area_B
2017-04-13 14:20:31+00:00,-81.5,-78.25,-70.0,-66.75,-76.5,-68.0,-72.25,-86.2,-71.0,-79.0,-66.75,living_area_B
2017-04-13 14:20:32+00:00,-86.5,-76.8,-66.75,-64.2,-68.8,-63.5,-72.66666666666667,-80.66666666666667,-67.0,-78.0,-60.0,living_area_B
2017-04-13 14:20:33+00:00,-82.5,-74.2,-67.25,-64.2,-67.8,-59.75,-77.75,-84.0,-62.666666666666664,-81.25,-59.5,living_area_B
2017-04-13 14:20:34+00:00,-81.0,-73.5,-68.5,-63.0,-66.6,-64.25,-69.0,-86.5,-70.0,-83.0,-64.2,living_area_B
2017-04-13 14:20:35+00:00,-80.0,-75.0,-66.0,-70.75,-71.0,-62.0,-78.66666666666667,-89.0,-74.5,-75.6,-64.5,living_area_B
2017-04-13 14:20:36+00:00,-83.33333333333333,-73.33333333333333,-69.33333333333333,-65.5,-66.0,-60.0,-71.4,-86.8,-68.0,-78.6,-63.25,living_area_B
2017-04-13 14:20:37+00:00,-87.0,-67.25,-71.75,-64.75,-67.33333333333333,-61.0,-75.2,-89.0,-76.33333333333333,-78.4,-62.0,living_area_B
2017-04-13 14:20:38+00:00,-80.33333333333333,-78.2,-70.0,-59.0,-70.75,-65.66666666666667,-71.2,-85.4,-64.5,-76.0,-58.8,living_area_B
2017-04-13 14:20:39+00:00,-86.0,-71.25,-69.0,-66.25,-68.0,-62.8,-72.66666666666667,-85.75,-66.4,-77.33333333333333,-61.0,living_area_B
2017-04-13 14:20:40+00:00,-81.4,-79.5,-75.75,-66.75,-71.2,-60.2,-75.0,-83.0,-59.0,-74.5,-57.0,living_area_B
2017-04-13 14:20:41+00:00,-82.0,-81.0,-77.5,-75.5,-64.4,-62.6,-76.0,-85.25,-61.8,-64.0,-55.0,living_area_B
2017-04-13 14:20:42+00:00,-89.0,-75.5,-80.5,-70.8,-69.5,-69.25,-74.2,-83.0,-66.2,-60.8,-57.4,living_area_B
2017-04-13 14:20:43+00:00,-82.0,-79.5,-76.0,-80.75,-62.0,-63.666666666666664,-86.0,-88.66666666666667,-59.6,-68.33333333333333,-54.8,living_area_B
2017-04-13 14:20:44+00:00,-86.0,-76.5,-73.5,-67.0,-62.333333333333336,-63.75,-72.25,-83.25,-67.0,-70.0,-67.0,living_area_B
2017-04-13 14:20:45+00:00,-83.0,-84.0,-73.0,-72.4,-63.25,-68.75,-74.0,-78.5,-70.0,-66.0,-56.75,living_area_B
2017-04-13 14:20:46+00:00,-86.0,-79.5,-86.66666666666667,-72.5,-71.0,-63.25,-76.8,-83.25,-62.0,-66.0,-59.2,living_area_B
2017-04-13 14:20:56+00:00,-87.5,-74.0,-79.0,-68.25,-62.0,-65.25,-78.0,-72.25,-51.25,-67.8,-60.2,living_area_B
2017-04-13 14:20:57+00:00,-86.75,-71.6,-59.0,-80.8,-59.0,-76.4,-74.0,-78.4,-58.0,-72.0,-64.66666666666667,living_area_B
2017-04-13 14:20:58+00:00,-90.0,-70.5,-68.5,-87.33333333333333,-68.8,-70.8,-77.66666666666667,-69.5,-73.66666666666667,-76.5,-71.0,living_area_B
2017-04-13 14:20:59+00:00,-78.0,-71.75,-74.75,-83.0,-61.8,-66.2,-81.33333333333333,-76.0,-60.0,-79.0,-75.66666666666667,living_area_B
2017-04-13 14:21:00+00:00,-90.0,-57.75,-74.0,-79.5,-77.0,-60.0,-73.75,-86.0,-81.0,-67.5,-74.2,living_area_B
2017-04-13 14:21:01+00:00,-90.5,-74.33333333333333,-77.33333333333333,-77.5,-63.75,-66.0,-83.0,-74.75,-77.0,-65.66666666666667,-73.0,living_area_B
2017-04-13 14:21:02+00:00,-81.0,-78.33333333333333,-84.0,-81.25,-68.8,-61.75,-75.0,-78.5,-65.25,-68.0,-69.0,living_area_A
2017-04-13 14:21:03+00:00,-81.25,-77.0,-79.33333333333333,-84.66666666666667,-76.25,-82.8,-77.75,-75.5,-69.33333333333333,-77.0,-69.0,living_area_A
2017-04-13 14:21:04+00:00,-70.0,-78.6,-82.75,-87.5,-78.33333333333333,-79.75,-80.33333333333333,-72.0,-67.6,-79.4,-63.25,living_area_A
2017-04-13 14:21:05+00:00,-78.75,-82.5,-75.5,-87.0,-82.2,-83.66666666666667,-79.25,-72.5,-59.25,-71.8,-68.5,living_area_A
2017-04-13 14:21:06+00:00,-77.33333333333333,-76.25,-79.5,-85.6,-77.4,-80.4,-78.0,-68.33333333333333,-61.0,-69.5,-73.0,living_area_A
2017-04-13 14:21:07+00:00,-85.0,-73.75,-85.0,-83.5,-72.75,-73.75,-73.5,-75.6,-81.0,-62.4,-61.5,living_area_A
2017-04-13 14:21:08+00:00,-82.33333333333333,-69.0,-82.4,-80.4,-72.75,-82.25,-78.5,-78.0,-57.0,-69.2,-65.8,living_area_A
2017-04-13 14:21:09+00:00,-76.0,-70.6,-90.25,-74.5,-71.75,-69.2,-71.0,-79.5,-67.5,-75.25,-70.25,living_area_A
2017-04-13 14:21:10+00:00,-80.0,-74.0,-81.2,-82.0,-77.5,-70.25,-76.0,-72.5,-64.66666666666667,-75.0,-63.0,living_area_A
2017-04-13 14:21:11+00:00,-75.5,-76.2,-82.0,-91.4,-80.75,-76.5,-79.25,-76.0,-74.5,-79.0,-71.5,living_area_A
2017-04-13 14:21:12+00:00,-72.66666666666667,-79.0,-81.6,-80.0,-80.4,-82.0,-73.6,-76.5,-54.5,-79.66666666666667,-68.66666666666667,living_area_A
2017-04-13 14:21:13+00:00,-78.5,-87.25,-82.0,-81.0,-84.0,-83.6,-83.5,-75.4,-63.0,-81.5,-69.8,living_area_A
2017-04-13 14:21:14+00:00,-79.66666666666667,-82.66666666666667,-92.5,-80.66666666666667,-79.75,-82.0,-80.6,-73.0,-61.0,-83.0,-63.5,living_area_A
2017-04-13 14:21:15+00:00,-76.4,-84.0,-82.75,-84.33333333333333,-75.5,-85.5,-85.66666666666667,-72.75,-71.0,-78.75,-74.0,living_area_A
2017-04-13 14:21:16+00:00,-78.6,-72.5,-80.0,-85.75,-72.5,-68.0,-79.6,-73.25,-67.5,-72.25,-72.5,living_area_A
2017-04-13 14:21:17+00:00,-75.0,-85.0,-84.25,-73.0,-74.0,-74.2,-78.8,-65.8,-64.66666666666667,-72.4,-76.75,kitchen
2017-04-13 14:21:18+00:00,-70.0,-88.0,-87.33333333333333,-120.0,-79.0,-81.0,-85.75,-72.75,-76.5,-89.6,-84.5,kitchen
2017-04-13 14:21:19+00:00,-69.75,-90.0,-91.5,-95.0,-80.6,-120.0,-83.0,-60.25,-74.2,-85.0,-82.0,kitchen
2017-04-13 14:21:20+00:00,-64.2,-120.0,-86.0,-120.0,-80.33333333333333,-85.0,-87.0,-56.2,-69.6,-86.4,-76.0,kitchen
2017-04-13 14:21:21+00:00,-69.25,-87.0,-84.5,-95.0,-73.4,-82.4,-87.0,-59.5,-70.0,-89.5,-72.66666666666667,kitchen
2017-04-13 14:21:22+00:00,-66.75,-79.25,-90.0,-85.25,-66.0,-78.75,-86.0,-52.75,-67.5,-81.0,-78.0,kitchen
2017-04-13 14:21:23+00:00,-84.75,-87.0,-73.5,-76.75,-67.0,-67.75,-75.75,-64.2,-55.4,-86.25,-72.4,living_area_A
2017-04-13 14:21:24+00:00,-79.0,-89.0,-85.5,-84.0,-77.5,-70.0,-67.0,-62.75,-61.5,-81.5,-54.0,living_area_A
2017-04-13 14:21:25+00:00,-81.5,-92.66666666666667,-80.5,-85.0,-70.33333333333333,-84.66666666666667,-79.0,-78.4,-57.333333333333336,-78.66666666666667,-70.33333333333333,living_area_A
2017-04-13 14:21:26+00:00,-84.25,-91.5,-75.0,-82.66666666666667,-76.66666666666667,-76.0,-72.4,-72.66666666666667,-62.666666666666664,-84.2,-61.75,living_area_A
2017-04-13 14:21:27+00:00,-120.0,-83.75,-80.8,-79.66666666666667,-89.0,-72.6,-59.2,-86.8,-54.75,-75.75,-60.2,living_area_A
2017-04-13 14:21:28+00:00,-75.0,-81.0,-76.66666666666667,-80.75,-80.2,-73.75,-60.75,-74.6,-72.75,-83.0,-54.25,living_area_A
2017-04-13 14:21:29+00:00,-94.0,-72.2,-78.66666666666667,-82.5,-74.75,-77.0,-79.5,-71.75,-73.0,-77.2,-67.8,living_area_A
2017-04-13 14:21:30+00:00,-82.0,-78.75,-87.5,-95.5,-73.33333333333333,-80.0,-79.0,-64.25,-62.333333333333336,-91.0,-67.75,living_area_A
2017-04-13 14:21:31+00:00,-81.25,-82.0,-85.75,-85.0,-77.25,-77.75,-86.33333333333333,-58.25,-62.0,-82.66666666666667,-66.2,living_area_A
2017-04-13 14:21:32+00:00,-88.0,-82.25,-93.0,-87.0,-79.8,-82.6,-77.25,-61.5,-62.0,-85.0,-58.25,living_area_A
2017-04-13 14:21:33+00:00,-100.0,-83.75,-88.0,-100.0,-72.0,-78.0,-77.8,-62.5,-71.33333333333333,-80.0,-77.0,living_area_A
2017-04-13 14:21:34+00:00,-88.0,-81.66666666666667,-94.0,-85.0,-73.75,-75.25,-78.0,-63.0,-65.5,-84.5,-70.0,living_area_A
2017-04-13 14:21:35+00:00,-81.0,-85.2,-88.0,-79.33333333333333,-73.8,-79.75,-79.0,-62.6,-77.66666666666667,-85.25,-60.5,living_area_A
2017-04-13 14:21:36+00:00,-120.0,-86.33333333333333,-89.0,-87.0,-87.75,-79.0,-75.6,-70.33333333333333,-66.75,-86.5,-59.0,living_area_A
2017-04-13 14:21:37+00:00,-120.0,-81.25,-75.0,-89.66666666666667,-81.0,-80.0,-77.66666666666667,-61.6,-64.25,-102.0,-60.0,living_area_A
2017-04-13 14:21:38+00:00,-88.0,-79.5,-77.66666666666667,-87.25,-80.25,-76.25,-81.75,-62.0,-70.0,-93.75,-60.8,living_area_A
2017-04-13 14:21:39+00:00,-82.2,-81.4,-79.0,-91.5,-76.5,-85.0,-77.5,-60.2,-60.0,-89.0,-63.25,living_area_A
2017-04-13 14:21:40+00:00,-89.33333333333333,-80.0,-87.66666666666667,-84.0,-86.0,-78.0,-70.33333333333333,-57.25,-53.0,-85.66666666666667,-53.5,living_area_A
2017-04-13 14:21:41+00:00,-94.0,-95.0,-74.0,-120.0,-87.0,-73.0,-75.4,-60.25,-68.0,-84.25,-65.75,living_area_A
2017-04-13 14:21:42+00:00,-94.0,-97.0,-83.5,-85.0,-81.0,-75.0,-80.6,-61.25,-73.33333333333333,-93.0,-56.333333333333336,living_area_A
2017-04-13 14:21:43+00:00,-89.0,-84.0,-84.0,-87.0,-75.0,-77.4,-81.0,-67.8,-87.0,-88.66666666666667,-72.5,living_area_A
2017-04-13 14:21:44+00:00,-100.0,-82.66666666666667,-97.0,-99.0,-80.4,-87.33333333333333,-81.25,-65.33333333333333,-72.5,-87.33333333333333,-57.4,living_area_A
2017-04-13 14:21:45+00:00,-93.0,-81.8,-92.33333333333333,-85.0,-80.5,-82.0,-81.5,-59.4,-66.66666666666667,-85.0,-61.0,living_area_A
2017-04-13 14:21:46+00:00,-120.0,-80.5,-91.66666666666667,-120.0,-89.6,-83.2,-86.33333333333333,-59.75,-67.33333333333333,-90.5,-56.0,living_area_A
2017-04-13 14:21:47+00:00,-84.33333333333333,-80.33333333333333,-88.0,-120.0,-79.5,-86.25,-83.0,-63.2,-66.33333333333333,-88.0,-60.8,living_area_A
2017-04-13 14:21:48+00:00,-80.0,-86.33333333333333,-120.0,-99.0,-80.75,-84.2,-79.5,-61.0,-64.66666666666667,-89.0,-57.0,living_area_A
2017-04-13 14:21:49+00:00,-120.0,-87.6,-87.33333333333333,-90.0,-72.0,-72.33333333333333,-78.66666666666667,-62.5,-65.25,-85.0,-55.4,living_area_A
2017-04-13 14:21:50+00:00,-88.5,-82.75,-81.0,-80.0,-80.6,-83.6,-74.6,-58.75,-75.0,-79.5,-57.0,living_area_A
2017-04-13 14:21:51+00:00,-88.5,-81.5,-86.75,-91.0,-85.66666666666667,-77.75,-76.8,-65.6,-60.5,-85.8,-63.2,living_area_A
2017-04-13 14:21:52+00:00,-93.33333333333333,-86.25,-86.0,-90.5,-84.0,-82.0,-78.0,-58.6,-68.5,-85.0,-62.4,living_area_A
2017-04-13 14:21:53+00:00,-92.0,-84.25,-97.0,-86.0,-83.0,-82.0,-76.0,-60.8,-69.0,-86.0,-55.0,living_area_A
2017-04-13 14:21:54+00:00,-91.5,-83.4,-94.0,-87.0,-75.6,-77.4,-81.0,-55.25,-67.6,-85.5,-54.666666666666664,living_area_A
2017-04-13 14:21:55+00:00,-88.0,-81.6,-120.0,-87.25,-79.75,-79.2,-77.66666666666667,-55.0,-63.0,-93.0,-62.6,living_area_A
2017-04-13 14:21:56+00:00,-91.0,-89.0,-120.0,-96.0,-85.25,-70.5,-78.5,-58.5,-61.75,-90.0,-52.0,living_area_A
2017-04-13 14:21:57+00:00,-120.0,-83.8,-91.0,-98.0,-71.5,-76.33333333333333,-78.0,-59.0,-68.0,-84.25,-51.333333333333336,living_area_A
2017-04-13 14:21:58+00:00,-84.0,-81.0,-80.0,-91.0,-79.4,-78.4,-78.4,-58.0,-68.0,-81.0,-59.666666666666664,living_area_A
2017-04-13 14:21:59+00:00,-89.0,-81.75,-89.33333333333333,-83.0,-78.75,-78.5,-77.75,-62.75,-65.5,-82.33333333333333,-60.0,living_area_A
2017-04-13 14:22:00+00:00,-89.66666666666667,-85.25,-84.0,-87.66666666666667,-80.0,-81.25,-77.25,-57.4,-72.5,-86.5,-55.4,living_area_A
2017-04-13 14:22:01+00:00,-85.0,-82.0,-89.66666666666667,-86.33333333333333,-83.33333333333333,-75.2,-77.6,-55.6,-73.66666666666667,-89.0,-53.0,living_area_A
2017-04-13 14:22:02+00:00,-84.0,-85.2,-84.75,-95.0,-80.75,-76.6,-74.2,-59.666666666666664,-63.0,-85.0,-58.6,living_area_A
2017-04-13 14:22:03+00:00,-83.0,-85.0,-89.0,-93.33333333333333,-77.0,-83.75,-83.0,-58.25,-74.6,-80.0,-56.5,living_area_A
2017-04-13 14:22:04+00:00,-120.0,-83.0,-91.0,-88.0,-69.2,-80.75,-77.4,-57.4,-72.0,-86.75,-49.5,living_area_A
2017-04-13 14:22:05+00:00,-91.0,-78.66666666666667,-120.0,-96.0,-86.25,-75.66666666666667,-76.66666666666667,-64.4,-77.5,-90.75,-49.333333333333336,living_area_A
2017-04-13 14:22:06+00:00,-91.0,-80.33333333333333,-84.25,-120.0,-79.6,-80.0,-78.75,-62.0,-69.25,-85.0,-53.2,living_area_A
2017-04-13 14:22:07+00:00,-88.5,-82.75,-92.0,-97.0,-69.5,-74.75,-80.66666666666667,-57.6,-60.0,-89.33333333333333,-61.25,living_area_A
2017-04-13 14:22:08+00:00,-84.66666666666667,-82.0,-85.0,-89.25,-80.5,-74.5,-86.0,-54.666666666666664,-69.75,-91.0,-62.333333333333336,living_area_A
2017-04-13 14:22:09+00:00,-87.0,-91.0,-120.0,-120.0,-82.75,-78.66666666666667,-81.0,-62.25,-51.5,-94.0,-57.25,living_area_A
2017-04-13 14:22:10+00:00,-91.33333333333333,-80.66666666666667,-82.5,-84.0,-84.5,-73.5,-73.33333333333333,-54.0,-73.5,-81.5,-56.333333333333336,living_area_A
2017-04-13 14:22:11+00:00,-120.0,-86.6,-83.0,-83.5,-79.0,-72.0,-74.2,-56.0,-61.333333333333336,-86.33333333333333,-56.0,living_area_A
2017-04-13 14:22:12+00:00,-120.0,-83.33333333333333,-77.0,-89.0,-81.5,-76.8,-71.8,-60.2,-64.75,-88.5,-50.6,living_area_A
2017-04-13 14:22:13+00:00,-88.0,-84.0,-80.0,-120.0,-84.6,-79.5,-65.66666666666667,-62.8,-61.0,-83.0,-54.666666666666664,living_area_A
2017-04-13 14:22:14+00:00,-85.0,-83.4,-81.75,-91.0,-83.0,-77.4,-71.66666666666667,-60.8,-67.75,-89.33333333333333,-60.75,living_area_A
2017-04-13 14:22:15+00:00,-120.0,-85.25,-88.66666666666667,-120.0,-82.25,-83.33333333333333,-74.33333333333333,-53.5,-69.0,-90.33333333333333,-60.2,living_area_A
2017-04-13 14:22:16+00:00,-91.0,-79.25,-79.66666666666667,-80.0,-86.0,-76.0,-99.0,-62.0,-59.333333333333336,-79.0,-59.5,living_area_A
2017-04-13 14:22:17+00:00,-120.0,-80.66666666666667,-88.33333333333333,-85.5,-80.33333333333333,-120.0,-86.25,-63.75,-79.5,-84.66666666666667,-63.0,living_area_A
2017-04-13 14:22:18+00:00,-120.0,-83.0,-85.75,-79.4,-85.25,-81.2,-81.2,-60.4,-68.0,-78.66666666666667,-56.5,living_area_A
2017-04-13 14:22:19+00:00,-120.0,-84.2,-95.0,-89.5,-88.8,-81.0,-81.0,-63.75,-71.25,-82.6,-51.2,living_area_A
2017-04-13 14:22:20+00:00,-89.0,-76.66666666666667,-83.0,-84.0,-83.0,-80.33333333333333,-78.0,-60.8,-68.5,-76.6,-60.0,living_area_A
2017-04-13 14:22:21+00:00,-85.0,-83.0,-82.5,-93.0,-86.0,-84.5,-77.66666666666667,-59.333333333333336,-71.4,-82.66666666666667,-61.75,living_area_A
2017-04-13 14:22:22+00:00,-120.0,-83.25,-85.8,-91.5,-87.33333333333333,-86.0,-82.4,-60.0,-63.0,-78.0,-49.4,living_area_A
2017-04-13 14:22:23+00:00,-87.5,-80.5,-81.0,-81.66666666666667,-92.75,-82.25,-83.0,-54.5,-74.0,-82.4,-53.0,living_area_A
2017-04-13 14:22:24+00:00,-84.33333333333333,-82.25,-89.75,-89.75,-86.5,-85.6,-82.75,-57.6,-63.0,-80.5,-62.4,living_area_A
2017-04-13 14:22:25+00:00,-97.5,-82.6,-76.0,-88.0,-78.66666666666667,-83.33333333333333,-84.4,-58.75,-66.75,-77.0,-55.333333333333336,living_area_A
2017-04-13 14:22:26+00:00,-91.5,-87.0,-85.0,-86.33333333333333,-90.66666666666667,-81.5,-84.25,-60.0,-65.0,-75.5,-55.8,living_area_A
2017-04-13 14:22:27+00:00,-84.0,-81.75,-86.6,-86.0,-85.33333333333333,-79.8,-82.75,-66.0,-60.0,-81.75,-56.4,living_area_A
2017-04-13 14:22:28+00:00,-97.5,-84.5,-78.8,-88.25,-88.25,-76.33333333333333,-86.25,-57.8,-64.0,-84.66666666666667,-52.0,living_area_A
2017-04-13 14:22:29+00:00,-91.33333333333333,-83.25,-84.0,-87.5,-83.25,-80.66666666666667,-81.25,-62.0,-73.75,-81.66666666666667,-55.75,living_area_A
2017-04-13 14:22:30+00:00,-88.33333333333333,-86.4,-82.66666666666667,-85.25,-83.5,-76.75,-83.0,-62.75,-71.0,-84.75,-56.666666666666664,living_area_A
2017-04-13 14:22:31+00:00,-83.0,-82.0,-84.0,-89.0,-91.33333333333333,-78.0,-81.0,-60.6,-60.75,-86.33333333333333,-58.666666666666664,living_area_A
2017-04-13 14:22:32+00:00,-99.0,-82.25,-83.33333333333333,-87.5,-83.25,-81.25,-78.4,-61.75,-71.66666666666667,-80.5,-62.75,living_area_A
2017-04-13 14:22:33+00:00,-99.0,-82.0,-83.8,-85.0,-86.4,-77.2,-85.5,-64.66666666666667,-63.0,-82.75,-57.5,living_area_A
2017-04-13 14:22:34+00:00,-86.5,-83.0,-78.66666666666667,-89.5,-81.5,-81.25,-78.0,-60.0,-68.33333333333333,-84.25,-56.333333333333336,living_area_A
2017-04-13 14:22:35+00:00,-120.0,-80.0,-87.5,-86.5,-83.75,-80.66666666666667,-79.75,-58.75,-71.75,-82.2,-54.75,living_area_A
2017-04-13 14:22:36+00:00,-95.0,-85.0,-82.75,-79.0,-82.5,-84.33333333333333,-84.66666666666667,-63.6,-69.0,-84.25,-54.0,living_area_A
2017-04-13 14:22:37+00:00,-91.5,-82.66666666666667,-84.0,-84.0,-87.5,-82.0,-77.8,-54.75,-64.33333333333333,-80.25,-54.25,living_area_A
2017-04-13 14:22:38+00:00,-89.0,-83.0,-85.25,-85.0,-86.0,-81.0,-76.5,-58.5,-68.0,-87.25,-59.5,living_area_A
2017-04-13 14:22:39+00:00,-86.5,-83.0,-90.66666666666667,-83.5,-88.0,-81.0,-84.66666666666667,-59.666666666666664,-76.0,-89.5,-60.666666666666664,living_area_A
2017-04-13 14:22:40+00:00,-89.0,-82.6,-78.33333333333333,-84.0,-89.33333333333333,-75.33333333333333,-84.2,-65.33333333333333,-74.0,-83.0,-56.0,living_area_A
2017-04-13 14:22:41+00:00,-91.25,-85.0,-81.66666666666667,-81.75,-95.0,-75.66666666666667,-83.8,-62.75,-70.5,-85.6,-48.75,living_area_A
2017-04-13 14:22:42+00:00,-92.66666666666667,-84.66666666666667,-84.0,-84.66666666666667,-87.0,-75.0,-84.0,-65.0,-70.0,-84.25,-57.25,living_area_A
2017-04-13 14:22:43+00:00,-89.0,-87.5,-79.66666666666667,-88.33333333333333,-86.4,-81.0,-86.0,-62.0,-68.0,-84.5,-51.2,living_area_A
2017-04-13 14:22:44+00:00,-88.66666666666667,-84.75,-84.8,-89.0,-90.5,-79.5,-79.75,-60.6,-66.33333333333333,-85.5,-57.0,living_area_A
2017-04-13 14:22:45+00:00,-98.0,-87.5,-84.33333333333333,-82.33333333333333,-84.75,-83.0,-78.4,-66.25,-71.0,-78.66666666666667,-56.6,living_area_A
2017-04-13 14:22:46+00:00,-101.0,-78.0,-78.4,-90.0,-91.33333333333333,-83.0,-86.33333333333333,-59.666666666666664,-63.333333333333336,-92.66666666666667,-55.6,living_area_A
2017-04-13 14:22:47+00:00,-88.0,-84.4,-89.0,-88.0,-91.0,-84.0,-82.2,-62.0,-63.2,-84.5,-63.0,living_area_A
2017-04-13 14:22:48+00:00,-84.5,-86.5,-120.0,-89.66666666666667,-76.0,-85.33333333333333,-77.25,-60.0,-62.666666666666664,-86.0,-59.0,living_area_A
2017-04-13 14:22:49+00:00,-120.0,-89.25,-82.33333333333333,-90.5,-80.5,-77.33333333333333,-69.0,-60.8,-64.5,-85.0,-59.6,living_area_A
2017-04-13 14:22:50+00:00,-120.0,-83.75,-80.8,-80.66666666666667,-77.75,-72.0,-70.75,-69.0,-49.5,-89.25,-57.0,living_area_A
2017-04-13 14:22:51+00:00,-89.5,-75.6,-71.0,-86.4,-79.33333333333333,-72.0,-74.0,-82.0,-62.333333333333336,-76.0,-64.25,living_area_A
2017-04-13 14:22:52+00:00,-84.0,-82.25,-76.0,-84.4,-76.33333333333333,-71.33333333333333,-64.0,-79.25,-43.0,-73.6,-64.6,living_area_A
2017-04-13 14:22:53+00:00,-93.5,-80.5,-79.5,-80.0,-76.0,-79.0,-68.25,-82.5,-52.0,-73.0,-68.4,living_area_A
2017-04-13 14:22:54+00:00,-96.5,-82.75,-75.0,-74.0,-64.25,-69.0,-59.0,-85.6,-57.2,-72.4,-73.0,living_area_A
2017-04-13 14:22:55+00:00,-83.5,-73.2,-73.0,-72.75,-62.5,-67.6,-69.75,-90.5,-69.4,-67.2,-83.0,living_area_A
2017-04-13 14:22:56+00:00,-83.0,-61.0,-78.33333333333333,-80.25,-63.333333333333336,-61.8,-81.5,-78.66666666666667,-77.0,-71.8,-75.0,hallway_lower
2017-04-13 14:22:57+00:00,-76.0,-68.0,-83.5,-72.0,-74.75,-72.4,-89.5,-94.33333333333333,-77.5,-70.33333333333333,-87.33333333333333,hallway_lower
2017-04-13 14:22:58+00:00,-73.75,-73.0,-79.75,-84.33333333333333,-79.33333333333333,-75.66666666666667,-83.25,-81.0,-120.0,-78.4,-67.0,stairs
2017-04-13 14:22:59+00:00,-79.5,-79.5,-87.66666666666667,-91.0,-84.66666666666667,-82.25,-82.0,-85.75,-84.5,-70.6,-76.5,stairs
2017-04-13 14:23:00+00:00,-68.5,-83.75,-83.0,-85.75,-78.4,-83.66666666666667,-86.0,-79.0,-65.25,-79.0,-70.75,stairs
2017-04-13 14:23:01+00:00,-68.25,-79.75,-78.8,-78.0,-79.33333333333333,-82.4,-80.75,-81.0,-75.66666666666667,-76.0,-65.8,stairs
2017-04-13 14:23:03+00:00,-64.4,-79.0,-85.5,-70.5,-91.0,-77.0,-73.75,-72.0,-68.0,-69.0,-65.75,stairs
2017-04-13 14:23:04+00:00,-62.4,-83.75,-84.5,-81.75,-76.0,-77.0,-78.5,-79.0,-76.5,-79.0,-70.66666666666667,stairs
2017-04-13 14:23:05+00:00,-62.8,-92.33333333333333,-83.8,-82.0,-85.66666666666667,-83.4,-80.0,-77.0,-83.0,-75.25,-76.2,stairs
2017-04-13 14:23:07+00:00,-59.0,-84.5,-80.75,-88.33333333333333,-86.5,-90.5,-70.0,-71.33333333333333,-87.0,-72.66666666666667,-84.0,hallway_upper
2017-04-13 14:23:08+00:00,-61.5,-86.5,-93.0,-89.0,-95.0,-120.0,-81.5,-63.5,-79.0,-69.0,-86.25,hallway_upper
2017-04-13 14:23:09+00:00,-57.25,-90.0,-85.66666666666667,-89.5,-120.0,-100.0,-73.0,-72.6,-82.66666666666667,-78.66666666666667,-77.0,hallway_upper
2017-04-13 14:23:10+00:00,-59.5,-99.0,-77.5,-93.5,-120.0,-120.0,-77.0,-74.0,-92.5,-70.5,-84.0,hallway_upper
2017-04-13 14:23:11+00:00,-70.0,-92.5,-71.5,-89.5,-89.0,-85.0,-64.0,-89.66666666666667,-64.33333333333333,-81.0,-75.66666666666667,bedroom_2
2017-04-13 14:23:12+00:00,-82.5,-94.0,-83.25,-81.66666666666667,-87.0,-87.33333333333333,-70.6,-88.0,-70.5,-83.0,-71.4,bedroom_2
2017-04-13 14:23:13+00:00,-83.0,-89.0,-70.25,-76.66666666666667,-102.0,-80.75,-62.0,-92.33333333333333,-73.66666666666667,-76.5,-65.5,bedroom_2
2017-04-13 14:23:14+00:00,-86.66666666666667,-91.0,-71.0,-84.66666666666667,-84.0,-80.25,-63.25,-79.0,-65.5,-79.0,-65.66666666666667,bedroom_2
2017-04-13 14:23:15+00:00,-90.0,-85.0,-74.5,-80.0,-82.5,-86.0,-57.75,-90.66666666666667,-58.5,-74.66666666666667,-77.5,bedroom_2
2017-04-13 14:23:16+00:00,-87.0,-96.5,-67.5,-83.5,-88.0,-86.0,-55.4,-120.0,-56.666666666666664,-78.25,-76.0,bedroom_2
2017-04-13 14:23:17+00:00,-90.0,-98.0,-68.0,-76.6,-96.0,-76.4,-44.0,-120.0,-72.5,-74.0,-78.75,bedroom_2
2017-04-13 14:23:18+00:00,-86.0,-120.0,-62.666666666666664,-76.4,-85.66666666666667,-84.0,-49.8,-92.0,-57.75,-74.25,-83.0,bedroom_2
2017-04-13 14:23:19+00:00,-120.0,-120.0,-75.25,-75.25,-96.0,-86.5,-56.75,-120.0,-62.0,-66.4,-74.8,bedroom_2
2017-04-13 14:23:20+00:00,-96.0,-120.0,-74.6,-72.33333333333333,-80.66666666666667,-78.0,-51.8,-100.0,-58.333333333333336,-66.5,-82.25,bedroom_2
2017-04-13 14:23:21+00:00,-93.33333333333333,-120.0,-66.33333333333333,-78.0,-83.75,-78.0,-51.25,-86.5,-55.0,-65.75,-79.2,bedroom_2
2017-04-13 14:23:22+00:00,-82.25,-85.0,-74.0,-74.33333333333333,-97.33333333333333,-87.66666666666667,-52.0,-87.0,-60.666666666666664,-84.0,-75.33333333333333,bedroom_2
2017-04-13 14:23:23+00:00,-79.0,-120.0,-73.25,-80.66666666666667,-120.0,-98.0,-66.2,-81.0,-72.0,-72.0,-70.25,bedroom_2
2017-04-13 14:23:24+00:00,-76.0,-95.0,-63.25,-89.0,-83.0,-82.0,-60.5,-80.2,-70.66666666666667,-68.5,-69.0,bedroom_2
2017-04-13 14:23:25+00:00,-82.0,-91.0,-71.5,-81.0,-86.5,-81.0,-61.333333333333336,-87.66666666666667,-78.5,-71.5,-79.66666666666667,bedroom_2
2017-04-13 14:23:26+00:00,-76.75,-83.33333333333333,-73.75,-79.33333333333333,-84.0,-87.0,-65.0,-87.0,-120.0,-72.75,-77.5,bedroom_2
2017-04-13 14:23:27+00:00,-78.25,-92.0,-67.4,-82.0,-78.5,-80.5,-66.0,-80.5,-76.0,-74.75,-79.5,hallway_upper
2017-04-13 14:23:28+00:00,-82.75,-84.75,-76.75,-80.75,-89.5,-80.5,-56.4,-93.66666666666667,-71.33333333333333,-68.2,-84.6,hallway_upper
2017-04-13 14:23:29+00:00,-75.0,-87.5,-71.66666666666667,-83.66666666666667,-87.5,-80.4,-62.8,-85.25,-72.66666666666667,-64.0,-83.5,hallway_upper
2017-04-13 14:23:30+00:00,-76.75,-93.0,-64.0,-74.33333333333333,-82.0,-83.66666666666667,-71.0,-94.5,-80.33333333333333,-54.75,-91.0,hallway_upper
2017-04-13 14:23:31+00:00,-78.66666666666667,-80.0,-59.75,-65.5,-74.0,-73.0,-76.66666666666667,-120.0,-78.0,-62.5,-91.33333333333333,bedroom_1
2017-04-13 14:23:32+00:00,-86.6,-77.75,-52.0,-56.5,-74.66666666666667,-72.5,-75.5,-120.0,-68.0,-69.6,-91.33333333333333,bedroom_1
2017-04-13 14:23:33+00:00,-90.75,-86.66666666666667,-59.25,-60.0,-70.5,-68.0,-75.2,-120.0,-83.0,-79.33333333333333,-88.0,bedroom_1
2017-04-13 14:23:34+00:00,-84.0,-91.5,-56.25,-56.6,-71.4,-60.25,-71.8,-85.0,-83.33333333333333,-68.33333333333333,-89.0,bedroom_1
2017-04-13 14:23:35+00:00,-77.0,-84.0,-45.25,-52.75,-72.6,-71.75,-56.666666666666664,-120.0,-85.0,-65.75,-88.2,bedroom_1
2017-04-13 14:23:36+00:00,-86.66666666666667,-92.0,-46.8,-63.0,-66.2,-75.6,-63.25,-91.0,-68.0,-78.33333333333333,-81.2,bedroom_1
2017-04-13 14:23:37+00:00,-79.25,-120.0,-53.5,-70.0,-87.5,-76.33333333333333,-64.0,-120.0,-86.0,-67.2,-85.66666666666667,bedroom_1
2017-04-13 14:23:39+00:00,-88.75,-85.66666666666667,-61.0,-66.0,-79.0,-66.6,-72.0,-120.0,-80.0,-62.8,-86.25,bedroom_1
2017-04-13 14:23:40+00:00,-87.33333333333333,-84.6,-50.25,-59.25,-75.2,-68.0,-64.5,-120.0,-83.0,-54.75,-83.0,bedroom_1
2017-04-13 14:23:41+00:00,-82.25,-78.0,-52.8,-56.75,-76.75,-65.0,-72.4,-120.0,-120.0,-56.8,-81.5,bedroom_1
2017-04-13 14:23:42+00:00,-81.0,-78.2,-61.75,-57.0,-63.5,-63.5,-70.5,-120.0,-69.0,-61.0,-88.0,bedroom_1
2017-04-13 14:23:43+00:00,-86.5,-89.75,-73.0,-58.75,-82.5,-73.25,-74.25,-120.0,-74.0,-80.0,-86.0,bedroom_1
2017-04-13 14:23:44+00:00,-90.0,-86.5,-75.33333333333333,-55.0,-71.5,-76.25,-81.6,-120.0,-83.0,-77.33333333333333,-120.0,bedroom_1
2017-04-13 14:23:45+00:00,-86.75,-85.0,-60.8,-54.6,-65.75,-81.33333333333333,-78.25,-120.0,-83.5,-72.5,-83.0,bedroom_1
2017-04-13 14:23:46+00:00,-83.25,-76.0,-60.0,-45.0,-78.2,-70.33333333333333,-77.8,-120.0,-93.0,-73.6,-84.5,bedroom_1
2017-04-13 14:23:47+00:00,-79.75,-85.0,-65.0,-68.0,-84.0,-62.2,-87.33333333333333,-120.0,-81.33333333333333,-80.5,-91.5,bedroom_1
2017-04-13 14:23:48+00:00,-84.2,-77.25,-63.5,-65.33333333333333,-76.25,-60.2,-81.2,-88.0,-120.0,-67.5,-94.0,bedroom_1
2017-04-13 14:23:49+00:00,-82.33333333333333,-81.25,-69.0,-58.0,-90.0,-73.66666666666667,-70.0,-120.0,-86.0,-68.33333333333333,-120.0,bedroom_1
2017-04-13 14:23:51+00:00,-69.33333333333333,-80.0,-76.25,-90.0,-82.33333333333333,-73.5,-77.5,-92.0,-75.0,-67.5,-83.0,hallway_upper
2017-04-13 14:23:53+00:00,-60.4,-86.66666666666667,-74.25,-84.5,-83.0,-87.33333333333333,-80.4,-85.66666666666667,-72.66666666666667,-64.33333333333333,-83.75,hallway_upper
2017-04-13 14:23:54+00:00,-64.25,-87.0,-82.33333333333333,-81.0,-85.4,-83.33333333333333,-72.5,-79.75,-76.0,-62.25,-81.0,hallway_upper
2017-04-13 14:23:55+00:00,-62.0,-88.0,-86.75,-86.33333333333333,-80.33333333333333,-91.33333333333333,-79.0,-82.0,-70.0,-75.75,-75.0,hallway_upper
2017-04-13 14:23:56+00:00,-74.66666666666667,-97.0,-78.75,-80.66666666666667,-94.66666666666667,-85.25,-69.0,-88.33333333333333,-69.5,-80.5,-77.0,bedroom_2
2017-04-13 14:23:57+00:00,-84.33333333333333,-83.66666666666667,-79.75,-88.2,-120.0,-81.0,-70.75,-94.66666666666667,-72.75,-78.0,-71.4,bedroom_2
2017-04-13 14:23:58+00:00,-89.66666666666667,-89.5,-79.0,-90.0,-92.0,-75.5,-66.25,-85.0,-74.5,-80.6,-69.0,bedroom_2
2017-04-13 14:23:59+00:00,-86.25,-84.0,-67.33333333333333,-81.4,-88.0,-87.5,-60.0,-87.0,-75.0,-82.25,-61.0,bedroom_2
2017-04-13 14:24:00+00:00,-90.0,-81.0,-69.25,-79.0,-86.66666666666667,-80.75,-69.0,-93.0,-72.2,-75.6,-80.0,bedroom_2
2017-04-13 14:24:01+00:00,-88.0,-95.75,-64.5,-68.5,-84.5,-85.0,-50.8,-93.66666666666667,-60.75,-70.66666666666667,-82.5,bedroom_2
2017-04-13 14:24:02+00:00,-88.25,-120.0,-63.0,-72.8,-89.33333333333333,-85.0,-56.0,-86.0,-57.75,-69.0,-78.33333333333333,bedroom_2
2017-04-13 14:24:03+00:00,-81.5,-120.0,-69.66666666666667,-74.0,-82.0,-88.66666666666667,-52.666666666666664,-87.66666666666667,-63.75,-73.75,-84.5,bedroom_2
2017-04-13 14:24:04+00:00,-85.66666666666667,-88.0,-67.33333333333333,-85.0,-82.0,-79.0,-53.0,-91.0,-78.5,-68.33333333333333,-74.25,bedroom_2
2017-04-13 14:24:05+00:00,-88.0,-87.5,-77.0,-82.5,-85.0,-86.0,-65.6,-94.0,-72.0,-76.0,-70.66666666666667,bedroom_2
2017-04-13 14:24:06+00:00,-85.2,-91.5,-72.5,-87.8,-94.0,-80.0,-66.25,-87.66666666666667,-70.2,-74.75,-64.6,bedroom_2
2017-04-13 14:24:07+00:00,-82.25,-88.0,-74.0,-85.66666666666667,-120.0,-85.4,-67.75,-86.6,-68.0,-75.8,-72.0,bedroom_2
2017-04-13 14:24:08+00:00,-82.0,-92.0,-73.66666666666667,-80.75,-88.0,-87.66666666666667,-55.0,-93.5,-69.25,-76.25,-75.75,bedroom_2
2017-04-13 14:24:09+00:00,-88.0,-120.0,-60.4,-79.33333333333333,-101.0,-85.5,-52.4,-120.0,-62.25,-66.75,-72.6,bedroom_2
2017-04-13 14:24:10+00:00,-120.0,-120.0,-61.5,-74.2,-80.0,-96.0,-44.0,-120.0,-61.4,-66.33333333333333,-74.2,bedroom_2
2017-04-13 14:24:11+00:00,-89.0,-86.0,-64.8,-71.75,-85.2,-88.75,-45.75,-120.0,-68.33333333333333,-71.75,-72.0,bedroom_2
2017-04-13 14:24:12+00:00,-85.2,-120.0,-71.0,-75.5,-89.0,-86.0,-62.0,-90.0,-73.0,-73.4,-73.25,bedroom_2
2017-04-13 14:24:13+00:00,-73.5,-88.0,-77.25,-78.6,-85.0,-86.66666666666667,-70.75,-84.5,-75.5,-71.66666666666667,-72.66666666666667,bedroom_2
2017-04-13 14:24:14+00:00,-83.5,-85.25,-71.2,-79.5,-87.0,-84.33333333333333,-68.25,-80.5,-69.66666666666667,-60.4,-75.0,bedroom_2
2017-04-13 14:24:15+00:00,-78.66666666666667,-91.0,-70.0,-80.0,-90.5,-80.25,-61.0,-87.75,-69.0,-56.333333333333336,-72.0,bedroom_2
2017-04-13 14:24:16+00:00,-80.6,-91.66666666666667,-73.0,-76.0,-87.5,-84.2,-69.4,-84.5,-79.5,-70.8,-79.66666666666667,hallway_upper
2017-04-13 14:24:17+00:00,-65.0,-81.5,-70.66666666666667,-82.0,-82.5,-76.66666666666667,-67.0,-84.5,-66.0,-62.8,-76.0,hallway_upper
2017-04-13 14:24:18+00:00,-73.4,-86.5,-84.25,-92.5,-92.0,-81.0,-81.66666666666667,-84.5,-88.0,-68.4,-87.33333333333333,hallway_upper
2017-04-13 14:24:19+00:00,-71.0,-82.66666666666667,-80.0,-86.0,-84.6,-81.25,-64.25,-80.66666666666667,-77.5,-69.0,-81.0,hallway_upper
2017-04-13 14:24:20+00:00,-62.25,-84.6,-79.75,-92.0,-79.0,-120.0,-67.25,-81.5,-75.75,-66.33333333333333,-83.33333333333333,stairs
2017-04-13 14:24:21+00:00,-74.0,-81.0,-77.75,-83.25,-91.0,-84.33333333333333,-73.25,-80.0,-78.0,-66.75,-78.75,stairs
2017-04-13 14:24:23+00:00,-83.2,-77.0,-78.5,-83.0,-78.66666666666667,-78.33333333333333,-79.6,-84.6,-65.5,-65.4,-71.8,stairs
2017-04-13 14:24:24+00:00,-81.8,-72.5,-80.25,-85.75,-68.25,-82.33333333333333,-71.4,-85.6,-64.33333333333333,-64.0,-71.75,hallway_lower
2017-04-13 14:24:25+00:00,-82.75,-68.5,-83.66666666666667,-83.8,-73.2,-73.0,-71.4,-87.33333333333333,-74.0,-69.25,-67.0,hallway_lower
2017-04-13 14:24:26+00:00,-72.0,-73.0,-77.0,-82.0,-66.66666666666667,-84.66666666666667,-85.0,-78.5,-67.5,-74.0,-74.8,hallway_lower
2017-04-13 14:24:27+00:00,-71.33333333333333,-73.6,-80.5,-87.5,-80.0,-88.5,-82.0,-76.66666666666667,-73.75,-79.33333333333333,-76.0,living_area_A
2017-04-13 14:24:28+00:00,-81.33333333333333,-76.0,-87.33333333333333,-84.0,-82.0,-80.8,-75.75,-65.75,-60.333333333333336,-76.25,-66.75,living_area_A
2017-04-13 14:24:29+00:00,-65.66666666666667,-83.66666666666667,-89.5,-120.0,-72.5,-81.0,-81.33333333333333,-71.5,-62.0,-83.5,-73.0,living_area_A
2017-04-13 14:24:30+00:00,-75.33333333333333,-86.2,-80.33333333333333,-86.5,-77.5,-85.0,-80.5,-74.25,-59.666666666666664,-79.66666666666667,-66.6,living_area_A
2017-04-13 14:24:31+00:00,-68.75,-87.0,-120.0,-82.0,-72.0,-77.5,-76.75,-70.5,-68.75,-80.66666666666667,-70.66666666666667,living_area_A
2017-04-13 14:24:32+00:00,-76.2,-92.0,-90.33333333333333,-81.5,-83.0,-90.0,-79.5,-71.8,-72.33333333333333,-83.0,-61.5,living_area_A
2017-04-13 14:24:33+00:00,-120.0,-88.66666666666667,-91.0,-85.66666666666667,-79.0,-79.5,-81.33333333333333,-72.5,-68.2,-82.75,-63.5,living_area_A
2017-04-13 14:24:34+00:00,-83.0,-83.0,-87.75,-85.33333333333333,-92.25,-80.6,-83.0,-69.33333333333333,-68.0,-85.66666666666667,-60.5,living_area_A
2017-04-13 14:24:35+00:00,-84.5,-82.2,-79.25,-85.6,-84.5,-76.25,-72.5,-78.25,-70.5,-88.75,-55.0,living_area_A
2017-04-13 14:24:36+00:00,-89.33333333333333,-85.0,-70.0,-77.75,-82.0,-70.0,-75.0,-80.6,-62.5,-73.2,-60.8,living_area_A
2017-04-13 14:24:37+00:00,-84.0,-76.75,-70.25,-69.0,-76.33333333333333,-73.25,-62.666666666666664,-82.33333333333333,-51.75,-79.0,-70.75,living_area_A
2017-04-13 14:24:38+00:00,-100.0,-80.0,-78.33333333333333,-68.25,-74.0,-61.5,-67.25,-85.25,-54.75,-81.5,-68.2,living_area_A
2017-04-13 14:24:39+00:00,-84.0,-83.66666666666667,-75.33333333333333,-72.0,-72.75,-69.4,-75.6,-84.5,-68.5,-86.5,-70.33333333333333,living_area_A
2017-04-13 14:24:40+00:00,-81.0,-67.5,-80.0,-61.5,-59.5,-59.333333333333336,-88.5,-87.33333333333333,-75.25,-81.4,-83.0,living_area_A
2017-04-13 14:24:41+00:00,-87.0,-73.75,-82.66666666666667,-85.0,-69.2,-72.25,-86.33333333333333,-77.75,-72.5,-73.0,-75.0,living_area_A
2017-04-13 14:24:42+00:00,-81.33333333333333,-75.0,-92.0,-88.0,-76.5,-83.0,-87.75,-71.75,-79.33333333333333,-82.66666666666667,-70.8,living_area_A
2017-04-13 14:24:43+00:00,-71.4,-87.66666666666667,-92.0,-82.66666666666667,-77.66666666666667,-87.66666666666667,-76.66666666666667,-76.0,-67.33333333333333,-78.75,-67.5,living_area_A
2017-04-13 14:24:44+00:00,-66.6,-78.0,-94.0,-83.75,-78.0,-79.5,-83.0,-73.0,-64.0,-89.0,-87.33333333333333,kitchen
2017-04-13 14:24:45+00:00,-64.6,-120.0,-76.5,-91.0,-69.25,-88.66666666666667,-88.0,-58.0,-74.0,-92.5,-90.66666666666667,kitchen
2017-04-13 14:24:46+00:00,-69.0,-90.0,-87.5,-98.0,-78.0,-82.5,-87.5,-63.25,-63.0,-88.0,-76.0,living_area_A
2017-04-13 14:24:47+00:00,-81.0,-82.75,-80.66666666666667,-85.5,-71.5,-76.8,-76.2,-70.33333333333333,-52.333333333333336,-89.5,-58.6,living_area_A
2017-04-13 14:24:48+00:00,-82.0,-76.25,-79.66666666666667,-83.0,-70.0,-74.4,-73.0,-82.0,-53.25,-76.0,-55.333333333333336,living_area_A
2017-04-13 14:24:49+00:00,-97.0,-93.33333333333333,-82.75,-71.0,-77.0,-68.0,-71.0,-82.25,-48.75,-72.0,-55.0,living_area_A
2017-04-13 14:24:50+00:00,-87.0,-75.66666666666667,-81.33333333333333,-75.6,-82.0,-72.75,-59.75,-77.4,-69.33333333333333,-78.0,-58.5,living_area_A
2017-04-13 14:24:51+00:00,-79.5,-86.33333333333333,-86.0,-72.0,-72.0,-75.4,-72.25,-69.0,-63.666666666666664,-86.33333333333333,-63.0,living_area_A
2017-04-13 14:24:52+00:00,-82.75,-77.66666666666667,-84.25,-78.5,-79.5,-75.33333333333333,-75.8,-78.75,-61.0,-84.0,-71.0,living_area_A
2017-04-13 14:24:53+00:00,-78.8,-70.33333333333333,-78.75,-84.0,-79.5,-71.0,-76.25,-75.5,-63.4,-78.25,-66.8,living_area_A
2017-04-13 14:24:54+00:00,-83.25,-82.0,-78.25,-82.0,-80.5,-78.0,-77.0,-60.4,-71.25,-88.5,-62.4,living_area_A
2017-04-13 14:24:55+00:00,-83.5,-82.0,-76.0,-85.5,-80.5,-78.66666666666667,-79.5,-61.5,-74.5,-85.0,-62.5,living_area_A
2017-04-13 14:24:56+00:00,-81.75,-86.33333333333333,-82.0,-80.25,-82.25,-81.0,-76.33333333333333,-58.0,-67.66666666666667,-82.75,-56.75,living_area_A
2017-04-13 14:24:57+00:00,-85.5,-83.75,-87.5,-83.5,-87.25,-81.4,-75.4,-59.0,-63.6,-84.5,-60.6,living_area_A
2017-04-13 14:24:58+00:00,-85.75,-88.5,-82.0,-88.5,-76.2,-82.2,-77.66666666666667,-61.8,-70.5,-81.0,-61.0,living_area_A
2017-04-13 14:24:59+00:00,-91.33333333333333,-87.0,-81.5,-89.33333333333333,-84.75,-78.75,-83.66666666666667,-72.0,-65.8,-88.5,-59.25,living_area_A
2017-04-13 14:25:00+00:00,-120.0,-82.75,-83.5,-90.66666666666667,-88.0,-75.25,-71.5,-72.8,-79.33333333333333,-80.5,-52.0,living_area_A
2017-04-13 14:25:01+00:00,-97.0,-77.0,-89.5,-87.0,-82.66666666666667,-74.5,-65.0,-83.0,-63.0,-83.66666666666667,-43.0,living_area_A
2017-04-13 14:25:02+00:00,-85.0,-82.5,-89.5,-90.0,-81.75,-73.2,-76.25,-67.2,-63.25,-85.2,-51.8,living_area_A
2017-04-13 14:25:03+00:00,-120.0,-78.66666666666667,-90.5,-84.0,-81.66666666666667,-77.4,-69.4,-71.75,-58.0,-88.5,-54.75,living_area_A
2017-04-13 14:25:04+00:00,-96.0,-76.33333333333333,-82.5,-85.25,-82.25,-85.0,-69.75,-74.33333333333333,-79.33333333333333,-85.0,-50.0,living_area_A
2017-04-13 14:25:05+00:00,-85.0,-83.0,-83.25,-91.5,-83.5,-75.25,-70.5,-66.66666666666667,-57.75,-82.6,-46.0,living_area_A
2017-04-13 14:25:06+00:00,-120.0,-86.5,-80.5,-89.0,-73.5,-71.0,-74.4,-80.0,-48.333333333333336,-88.0,-66.5,living_area_A
2017-04-13 14:25:07+00:00,-120.0,-83.75,-71.66666666666667,-81.75,-70.4,-73.0,-67.75,-80.2,-53.25,-77.0,-64.75,living_area_A
2017-04-13 14:25:08+00:00,-92.5,-74.33333333333333,-78.5,-79.66666666666667,-77.4,-63.75,-65.2,-85.5,-55.5,-82.5,-72.75,living_area_A
2017-04-13 14:25:09+00:00,-86.0,-80.6,-80.25,-77.6,-63.333333333333336,-65.25,-62.5,-84.75,-46.8,-73.0,-73.33333333333333,living_area_A
2017-04-13 14:25:10+00:00,-89.5,-79.5,-74.0,-71.25,-61.8,-68.6,-62.5,-89.0,-54.8,-75.0,-77.5,living_area_A
2017-04-13 14:25:11+00:00,-88.0,-79.25,-83.6,-69.5,-66.6,-64.75,-57.75,-83.66666666666667,-63.2,-72.5,-75.2,living_area_A
2017-04-13 14:25:12+00:00,-84.33333333333333,-80.0,-81.75,-81.25,-80.0,-76.33333333333333,-71.33333333333333,-74.0,-61.0,-81.5,-57.0,living_area_A
2017-04-13 14:25:13+00:00,-76.75,-81.66666666666667,-77.66666666666667,-84.0,-77.0,-79.33333333333333,-78.75,-71.2,-69.33333333333333,-76.0,-60.8,living_area_A
2017-04-13 14:25:14+00:00,-73.5,-81.33333333333333,-83.33333333333333,-81.5,-73.75,-81.5,-72.0,-67.6,-63.333333333333336,-79.75,-46.666666666666664,living_area_A
2017-04-13 14:25:15+00:00,-89.0,-80.0,-81.75,-81.75,-79.5,-76.4,-83.75,-74.0,-49.25,-82.0,-61.0,living_area_A
2017-04-13 14:25:16+00:00,-72.0,-77.0,-72.0,-76.0,-81.33333333333333,-68.2,-82.0,-71.5,-65.33333333333333,-78.5,-66.4,living_area_A
2017-04-13 14:25:17+00:00,-78.25,-84.0,-85.75,-83.33333333333333,-81.4,-78.8,-74.0,-78.4,-67.0,-83.8,-59.333333333333336,living_area_A
2017-04-13 14:25:18+00:00,-81.2,-88.0,-83.0,-89.25,-75.75,-78.0,-77.25,-71.8,-61.0,-85.4,-62.8,living_area_A
2017-04-13 14:25:19+00:00,-80.66666666666667,-80.0,-88.33333333333333,-81.5,-79.5,-75.0,-71.0,-69.0,-55.75,-71.0,-64.25,living_area_A
2017-04-13 14:25:20+00:00,-71.0,-88.0,-84.0,-79.5,-84.33333333333333,-75.0,-62.0,-67.25,-55.5,-79.5,-58.0,living_area_A
2017-04-13 14:25:21+00:00,-75.75,-88.33333333333333,-83.0,-91.0,-86.25,-74.33333333333333,-79.6,-74.25,-65.6,-78.75,-77.0,living_area_A
2017-04-13 14:25:22+00:00,-77.8,-83.0,-87.66666666666667,-92.0,-89.0,-82.0,-83.0,-71.0,-66.5,-78.5,-62.0,living_area_A
2017-04-13 14:25:23+00:00,-78.5,-83.0,-84.25,-91.0,-71.5,-79.5,-75.6,-67.75,-68.66666666666667,-87.33333333333333,-59.0,living_area_A
2017-04-13 14:25:24+00:00,-80.5,-82.5,-81.4,-91.5,-82.6,-78.0,-73.33333333333333,-69.6,-57.666666666666664,-83.0,-62.0,living_area_A
2017-04-13 14:25:25+00:00,-71.8,-86.5,-81.75,-87.66666666666667,-87.33333333333333,-82.33333333333333,-74.75,-70.2,-72.0,-79.8,-66.0,living_area_A
2017-04-13 14:25:26+00:00,-74.5,-86.0,-85.75,-82.33333333333333,-80.66666666666667,-80.0,-79.25,-78.25,-62.2,-79.0,-61.0,living_area_A
2017-04-13 14:25:27+00:00,-77.0,-80.4,-76.5,-86.25,-84.0,-77.33333333333333,-85.33333333333333,-77.0,-65.0,-80.2,-58.5,living_area_A
2017-04-13 14:25:28+00:00,-79.2,-84.33333333333333,-83.0,-84.2,-83.33333333333333,-84.0,-77.0,-67.6,-59.75,-79.25,-62.2,living_area_A
2017-04-13 14:25:29+00:00,-83.33333333333333,-84.6,-78.25,-85.8,-84.75,-81.33333333333333,-72.25,-74.75,-59.25,-84.25,-65.0,living_area_A
2017-04-13 14:25:30+00:00,-120.0,-83.0,-81.33333333333333,-83.0,-85.5,-88.33333333333333,-82.6,-77.0,-56.6,-75.66666666666667,-69.5,living_area_A
2017-04-13 14:25:31+00:00,-79.0,-80.25,-88.5,-90.66666666666667,-81.33333333333333,-72.0,-80.5,-72.2,-59.5,-80.0,-58.0,living_area_A
2017-04-13 14:25:32+00:00,-77.0,-87.5,-83.66666666666667,-84.25,-89.5,-77.66666666666667,-88.0,-66.0,-71.0,-81.25,-60.6,living_area_A
2017-04-13 14:25:33+00:00,-87.0,-87.0,-87.0,-87.8,-91.5,-80.33333333333333,-78.5,-77.5,-55.0,-80.0,-60.0,living_area_A
2017-04-13 14:25:34+00:00,-79.0,-81.4,-86.0,-90.75,-120.0,-72.0,-86.0,-71.0,-65.0,-78.8,-58.75,living_area_A
2017-04-13 14:25:35+00:00,-74.25,-82.66666666666667,-78.33333333333333,-83.0,-88.0,-82.0,-75.0,-75.0,-63.5,-78.5,-62.5,living_area_A
2017-04-13 14:25:36+00:00,-76.2,-85.25,-81.2,-80.0,-86.33333333333333,-86.33333333333333,-81.66666666666667,-72.66666666666667,-63.75,-80.6,-52.333333333333336,living_area_A
2017-04-13 14:25:37+00:00,-74.0,-81.4,-78.5,-84.8,-86.66666666666667,-81.0,-85.0,-69.25,-58.75,-78.6,-60.4,living_area_A
2017-04-13 14:25:38+00:00,-76.5,-89.33333333333333,-80.8,-95.0,-86.5,-79.5,-82.66666666666667,-70.33333333333333,-55.5,-80.8,-56.2,living_area_A
2017-04-13 14:25:39+00:00,-82.0,-86.33333333333333,-81.0,-88.25,-79.75,-84.33333333333333,-70.0,-69.8,-61.0,-77.66666666666667,-65.0,living_area_A
2017-04-13 14:25:40+00:00,-76.66666666666667,-85.8,-84.75,-87.75,-80.66666666666667,-79.66666666666667,-81.0,-72.0,-66.6,-78.0,-65.4,living_area_A
2017-04-13 14:25:41+00:00,-78.0,-81.75,-79.0,-84.8,-85.0,-83.66666666666667,-79.0,-69.75,-57.5,-84.33333333333333,-59.6,living_area_A
2017-04-13 14:25:42+00:00,-74.66666666666667,-78.0,-80.33333333333333,-80.0,-83.0,-82.25,-78.0,-69.5,-57.0,-83.75,-64.0,living_area_A
2017-04-13 14:25:43+00:00,-79.25,-84.0,-71.0,-88.66666666666667,-80.33333333333333,-84.0,-80.75,-75.25,-58.75,-80.0,-54.0,living_area_A
2017-04-13 14:25:44+00:00,-78.75,-83.0,-81.0,-84.75,-80.0,-78.0,-88.5,-77.75,-58.5,-82.0,-57.0,living_area_A
2017-04-13 14:25:45+00:00,-78.8,-87.75,-81.66666666666667,-84.33333333333333,-80.0,-83.2,-82.8,-69.25,-61.5,-79.4,-62.6,living_area_A
2017-04-13 14:25:46+00:00,-86.5,-79.6,-81.0,-84.0,-87.4,-79.33333333333333,-82.0,-74.25,-60.0,-78.0,-61.8,living_area_A
2017-04-13 14:25:47+00:00,-79.2,-82.6,-87.0,-83.33333333333333,-89.0,-84.75,-82.0,-88.0,-59.4,-80.0,-64.4,living_area_A
2017-04-13 14:25:48+00:00,-81.6,-85.0,-80.33333333333333,-83.25,-86.33333333333333,-87.75,-75.0,-73.6,-61.8,-86.5,-59.8,living_area_A
2017-04-13 14:25:49+00:00,-72.0,-86.25,-81.5,-81.0,-79.33333333333333,-82.0,-84.0,-78.33333333333333,-63.25,-86.66666666666667,-64.0,living_area_A
2017-04-13 14:25:50+00:00,-79.5,-78.66666666666667,-80.0,-89.0,-80.66666666666667,-83.25,-93.5,-81.0,-57.5,-79.33333333333333,-63.25,living_area_A
2017-04-13 14:25:51+00:00,-84.0,-81.6,-91.0,-83.0,-83.75,-95.0,-79.75,-71.0,-62.0,-81.4,-58.0,living_area_A
2017-04-13 14:25:52+00:00,-76.5,-85.0,-81.2,-83.0,-82.4,-83.0,-80.0,-70.75,-53.4,-80.5,-60.4,living_area_A
2017-04-13 14:25:53+00:00,-87.25,-85.2,-84.5,-76.5,-81.33333333333333,-78.66666666666667,-73.0,-77.2,-60.0,-77.8,-59.333333333333336,living_area_A
2017-04-13 14:25:54+00:00,-86.0,-82.8,-79.25,-82.66666666666667,-80.8,-80.75,-75.75,-69.0,-58.2,-78.66666666666667,-60.0,living_area_A
2017-04-13 14:25:55+00:00,-81.0,-85.5,-77.66666666666667,-78.0,-77.25,-85.0,-78.66666666666667,-73.66666666666667,-60.2,-82.66666666666667,-63.75,living_area_A
2017-04-13 14:25:56+00:00,-75.0,-80.0,-83.0,-82.0,-85.4,-77.66666666666667,-75.75,-72.25,-56.2,-79.33333333333333,-61.0,living_area_A
2017-04-13 14:25:57+00:00,-79.8,-86.0,-78.0,-85.5,-74.0,-87.75,-76.25,-80.0,-60.4,-79.75,-64.0,living_area_A
2017-04-13 14:25:58+00:00,-77.0,-87.75,-81.0,-84.33333333333333,-85.0,-79.5,-77.4,-74.0,-56.75,-75.66666666666667,-63.4,living_area_A
2017-04-13 14:25:59+00:00,-81.33333333333333,-87.0,-82.0,-84.0,-85.66666666666667,-80.25,-77.75,-72.66666666666667,-55.75,-79.25,-64.5,living_area_A
2017-04-13 14:26:00+00:00,-87.0,-88.66666666666667,-84.33333333333333,-88.0,-120.0,-81.33333333333333,-76.25,-73.75,-56.333333333333336,-74.5,-63.0,living_area_A
2017-04-13 14:26:01+00:00,-82.33333333333333,-84.66666666666667,-83.0,-83.75,-78.75,-85.0,-78.6,-65.5,-57.6,-80.0,-64.2,living_area_A
2017-04-13 14:26:02+00:00,-83.25,-82.6,-82.0,-85.0,-77.25,-83.6,-77.25,-69.0,-51.75,-82.33333333333333,-59.75,living_area_A
2017-04-13 14:26:03+00:00,-83.0,-84.6,-80.4,-83.0,-81.0,-80.8,-77.5,-64.5,-52.0,-82.66666666666667,-63.25,living_area_A
2017-04-13 14:26:04+00:00,-88.0,-85.6,-77.5,-82.0,-77.5,-82.66666666666667,-82.0,-73.8,-54.0,-87.33333333333333,-62.4,living_area_A
2017-04-13 14:26:05+00:00,-79.0,-85.75,-85.25,-88.33333333333333,-81.6,-75.8,-89.0,-74.25,-65.75,-79.5,-64.25,living_area_A
2017-04-13 14:26:06+00:00,-85.33333333333333,-81.25,-75.75,-84.8,-78.66666666666667,-78.75,-75.5,-65.0,-57.6,-84.5,-60.75,living_area_A
2017-04-13 14:26:07+00:00,-74.6,-88.0,-82.0,-83.0,-78.75,-81.5,-73.0,-75.0,-67.6,-75.0,-58.0,living_area_A
2017-04-13 14:26:08+00:00,-74.0,-83.66666666666667,-87.0,-90.0,-87.66666666666667,-72.75,-66.25,-64.75,-60.25,-78.5,-62.0,living_area_A
2017-04-13 14:26:09+00:00,-78.75,-79.5,-80.5,-92.0,-79.33333333333333,-73.8,-67.33333333333333,-70.0,-55.0,-84.0,-58.75,living_area_A
2017-04-13 14:26:10+00:00,-79.33333333333333,-83.0,-85.5,-79.25,-80.75,-78.66666666666667,-68.8,-77.25,-57.2,-81.33333333333333,-59.25,living_area_A
2017-04-13 14:26:11+00:00,-80.75,-81.5,-90.33333333333333,-86.33333333333333,-80.75,-79.0,-70.5,-72.33333333333333,-60.333333333333336,-76.25,-58.25,living_area_A
2017-04-13 14:26:12+00:00,-81.8,-87.0,-82.0,-88.0,-76.66666666666667,-81.0,-70.4,-72.5,-69.0,-78.8,-63.0,living_area_A
2017-04-13 14:26:13+00:00,-81.0,-83.75,-86.5,-87.0,-76.8,-78.8,-74.8,-73.0,-62.6,-75.0,-64.6,living_area_A
2017-04-13 14:26:14+00:00,-77.0,-81.5,-81.66666666666667,-84.0,-75.25,-83.6,-66.5,-69.66666666666667,-63.0,-76.0,-64.4,living_area_A
2017-04-13 14:26:15+00:00,-78.0,-79.0,-97.0,-80.2,-83.0,-81.0,-76.0,-74.4,-79.0,-82.75,-62.666666666666664,living_area_A
2017-04-13 14:26:16+00:00,-81.66666666666667,-89.33333333333333,-120.0,-89.66666666666667,-78.5,-74.0,-71.2,-70.2,-65.75,-68.0,-57.8,living_area_A
2017-04-13 14:26:17+00:00,-80.25,-87.0,-75.0,-82.75,-82.25,-70.75,-77.75,-69.0,-66.0,-70.75,-60.25,living_area_A
2017-04-13 14:26:18+00:00,-76.8,-89.0,-78.25,-85.8,-76.0,-76.66666666666667,-72.2,-69.5,-63.0,-87.33333333333333,-52.0,living_area_A
2017-04-13 14:26:19+00:00,-74.33333333333333,-83.66666666666667,-85.25,-84.5,-76.5,-76.0,-74.4,-66.0,-67.33333333333333,-84.25,-60.75,living_area_A
2017-04-13 14:26:20+00:00,-76.25,-84.5,-83.5,-84.25,-77.4,-75.6,-74.25,-67.0,-72.4,-81.5,-52.2,living_area_A
2017-04-13 14:26:21+00:00,-73.0,-89.33333333333333,-78.6,-85.25,-74.0,-78.2,-73.2,-67.25,-64.0,-79.25,-51.2,living_area_A
2017-04-13 14:26:22+00:00,-69.75,-79.0,-77.0,-82.33333333333333,-85.0,-75.5,-81.2,-67.4,-84.5,-81.75,-56.0,living_area_A
2017-04-13 14:26:23+00:00,-76.0,-82.0,-74.0,-85.25,-79.75,-67.0,-79.75,-65.4,-81.2,-76.66666666666667,-54.2,living_area_A
2017-04-13 14:26:24+00:00,-82.5,-78.0,-77.0,-81.75,-68.5,-78.66666666666667,-82.33333333333333,-71.0,-71.0,-77.5,-55.0,living_area_A
2017-04-13 14:26:25+00:00,-75.0,-85.0,-76.33333333333333,-84.0,-77.75,-71.75,-76.75,-69.0,-77.66666666666667,-87.5,-51.333333333333336,living_area_A
2017-04-13 14:26:26+00:00,-79.25,-79.5,-76.66666666666667,-87.25,-84.4,-77.25,-79.66666666666667,-69.0,-79.5,-83.66666666666667,-54.4,living_area_A
2017-04-13 14:26:27+00:00,-68.5,-86.33333333333333,-76.66666666666667,-91.0,-75.5,-73.6,-71.75,-71.5,-70.5,-81.0,-56.25,living_area_A
2017-04-13 14:26:28+00:00,-75.6,-83.0,-76.0,-80.0,-79.75,-73.0,-79.2,-68.0,-69.66666666666667,-82.0,-56.5,living_area_A
2017-04-13 14:26:29+00:00,-74.0,-91.5,-88.75,-82.4,-78.4,-70.2,-74.5,-69.8,-74.5,-83.0,-57.0,living_area_A
2017-04-13 14:26:30+00:00,-76.66666666666667,-80.0,-79.33333333333333,-86.0,-79.25,-67.25,-71.0,-71.66666666666667,-74.33333333333333,-83.25,-55.8,living_area_A
2017-04-13 14:26:31+00:00,-77.0,-88.66666666666667,-82.66666666666667,-80.0,-84.5,-65.25,-82.25,-72.5,-61.5,-84.25,-59.0,living_area_A
2017-04-13 14:26:32+00:00,-76.75,-75.0,-79.5,-78.33333333333333,-79.4,-66.8,-75.0,-66.8,-61.75,-81.0,-54.5,living_area_A
2017-04-13 14:26:33+00:00,-78.0,-86.5,-84.66666666666667,-85.33333333333333,-78.5,-80.0,-79.75,-67.2,-78.0,-86.0,-51.75,living_area_A
2017-04-13 14:26:34+00:00,-73.5,-76.0,-82.0,-86.66666666666667,-83.5,-77.0,-79.75,-70.5,-64.5,-72.5,-56.0,living_area_A
2017-04-13 14:26:35+00:00,-75.0,-86.2,-78.75,-87.66666666666667,-80.0,-68.4,-85.0,-70.75,-93.0,-81.66666666666667,-52.75,living_area_A
2017-04-13 14:26:36+00:00,-78.2,-85.0,-75.0,-82.4,-88.5,-73.5,-76.0,-69.5,-69.75,-80.4,-51.75,living_area_A
2017-04-13 14:26:37+00:00,-73.75,-78.33333333333333,-83.0,-83.0,-78.66666666666667,-78.33333333333333,-78.2,-67.6,-56.0,-78.2,-51.5,living_area_A
2017-04-13 14:26:38+00:00,-81.0,-85.0,-77.5,-84.0,-80.0,-65.4,-75.25,-73.2,-65.0,-82.0,-56.5,living_area_A
2017-04-13 14:26:39+00:00,-73.25,-77.0,-80.33333333333333,-80.0,-80.25,-69.0,-83.2,-68.0,-58.0,-80.8,-48.666666666666664,living_area_A
2017-04-13 14:26:40+00:00,-75.75,-85.5,-86.0,-93.0,-88.5,-76.2,-86.0,-72.0,-79.5,-77.6,-54.0,living_area_A
2017-04-13 14:26:41+00:00,-77.75,-83.75,-85.5,-88.0,-86.33333333333333,-74.75,-78.0,-74.0,-64.0,-75.5,-52.0,living_area_A
2017-04-13 14:26:42+00:00,-78.25,-81.66666666666667,-88.0,-82.0,-79.2,-75.2,-85.66666666666667,-74.0,-64.33333333333333,-81.66666666666667,-53.5,living_area_A
2017-04-13 14:26:43+00:00,-75.66666666666667,-84.25,-94.0,-87.0,-80.0,-76.75,-80.33333333333333,-77.25,-58.0,-83.4,-61.75,living_area_A
2017-04-13 14:26:44+00:00,-77.5,-74.33333333333333,-83.2,-86.0,-78.33333333333333,-70.5,-72.75,-77.6,-61.666666666666664,-81.0,-66.4,living_area_A
2017-04-13 14:26:45+00:00,-83.25,-81.6,-81.0,-88.5,-82.6,-76.0,-74.25,-65.5,-68.2,-80.0,-73.75,living_area_A
2017-04-13 14:26:46+00:00,-83.8,-84.66666666666667,-86.25,-84.5,-73.0,-77.5,-75.6,-59.6,-67.2,-76.0,-55.666666666666664,living_area_A
2017-04-13 14:26:47+00:00,-80.75,-79.5,-79.0,-85.0,-79.25,-81.4,-88.0,-62.4,-69.66666666666667,-78.25,-57.75,living_area_A
2017-04-13 14:26:48+00:00,-81.0,-79.33333333333333,-84.0,-83.5,-76.66666666666667,-76.75,-77.25,-56.333333333333336,-68.75,-76.25,-61.4,living_area_A
2017-04-13 14:26:49+00:00,-84.0,-80.0,-90.0,-84.0,-76.25,-72.0,-85.2,-60.0,-71.2,-77.66666666666667,-63.75,living_area_A
2017-04-13 14:26:50+00:00,-83.0,-68.8,-83.33333333333333,-75.8,-74.25,-64.33333333333333,-74.33333333333333,-71.5,-59.6,-74.0,-70.0,living_area_A
2017-04-13 14:26:51+00:00,-76.5,-67.0,-81.66666666666667,-78.66666666666667,-67.5,-67.4,-72.0,-80.25,-59.2,-84.0,-75.66666666666667,living_area_A
2017-04-13 14:26:52+00:00,-75.0,-75.5,-86.4,-77.5,-72.0,-73.75,-72.66666666666667,-83.6,-68.66666666666667,-82.0,-73.0,living_area_A
2017-04-13 14:26:53+00:00,-81.0,-78.0,-82.75,-82.0,-66.0,-68.6,-75.5,-81.5,-74.0,-76.33333333333333,-75.8,living_area_A
2017-04-13 14:26:54+00:00,-67.6,-88.0,-88.33333333333333,-86.0,-72.0,-79.8,-81.5,-70.75,-68.33333333333333,-78.2,-75.0,kitchen
2017-04-13 14:26:55+00:00,-69.4,-87.0,-91.0,-93.0,-79.0,-80.0,-83.0,-68.25,-73.33333333333333,-86.75,-85.25,kitchen
2017-04-13 14:26:56+00:00,-70.0,-88.0,-95.33333333333333,-120.0,-86.25,-83.0,-88.0,-62.4,-80.25,-120.0,-81.0,kitchen
2017-04-13 14:26:57+00:00,-71.4,-120.0,-95.0,-120.0,-80.66666666666667,-100.0,-91.5,-63.4,-80.0,-120.0,-78.75,kitchen
2017-04-13 14:26:58+00:00,-72.5,-120.0,-120.0,-120.0,-74.4,-120.0,-91.0,-63.0,-74.0,-120.0,-88.0,kitchen
2017-04-13 14:26:59+00:00,-71.5,-120.0,-90.33333333333333,-120.0,-85.0,-120.0,-88.0,-59.5,-86.0,-120.0,-86.66666666666667,kitchen
2017-04-13 14:27:00+00:00,-76.0,-120.0,-92.5,-120.0,-79.0,-86.0,-83.5,-59.5,-64.0,-120.0,-87.0,kitchen
2017-04-13 14:27:01+00:00,-70.75,-120.0,-86.0,-120.0,-82.33333333333333,-120.0,-92.66666666666667,-54.0,-64.0,-120.0,-86.5,kitchen
2017-04-13 14:27:02+00:00,-62.2,-120.0,-87.75,-120.0,-79.0,-120.0,-88.75,-52.666666666666664,-75.0,-120.0,-84.4,kitchen
2017-04-13 14:27:03+00:00,-61.6,-120.0,-87.0,-120.0,-79.6,-85.0,-91.25,-52.0,-68.5,-87.0,-88.5,kitchen
2017-04-13 14:27:04+00:00,-61.0,-120.0,-120.0,-120.0,-81.25,-120.0,-89.5,-55.75,-70.0,-101.0,-82.8,kitchen
2017-04-13 14:27:05+00:00,-68.6,-120.0,-120.0,-92.0,-82.0,-120.0,-86.0,-56.6,-73.0,-99.0,-79.5,kitchen
2017-04-13 14:27:06+00:00,-54.5,-120.0,-120.0,-120.0,-72.0,-83.0,-88.2,-58.0,-65.33333333333333,-120.0,-84.5,kitchen
2017-04-13 14:27:07+00:00,-61.5,-120.0,-120.0,-120.0,-72.66666666666667,-85.5,-89.0,-58.0,-65.0,-120.0,-84.0,kitchen
2017-04-13 14:27:08+00:00,-73.0,-120.0,-88.0,-120.0,-80.8,-120.0,-93.0,-50.8,-78.75,-92.0,-81.8,kitchen
2017-04-13 14:27:09+00:00,-68.6,-120.0,-120.0,-120.0,-85.0,-85.0,-95.0,-62.2,-77.66666666666667,-92.0,-85.33333333333333,kitchen
2017-04-13 14:27:10+00:00,-62.0,-120.0,-120.0,-89.25,-83.25,-120.0,-89.0,-57.0,-72.2,-101.0,-77.25,kitchen
2017-04-13 14:27:11+00:00,-67.0,-120.0,-120.0,-99.0,-77.25,-79.0,-90.75,-58.0,-69.0,-95.33333333333333,-84.0,kitchen
2017-04-13 14:27:12+00:00,-67.0,-120.0,-86.0,-120.0,-83.5,-87.5,-87.5,-55.0,-72.33333333333333,-87.0,-82.0,kitchen
2017-04-13 14:27:13+00:00,-67.5,-120.0,-120.0,-120.0,-78.2,-81.0,-85.33333333333333,-59.0,-73.66666666666667,-88.0,-83.5,kitchen
2017-04-13 14:27:14+00:00,-56.666666666666664,-120.0,-82.0,-90.5,-79.8,-83.0,-86.25,-50.333333333333336,-66.4,-87.5,-83.8,kitchen
2017-04-13 14:27:15+00:00,-61.2,-120.0,-120.0,-88.0,-90.5,-91.33333333333333,-89.75,-54.0,-84.33333333333333,-87.0,-79.6,kitchen
2017-04-13 14:27:16+00:00,-70.66666666666667,-120.0,-120.0,-98.0,-86.0,-90.5,-87.5,-62.0,-77.75,-89.0,-79.66666666666667,kitchen
2017-04-13 14:27:17+00:00,-67.25,-120.0,-87.0,-120.0,-84.66666666666667,-89.0,-90.0,-59.5,-83.0,-94.0,-83.0,kitchen
2017-04-13 14:27:18+00:00,-62.75,-120.0,-90.0,-99.0,-87.2,-81.0,-88.0,-56.8,-75.0,-87.6,-77.0,kitchen
2017-04-13 14:27:19+00:00,-63.666666666666664,-120.0,-96.0,-98.0,-86.0,-88.5,-84.33333333333333,-56.6,-79.0,-87.0,-85.25,kitchen
2017-04-13 14:27:20+00:00,-66.0,-120.0,-87.0,-120.0,-82.0,-89.0,-89.5,-57.0,-72.0,-90.0,-83.25,kitchen
2017-04-13 14:27:21+00:00,-74.0,-120.0,-85.0,-89.0,-86.33333333333333,-94.0,-90.25,-58.25,-72.4,-89.33333333333333,-90.66666666666667,kitchen
2017-04-13 14:27:22+00:00,-63.0,-120.0,-97.0,-94.0,-88.0,-82.5,-87.66666666666667,-56.5,-83.0,-90.33333333333333,-80.2,kitchen
2017-04-13 14:27:23+00:00,-62.8,-120.0,-120.0,-87.0,-88.0,-86.33333333333333,-87.0,-57.25,-75.66666666666667,-91.8,-83.0,kitchen
2017-04-13 14:27:24+00:00,-67.75,-93.0,-120.0,-120.0,-82.0,-92.33333333333333,-94.5,-56.5,-72.66666666666667,-89.33333333333333,-73.66666666666667,kitchen
2017-04-13 14:27:25+00:00,-67.6,-120.0,-88.5,-99.0,-90.5,-92.5,-90.0,-57.6,-77.66666666666667,-86.8,-84.2,kitchen
2017-04-13 14:27:26+00:00,-62.0,-120.0,-120.0,-85.5,-87.8,-87.5,-84.33333333333333,-52.25,-77.0,-82.66666666666667,-82.25,kitchen
2017-04-13 14:27:27+00:00,-60.666666666666664,-120.0,-120.0,-96.0,-82.0,-90.5,-94.0,-59.666666666666664,-75.0,-89.33333333333333,-81.0,kitchen
2017-04-13 14:27:28+00:00,-64.8,-120.0,-89.0,-93.66666666666667,-89.4,-97.0,-91.0,-54.2,-68.0,-87.25,-85.75,kitchen
2017-04-13 14:27:29+00:00,-77.66666666666667,-120.0,-85.0,-97.0,-83.0,-87.0,-89.75,-56.5,-76.75,-87.0,-80.8,kitchen
2017-04-13 14:27:30+00:00,-65.75,-120.0,-96.5,-85.0,-88.0,-87.66666666666667,-86.0,-58.4,-74.2,-87.25,-78.33333333333333,kitchen
2017-04-13 14:27:31+00:00,-67.66666666666667,-120.0,-120.0,-86.0,-86.0,-120.0,-96.33333333333333,-56.8,-73.0,-86.5,-81.5,kitchen
2017-04-13 14:27:32+00:00,-68.33333333333333,-120.0,-120.0,-85.0,-88.5,-92.33333333333333,-88.4,-57.0,-75.6,-85.0,-85.0,kitchen
2017-04-13 14:27:33+00:00,-66.75,-120.0,-100.0,-84.0,-74.66666666666667,-85.0,-90.0,-71.2,-73.33333333333333,-88.66666666666667,-88.66666666666667,kitchen
2017-04-13 14:27:34+00:00,-64.0,-96.0,-83.0,-120.0,-78.66666666666667,-120.0,-83.5,-64.2,-70.25,-91.75,-87.25,kitchen
2017-04-13 14:27:35+00:00,-74.75,-120.0,-87.0,-120.0,-75.0,-88.0,-93.0,-57.333333333333336,-74.33333333333333,-87.0,-70.5,kitchen
2017-04-13 14:27:36+00:00,-63.5,-120.0,-90.5,-86.0,-82.0,-87.0,-86.5,-56.6,-80.5,-89.5,-72.0,kitchen
2017-04-13 14:27:37+00:00,-54.0,-120.0,-98.0,-85.0,-83.4,-81.5,-120.0,-56.333333333333336,-78.5,-91.0,-88.0,kitchen
2017-04-13 14:27:38+00:00,-63.5,-120.0,-88.0,-88.0,-78.75,-84.0,-81.0,-62.5,-77.66666666666667,-85.0,-83.2,kitchen
2017-04-13 14:27:39+00:00,-80.0,-99.0,-85.0,-82.5,-81.5,-80.5,-91.0,-60.25,-72.75,-92.33333333333333,-87.25,kitchen
2017-04-13 14:27:40+00:00,-69.0,-89.5,-88.5,-82.75,-71.4,-75.5,-90.66666666666667,-56.25,-69.25,-88.75,-72.0,kitchen
2017-04-13 14:27:41+00:00,-82.5,-87.25,-94.0,-87.0,-76.25,-80.0,-76.0,-69.4,-71.25,-82.75,-61.0,living_area_A
2017-04-13 14:27:42+00:00,-80.6,-82.75,-91.0,-85.33333333333333,-80.25,-82.0,-78.33333333333333,-70.0,-58.2,-87.75,-68.5,living_area_A
2017-04-13 14:27:43+00:00,-84.33333333333333,-79.0,-82.2,-84.0,-80.0,-72.6,-77.75,-64.33333333333333,-69.25,-88.0,-57.666666666666664,living_area_A
2017-04-13 14:27:44+00:00,-83.5,-83.0,-90.66666666666667,-95.0,-80.5,-74.5,-77.2,-59.25,-71.0,-81.33333333333333,-60.0,living_area_A
2017-04-13 14:27:46+00:00,-86.5,-67.75,-77.6,-83.4,-81.0,-65.75,-76.25,-63.0,-69.5,-82.25,-69.5,living_area_A
2017-04-13 14:27:47+00:00,-84.75,-67.6,-76.8,-80.4,-79.33333333333333,-66.2,-68.8,-72.25,-68.33333333333333,-75.5,-81.6,living_area_A
2017-04-13 14:27:48+00:00,-83.0,-66.0,-83.5,-86.0,-74.5,-70.0,-72.8,-77.0,-51.25,-76.0,-70.5,living_area_A
2017-04-13 14:27:49+00:00,-88.0,-61.666666666666664,-81.0,-75.66666666666667,-73.75,-62.5,-76.6,-87.0,-57.5,-78.8,-70.6,living_area_A
2017-04-13 14:27:50+00:00,-91.0,-78.0,-76.33333333333333,-78.33333333333333,-71.0,-73.5,-69.5,-82.2,-64.25,-78.5,-72.0,living_area_A
2017-04-13 14:27:51+00:00,-88.25,-70.5,-73.75,-85.0,-79.0,-76.25,-68.25,-93.33333333333333,-68.0,-73.8,-65.8,living_area_A
2017-04-13 14:27:52+00:00,-97.0,-68.0,-67.66666666666667,-83.5,-72.5,-76.5,-64.0,-79.0,-63.4,-80.66666666666667,-73.0,living_area_A
2017-04-13 14:27:53+00:00,-85.33333333333333,-64.75,-71.0,-79.0,-81.75,-77.5,-73.25,-87.0,-64.0,-76.5,-69.75,living_area_A
2017-04-13 14:27:54+00:00,-83.0,-68.75,-73.8,-76.25,-78.0,-76.0,-67.4,-85.6,-55.25,-83.0,-70.4,living_area_A
2017-04-13 14:27:55+00:00,-85.0,-61.0,-73.4,-78.0,-82.33333333333333,-74.75,-67.2,-88.66666666666667,-73.0,-84.0,-71.75,living_area_A
2017-04-13 14:27:56+00:00,-83.0,-65.66666666666667,-74.4,-82.0,-83.2,-73.4,-70.0,-86.25,-66.33333333333333,-96.66666666666667,-75.66666666666667,living_area_A
2017-04-13 14:27:57+00:00,-89.0,-66.8,-74.0,-81.0,-85.0,-72.66666666666667,-71.0,-85.75,-71.75,-90.0,-71.2,living_area_A
2017-04-13 14:27:58+00:00,-88.5,-69.5,-70.6,-85.25,-79.75,-71.2,-66.5,-85.66666666666667,-65.8,-88.75,-71.8,living_area_A
2017-04-13 14:27:59+00:00,-85.5,-67.75,-75.0,-77.66666666666667,-101.0,-67.66666666666667,-64.0,-85.66666666666667,-68.33333333333333,-79.66666666666667,-72.25,living_area_A
2017-04-13 14:28:00+00:00,-92.66666666666667,-61.0,-74.0,-84.0,-79.75,-64.33333333333333,-69.2,-94.0,-66.0,-83.33333333333333,-65.33333333333333,living_area_A
2017-04-13 14:28:01+00:00,-90.0,-65.75,-67.75,-77.0,-83.0,-69.0,-65.33333333333333,-84.0,-74.33333333333333,-83.0,-68.75,living_area_A
2017-04-13 14:28:02+00:00,-82.0,-71.75,-78.25,-76.5,-82.0,-72.33333333333333,-64.4,-87.6,-63.75,-82.25,-67.5,living_area_A
2017-04-13 14:28:03+00:00,-89.0,-70.66666666666667,-73.8,-82.33333333333333,-91.0,-71.8,-67.25,-93.0,-61.75,-82.5,-65.6,living_area_A
2017-04-13 14:28:04+00:00,-87.0,-65.75,-78.4,-88.66666666666667,-83.0,-65.75,-66.33333333333333,-86.75,-68.33333333333333,-76.0,-61.2,living_area_A
2017-04-13 14:28:05+00:00,-86.0,-67.25,-71.66666666666667,-83.25,-84.0,-71.25,-62.4,-85.6,-57.5,-88.0,-66.5,living_area_A
2017-04-13 14:28:06+00:00,-83.5,-64.75,-67.0,-81.5,-70.0,-71.66666666666667,-67.0,-83.66666666666667,-67.33333333333333,-83.33333333333333,-62.4,living_area_A
2017-04-13 14:28:07+00:00,-89.5,-68.5,-68.0,-76.0,-82.66666666666667,-68.75,-67.0,-85.5,-76.0,-84.5,-61.666666666666664,living_area_A
2017-04-13 14:28:08+00:00,-88.0,-66.0,-67.5,-73.0,-75.2,-69.66666666666667,-66.0,-88.2,-62.75,-79.0,-59.0,living_area_A
2017-04-13 14:28:09+00:00,-93.33333333333333,-69.75,-72.25,-84.0,-73.25,-75.2,-69.6,-79.0,-60.0,-77.5,-57.75,living_area_A
2017-04-13 14:28:10+00:00,-83.66666666666667,-59.333333333333336,-72.33333333333333,-73.0,-74.0,-69.75,-60.0,-84.66666666666667,-64.6,-82.0,-57.333333333333336,living_area_A
2017-04-13 14:28:11+00:00,-87.0,-69.66666666666667,-70.0,-77.5,-69.0,-73.33333333333333,-69.8,-82.2,-63.0,-79.4,-57.8,living_area_A
2017-04-13 14:28:12+00:00,-81.0,-62.4,-69.0,-78.25,-73.5,-70.2,-66.75,-85.0,-58.0,-80.75,-58.5,living_area_A
2017-04-13 14:28:13+00:00,-94.5,-65.0,-73.0,-77.0,-73.66666666666667,-72.0,-65.66666666666667,-84.5,-62.5,-72.5,-62.5,living_area_A
2017-04-13 14:28:14+00:00,-85.33333333333333,-62.0,-71.5,-77.6,-73.75,-69.2,-67.5,-80.25,-57.0,-81.0,-52.5,living_area_A
2017-04-13 14:28:15+00:00,-87.0,-64.75,-70.4,-80.0,-78.6,-71.75,-65.5,-87.66666666666667,-74.0,-83.6,-57.5,living_area_A
2017-04-13 14:28:16+00:00,-83.0,-67.2,-75.8,-75.6,-68.25,-71.0,-72.75,-80.4,-70.0,-79.25,-65.33333333333333,living_area_A
2017-04-13 14:28:17+00:00,-82.0,-62.75,-70.5,-77.66666666666667,-75.0,-120.0,-66.2,-81.33333333333333,-65.33333333333333,-88.5,-60.8,living_area_A
2017-04-13 14:28:18+00:00,-78.0,-67.6,-72.0,-76.66666666666667,-65.0,-70.5,-68.75,-77.33333333333333,-120.0,-79.66666666666667,-58.666666666666664,living_area_A
2017-04-13 14:28:19+00:00,-95.25,-70.5,-68.25,-82.66666666666667,-75.8,-67.33333333333333,-69.0,-80.33333333333333,-81.5,-84.2,-58.6,living_area_A
2017-04-13 14:28:20+00:00,-88.25,-64.33333333333333,-72.6,-75.0,-81.0,-67.75,-65.6,-84.0,-64.0,-81.6,-62.6,living_area_A
2017-04-13 14:28:21+00:00,-86.66666666666667,-64.6,-71.0,-78.5,-70.6,-70.0,-67.0,-85.75,-66.5,-80.5,-58.666666666666664,living_area_A
2017-04-13 14:28:22+00:00,-88.66666666666667,-70.2,-69.25,-79.6,-75.25,-67.25,-65.5,-80.66666666666667,-78.0,-79.0,-61.25,living_area_A
2017-04-13 14:28:23+00:00,-91.5,-64.4,-73.2,-80.4,-78.0,-73.4,-77.0,-80.33333333333333,-73.8,-84.25,-62.75,living_area_A
2017-04-13 14:28:24+00:00,-91.5,-64.25,-68.6,-77.0,-80.8,-68.0,-69.0,-86.5,-69.33333333333333,-82.0,-56.0,living_area_A
2017-04-13 14:28:25+00:00,-86.33333333333333,-66.25,-74.0,-77.0,-73.2,-68.66666666666667,-68.0,-82.0,-65.75,-80.0,-63.8,living_area_A
2017-04-13 14:28:26+00:00,-81.0,-62.5,-73.0,-81.0,-71.33333333333333,-71.5,-61.5,-78.5,-58.75,-83.66666666666667,-68.5,living_area_A
2017-04-13 14:28:27+00:00,-87.0,-65.0,-72.25,-77.75,-74.25,-69.2,-61.8,-86.5,-65.2,-84.5,-58.75,living_area_A
2017-04-13 14:28:28+00:00,-80.0,-68.66666666666667,-73.0,-77.66666666666667,-74.4,-75.25,-67.25,-82.0,-74.5,-80.25,-59.75,living_area_A
2017-04-13 14:28:29+00:00,-85.0,-60.0,-71.25,-85.33333333333333,-80.0,-71.5,-66.4,-84.6,-69.75,-81.0,-60.6,living_area_A
2017-04-13 14:28:30+00:00,-83.5,-64.0,-73.75,-80.0,-74.5,-71.5,-72.0,-81.8,-67.33333333333333,-79.33333333333333,-63.0,living_area_A
2017-04-13 14:28:31+00:00,-86.75,-66.8,-71.6,-77.5,-76.0,-67.25,-72.75,-82.4,-66.6,-75.5,-59.5,living_area_A
2017-04-13 14:28:32+00:00,-89.5,-62.75,-72.5,-77.0,-76.2,-70.25,-70.0,-85.5,-76.66666666666667,-88.0,-61.5,living_area_A
2017-04-13 14:28:33+00:00,-87.5,-65.0,-77.33333333333333,-80.0,-78.33333333333333,-74.75,-72.2,-83.2,-58.25,-80.25,-55.0,living_area_A
2017-04-13 14:28:34+00:00,-86.0,-62.5,-72.75,-77.25,-71.75,-70.33333333333333,-65.33333333333333,-83.4,-60.333333333333336,-79.0,-63.5,living_area_A
2017-04-13 14:28:35+00:00,-85.33333333333333,-64.0,-66.0,-69.5,-76.0,-70.5,-66.0,-85.0,-72.0,-81.0,-62.2,living_area_A
2017-04-13 14:28:36+00:00,-86.33333333333333,-63.666666666666664,-73.0,-77.33333333333333,-75.6,-75.66666666666667,-64.0,-80.6,-60.0,-83.8,-63.5,living_area_A
2017-04-13 14:28:37+00:00,-80.0,-68.6,-75.6,-77.8,-74.25,-66.75,-61.2,-81.6,-62.75,-79.0,-67.75,living_area_A
2017-04-13 14:28:38+00:00,-88.0,-64.8,-69.25,-79.5,-74.4,-68.0,-68.0,-79.6,-58.2,-78.25,-56.333333333333336,living_area_A
2017-04-13 14:28:39+00:00,-83.66666666666667,-66.5,-68.5,-80.33333333333333,-79.5,-63.666666666666664,-64.6,-81.5,-65.5,-84.0,-61.75,living_area_A
2017-04-13 14:28:40+00:00,-86.25,-70.0,-71.0,-73.33333333333333,-68.66666666666667,-67.0,-66.75,-84.6,-54.5,-81.75,-63.333333333333336,living_area_A
2017-04-13 14:28:41+00:00,-92.75,-65.66666666666667,-72.66666666666667,-80.0,-75.66666666666667,-75.33333333333333,-68.75,-81.8,-74.2,-85.6,-62.75,living_area_A
2017-04-13 14:28:42+00:00,-81.5,-66.0,-74.6,-78.0,-72.6,-71.0,-63.25,-78.8,-62.2,-80.0,-58.333333333333336,living_area_A
2017-04-13 14:28:43+00:00,-120.0,-61.5,-75.0,-81.5,-76.75,-75.0,-67.25,-81.4,-53.0,-84.5,-64.0,living_area_A
2017-04-13 14:28:44+00:00,-86.0,-61.8,-71.0,-79.4,-75.25,-71.25,-60.0,-82.0,-64.0,-79.2,-57.75,living_area_A
2017-04-13 14:28:45+00:00,-87.25,-67.5,-72.0,-80.25,-74.66666666666667,-67.6,-70.0,-80.0,-68.75,-81.0,-62.2,living_area_A
2017-04-13 14:28:46+00:00,-86.66666666666667,-63.8,-71.2,-80.6,-71.0,-63.4,-63.333333333333336,-82.25,-63.666666666666664,-77.4,-58.75,living_area_A
2017-04-13 14:28:47+00:00,-89.66666666666667,-63.0,-77.6,-82.66666666666667,-77.5,-73.5,-62.5,-79.25,-63.5,-76.75,-61.5,living_area_A
2017-04-13 14:28:48+00:00,-93.0,-65.25,-70.66666666666667,-77.75,-73.5,-71.25,-67.0,-79.33333333333333,-65.8,-80.25,-64.5,living_area_A
2017-04-13 14:28:49+00:00,-93.33333333333333,-67.66666666666667,-70.25,-83.0,-76.33333333333333,-78.0,-65.5,-70.33333333333333,-66.5,-84.66666666666667,-51.0,living_area_A
2017-04-13 14:28:50+00:00,-85.75,-66.6,-70.25,-79.75,-75.8,-69.5,-68.75,-76.25,-74.25,-85.25,-60.8,living_area_A
2017-04-13 14:28:51+00:00,-91.0,-65.2,-68.33333333333333,-79.6,-73.75,-71.25,-69.33333333333333,-80.8,-77.75,-79.25,-68.66666666666667,living_area_A
2017-04-13 14:28:52+00:00,-85.5,-65.6,-74.33333333333333,-75.8,-73.0,-70.5,-70.0,-84.0,-64.25,-80.5,-59.0,living_area_A
2017-04-13 14:28:53+00:00,-79.0,-63.4,-72.0,-79.2,-80.8,-73.66666666666667,-66.75,-75.0,-71.66666666666667,-82.2,-74.0,living_area_A
2017-04-13 14:28:54+00:00,-86.66666666666667,-62.666666666666664,-70.25,-77.25,-72.4,-70.0,-68.0,-80.25,-69.4,-80.5,-66.6,living_area_A
2017-04-13 14:28:55+00:00,-86.5,-61.5,-82.33333333333333,-79.0,-74.8,-76.6,-65.6,-77.2,-66.33333333333333,-83.75,-57.333333333333336,living_area_A
2017-04-13 14:28:56+00:00,-87.33333333333333,-62.8,-70.4,-76.5,-80.75,-68.0,-69.6,-84.5,-62.333333333333336,-79.75,-58.4,living_area_A
2017-04-13 14:28:57+00:00,-85.0,-65.0,-76.0,-77.66666666666667,-79.5,-68.33333333333333,-63.8,-80.0,-62.4,-89.0,-56.75,living_area_A
2017-04-13 14:28:58+00:00,-89.0,-64.0,-69.0,-82.5,-75.0,-69.0,-65.0,-88.0,-65.25,-82.0,-61.0,living_area_A
2017-04-13 14:28:59+00:00,-91.5,-64.0,-78.5,-83.25,-79.66666666666667,-66.0,-66.25,-78.75,-66.75,-84.2,-59.2,living_area_A
2017-04-13 14:29:00+00:00,-87.33333333333333,-62.75,-72.0,-79.2,-78.5,-66.0,-63.0,-79.8,-73.33333333333333,-80.25,-61.25,living_area_A
2017-04-13 14:29:01+00:00,-80.0,-64.0,-74.0,-79.0,-78.4,-72.66666666666667,-69.5,-81.0,-67.4,-78.25,-66.5,living_area_A
2017-04-13 14:29:02+00:00,-84.0,-61.2,-66.0,-78.0,-75.0,-73.0,-64.33333333333333,-79.4,-69.0,-78.6,-57.25,living_area_A
2017-04-13 14:29:03+00:00,-89.0,-65.0,-74.0,-78.75,-76.66666666666667,-69.4,-70.75,-73.33333333333333,-67.0,-80.33333333333333,-56.25,living_area_A
2017-04-13 14:29:04+00:00,-92.33333333333333,-65.5,-71.5,-83.25,-78.66666666666667,-69.5,-66.0,-78.25,-55.5,-77.75,-63.5,living_area_A
2017-04-13 14:29:05+00:00,-90.0,-61.4,-68.25,-82.0,-74.0,-72.0,-60.5,-82.75,-66.25,-77.25,-60.2,living_area_A
2017-04-13 14:29:06+00:00,-82.66666666666667,-69.0,-76.0,-79.5,-73.66666666666667,-70.5,-65.8,-83.66666666666667,-67.0,-78.4,-61.5,living_area_A
2017-04-13 14:29:07+00:00,-88.66666666666667,-65.0,-69.66666666666667,-83.75,-76.2,-71.75,-64.75,-78.5,-60.5,-80.5,-62.5,living_area_A
2017-04-13 14:29:08+00:00,-84.5,-68.0,-71.33333333333333,-82.0,-82.33333333333333,-73.5,-72.75,-80.2,-69.0,-78.0,-56.333333333333336,living_area_A
2017-04-13 14:29:09+00:00,-88.66666666666667,-63.0,-71.6,-74.66666666666667,-78.6,-74.2,-66.0,-82.75,-59.333333333333336,-79.25,-62.666666666666664,living_area_A
2017-04-13 14:29:10+00:00,-88.5,-58.0,-71.33333333333333,-81.0,-79.2,-67.5,-70.8,-76.2,-62.666666666666664,-80.25,-61.5,living_area_A
2017-04-13 14:29:11+00:00,-88.33333333333333,-67.0,-71.75,-77.6,-79.6,-68.5,-73.66666666666667,-79.0,-62.0,-80.0,-59.8,living_area_A
2017-04-13 14:29:12+00:00,-90.0,-67.0,-74.0,-87.66666666666667,-77.75,-72.5,-62.75,-82.0,-58.0,-81.5,-59.666666666666664,living_area_A
2017-04-13 14:29:13+00:00,-78.0,-65.5,-77.25,-77.66666666666667,-86.0,-71.0,-66.0,-79.6,-68.25,-80.75,-58.5,living_area_A
2017-04-13 14:29:14+00:00,-88.0,-65.33333333333333,-71.0,-83.0,-77.75,-66.0,-67.0,-79.4,-55.0,-75.33333333333333,-61.75,living_area_A
2017-04-13 14:29:15+00:00,-89.0,-62.25,-69.0,-76.2,-69.5,-70.4,-68.5,-80.75,-65.0,-83.5,-63.0,living_area_A
2017-04-13 14:29:16+00:00,-93.0,-60.75,-74.75,-79.6,-76.33333333333333,-64.25,-71.75,-82.0,-72.0,-81.66666666666667,-61.75,living_area_A
2017-04-13 14:29:17+00:00,-92.25,-65.75,-68.5,-76.25,-73.6,-69.6,-70.0,-83.0,-71.5,-83.75,-59.0,living_area_A
2017-04-13 14:29:18+00:00,-87.5,-61.0,-73.6,-79.8,-76.2,-68.6,-62.5,-78.8,-61.8,-73.0,-67.6,living_area_A
2017-04-13 14:29:19+00:00,-81.66666666666667,-65.0,-73.4,-77.0,-71.66666666666667,-69.4,-69.25,-78.25,-61.0,-81.2,-61.333333333333336,living_area_A
2017-04-13 14:29:20+00:00,-81.0,-64.6,-73.0,-84.0,-75.0,-69.75,-63.0,-75.0,-72.5,-76.75,-61.5,living_area_A
2017-04-13 14:29:21+00:00,-89.5,-65.0,-70.0,-80.5,-74.75,-70.5,-65.5,-74.8,-65.0,-77.2,-59.5,living_area_A
2017-04-13 14:29:22+00:00,-87.0,-62.666666666666664,-68.0,-81.0,-74.8,-68.4,-66.6,-81.0,-64.0,-76.75,-62.25,living_area_A
2017-04-13 14:29:23+00:00,-95.5,-65.2,-79.25,-78.0,-77.66666666666667,-66.0,-68.0,-82.0,-69.0,-80.66666666666667,-65.25,living_area_A
2017-04-13 14:29:24+00:00,-82.75,-62.8,-71.75,-80.5,-71.25,-69.66666666666667,-65.5,-81.25,-60.5,-80.8,-59.75,living_area_A
2017-04-13 14:29:25+00:00,-89.0,-69.0,-72.0,-79.5,-78.75,-70.75,-64.8,-82.6,-57.666666666666664,-79.5,-58.8,living_area_A
2017-04-13 14:29:26+00:00,-95.5,-63.75,-74.33333333333333,-78.4,-77.0,-71.0,-71.5,-80.25,-62.333333333333336,-82.5,-60.8,living_area_A
2017-04-13 14:29:27+00:00,-88.5,-63.0,-72.4,-81.5,-76.5,-70.0,-67.2,-78.0,-67.6,-73.75,-64.8,living_area_A
2017-04-13 14:29:28+00:00,-86.0,-58.666666666666664,-63.0,-73.0,-74.25,-75.5,-64.4,-81.0,-68.0,-83.0,-66.66666666666667,living_area_A
2017-04-13 14:29:29+00:00,-89.75,-66.25,-73.0,-79.0,-73.0,-70.75,-67.6,-77.4,-56.0,-81.6,-61.25,living_area_A
2017-04-13 14:29:30+00:00,-91.4,-64.4,-71.8,-81.2,-76.75,-66.0,-64.33333333333333,-75.5,-64.5,-82.25,-56.25,living_area_A
2017-04-13 14:29:31+00:00,-92.5,-64.2,-72.33333333333333,-79.66666666666667,-79.8,-75.0,-68.66666666666667,-79.8,-79.0,-80.75,-62.75,living_area_A
2017-04-13 14:29:32+00:00,-87.25,-63.0,-67.75,-80.0,-73.0,-70.6,-67.2,-79.75,-82.0,-82.2,-58.2,living_area_A
2017-04-13 14:29:33+00:00,-89.75,-66.8,-70.0,-79.4,-74.5,-71.0,-66.25,-82.2,-68.75,-77.0,-60.25,living_area_A
2017-04-13 14:29:34+00:00,-92.0,-60.0,-73.2,-75.0,-80.66666666666667,-61.0,-70.33333333333333,-79.0,-56.75,-75.0,-56.5,living_area_A
2017-04-13 14:29:35+00:00,-87.0,-65.0,-72.0,-86.5,-75.0,-71.0,-66.25,-84.33333333333333,-62.4,-81.0,-64.0,living_area_A
2017-04-13 14:29:36+00:00,-88.0,-65.5,-62.5,-82.75,-77.0,-69.0,-69.66666666666667,-77.75,-71.0,-80.0,-61.25,living_area_A
2017-04-13 14:29:37+00:00,-90.0,-65.25,-64.5,-74.5,-72.25,-66.5,-62.0,-80.2,-62.4,-78.66666666666667,-59.75,living_area_A
2017-04-13 14:29:38+00:00,-85.25,-68.5,-74.75,-77.25,-75.75,-68.8,-67.66666666666667,-79.0,-63.0,-78.6,-54.25,living_area_A
2017-04-13 14:29:39+00:00,-78.0,-67.4,-72.0,-80.75,-73.4,-66.0,-70.6,-78.6,-71.8,-77.0,-64.75,living_area_A
2017-04-13 14:29:40+00:00,-85.66666666666667,-63.25,-71.33333333333333,-79.6,-80.0,-71.8,-66.8,-81.0,-60.25,-83.5,-59.75,living_area_A
2017-04-13 14:29:41+00:00,-84.0,-63.4,-72.6,-77.0,-73.0,-68.0,-66.75,-76.33333333333333,-59.0,-76.75,-62.5,living_area_A
2017-04-13 14:29:42+00:00,-93.66666666666667,-64.8,-70.6,-82.0,-79.66666666666667,-69.0,-69.0,-79.8,-52.666666666666664,-79.2,-60.333333333333336,living_area_A
2017-04-13 14:29:43+00:00,-91.0,-62.25,-74.0,-83.25,-78.33333333333333,-72.0,-64.0,-84.33333333333333,-68.33333333333333,-78.0,-60.0,living_area_A
2017-04-13 14:29:44+00:00,-89.0,-64.2,-73.5,-74.5,-66.0,-71.25,-69.0,-82.0,-59.0,-77.75,-66.33333333333333,living_area_A
2017-04-13 14:29:45+00:00,-86.0,-64.75,-74.66666666666667,-81.5,-74.0,-74.0,-68.0,-78.0,-75.4,-85.0,-54.666666666666664,living_area_A
2017-04-13 14:29:46+00:00,-95.0,-63.666666666666664,-67.0,-80.25,-77.2,-66.0,-66.0,-79.66666666666667,-63.0,-79.5,-57.5,living_area_A
2017-04-13 14:29:47+00:00,-93.0,-63.8,-75.75,-79.8,-77.8,-68.0,-63.0,-80.0,-62.8,-80.5,-65.0,living_area_A
2017-04-13 14:29:48+00:00,-86.0,-64.0,-71.25,-81.8,-75.8,-71.75,-64.4,-77.5,-68.8,-78.2,-56.8,living_area_A
2017-04-13 14:29:49+00:00,-87.66666666666667,-58.75,-68.0,-80.0,-81.75,-64.25,-73.75,-74.5,-67.0,-81.8,-66.25,living_area_A
2017-04-13 14:29:50+00:00,-86.0,-68.0,-70.0,-81.25,-75.2,-67.5,-59.0,-79.6,-70.5,-74.5,-64.8,living_area_A
2017-04-13 14:29:51+00:00,-86.75,-59.0,-71.66666666666667,-80.5,-90.0,-70.0,-70.2,-80.8,-59.75,-77.5,-54.75,living_area_A
2017-04-13 14:29:52+00:00,-93.0,-65.33333333333333,-71.33333333333333,-72.75,-74.0,-66.0,-65.8,-77.25,-69.75,-81.0,-64.75,living_area_A
2017-04-13 14:29:53+00:00,-83.33333333333333,-65.5,-71.25,-78.0,-79.0,-70.0,-73.0,-80.2,-63.5,-79.33333333333333,-61.25,living_area_A
2017-04-13 14:29:54+00:00,-87.0,-62.0,-69.8,-81.0,-77.25,-72.0,-63.666666666666664,-81.0,-76.25,-84.0,-59.8,living_area_A
2017-04-13 14:29:55+00:00,-88.66666666666667,-68.0,-71.0,-79.8,-72.25,-68.25,-71.4,-73.75,-65.33333333333333,-76.8,-63.75,living_area_A
2017-04-13 14:29:56+00:00,-89.5,-65.8,-80.0,-81.0,-75.0,-71.5,-71.75,-77.6,-73.25,-82.33333333333333,-63.25,living_area_A
2017-04-13 14:29:57+00:00,-90.33333333333333,-62.25,-68.33333333333333,-80.25,-76.6,-63.6,-64.0,-75.75,-73.0,-82.75,-57.4,living_area_A
2017-04-13 14:29:58+00:00,-91.5,-65.5,-68.0,-82.4,-81.33333333333333,-72.66666666666667,-64.0,-83.0,-73.0,-80.25,-60.0,living_area_A
2017-04-13 14:29:59+00:00,-88.33333333333333,-70.66666666666667,-72.33333333333333,-80.0,-78.25,-71.33333333333333,-69.66666666666667,-82.8,-67.0,-74.8,-58.25,living_area_A
2017-04-13 14:30:00+00:00,-88.5,-66.2,-71.25,-81.0,-72.4,-70.5,-68.4,-77.25,-67.4,-78.25,-65.0,living_area_A
2017-04-13 14:30:01+00:00,-89.0,-68.66666666666667,-66.25,-82.25,-78.0,-68.75,-66.5,-84.5,-71.33333333333333,-80.8,-66.0,living_area_A
2017-04-13 14:30:02+00:00,-79.5,-61.25,-72.66666666666667,-73.5,-73.0,-67.66666666666667,-67.2,-81.5,-59.5,-77.6,-61.0,living_area_A
2017-04-13 14:30:03+00:00,-89.33333333333333,-63.4,-69.66666666666667,-79.2,-77.8,-67.75,-73.0,-80.6,-70.0,-86.25,-61.0,living_area_A
2017-04-13 14:30:04+00:00,-120.0,-64.8,-72.33333333333333,-78.6,-77.0,-74.0,-68.8,-76.8,-66.5,-80.2,-63.0,living_area_A
2017-04-13 14:30:05+00:00,-85.8,-65.25,-73.75,-74.0,-68.33333333333333,-66.5,-65.2,-81.8,-62.333333333333336,-74.25,-68.0,living_area_A
2017-04-13 14:30:06+00:00,-92.5,-68.0,-70.33333333333333,-75.25,-77.8,-68.5,-62.5,-76.0,-66.0,-82.0,-64.75,living_area_A
2017-04-13 14:30:07+00:00,-83.0,-61.8,-68.0,-80.5,-71.2,-74.0,-67.75,-79.4,-58.8,-75.33333333333333,-68.25,living_area_A
2017-04-13 14:30:08+00:00,-85.5,-68.0,-70.0,-72.5,-79.66666666666667,-68.66666666666667,-70.6,-77.75,-82.25,-80.6,-67.75,living_area_A
2017-04-13 14:30:09+00:00,-87.0,-68.5,-71.66666666666667,-76.0,-78.5,-66.33333333333333,-69.25,-80.0,-67.5,-81.8,-60.25,living_area_A
2017-04-13 14:30:10+00:00,-88.2,-61.0,-73.0,-77.25,-71.33333333333333,-66.33333333333333,-69.33333333333333,-75.0,-57.5,-76.8,-59.4,living_area_A
2017-04-13 14:30:11+00:00,-89.0,-64.66666666666667,-75.33333333333333,-78.33333333333333,-82.5,-71.0,-70.0,-80.0,-56.666666666666664,-90.5,-63.25,living_area_A
2017-04-13 14:30:12+00:00,-89.0,-61.4,-68.33333333333333,-82.0,-73.66666666666667,-68.66666666666667,-68.33333333333333,-82.0,-73.33333333333333,-78.0,-66.66666666666667,living_area_A
2017-04-13 14:30:13+00:00,-87.0,-66.4,-73.4,-79.5,-80.25,-69.4,-67.5,-82.0,-53.5,-75.2,-62.2,living_area_A
2017-04-13 14:30:14+00:00,-87.0,-65.25,-70.5,-80.0,-74.6,-70.2,-66.0,-79.6,-61.5,-76.8,-64.75,living_area_A
2017-04-13 14:30:15+00:00,-87.33333333333333,-58.333333333333336,-76.0,-72.66666666666667,-79.4,-69.66666666666667,-68.0,-82.8,-62.333333333333336,-75.5,-66.0,living_area_A
2017-04-13 14:30:16+00:00,-87.0,-65.8,-73.5,-78.8,-72.4,-77.25,-66.0,-79.66666666666667,-74.0,-81.33333333333333,-59.0,living_area_A
2017-04-13 14:30:17+00:00,-93.0,-58.0,-69.0,-87.0,-79.2,-67.66666666666667,-64.2,-83.25,-66.0,-78.5,-61.75,living_area_A
2017-04-13 14:30:18+00:00,-88.5,-65.5,-65.0,-80.25,-70.75,-66.5,-74.5,-77.4,-71.0,-80.75,-62.5,living_area_A
2017-04-13 14:30:19+00:00,-86.5,-62.666666666666664,-71.8,-77.0,-76.4,-71.5,-63.2,-79.8,-66.0,-78.0,-64.25,living_area_A
2017-04-13 14:30:20+00:00,-90.0,-61.75,-77.5,-82.4,-69.8,-68.6,-62.75,-83.0,-66.33333333333333,-73.5,-58.2,living_area_A
2017-04-13 14:30:21+00:00,-90.5,-63.666666666666664,-69.25,-80.5,-76.66666666666667,-67.0,-64.0,-78.5,-75.25,-82.0,-61.75,living_area_A
2017-04-13 14:30:22+00:00,-87.5,-66.8,-74.2,-81.8,-75.0,-72.0,-65.4,-80.2,-65.0,-74.25,-62.4,living_area_A
2017-04-13 14:30:23+00:00,-81.0,-58.5,-70.6,-76.75,-77.6,-66.0,-67.0,-79.0,-62.0,-74.0,-64.0,living_area_A
2017-04-13 14:30:24+00:00,-89.0,-65.75,-73.0,-83.25,-76.0,-68.8,-70.25,-82.0,-64.33333333333333,-74.0,-60.0,living_area_A
2017-04-13 14:30:25+00:00,-85.5,-64.4,-75.2,-78.0,-76.0,-73.0,-63.5,-84.33333333333333,-69.0,-78.33333333333333,-54.75,living_area_A
2017-04-13 14:30:26+00:00,-88.0,-64.4,-66.5,-84.25,-73.0,-68.6,-68.5,-79.0,-64.4,-79.25,-63.25,living_area_A
2017-04-13 14:30:27+00:00,-90.66666666666667,-69.0,-69.25,-77.5,-83.0,-66.33333333333333,-62.25,-80.8,-60.0,-79.5,-57.5,living_area_A
2017-04-13 14:30:28+00:00,-87.2,-61.75,-80.5,-77.5,-73.33333333333333,-73.6,-67.0,-84.75,-69.0,-79.0,-53.5,living_area_A
2017-04-13 14:30:29+00:00,-86.5,-62.75,-73.0,-77.25,-80.5,-67.0,-63.6,-78.5,-70.0,-76.75,-62.8,living_area_A
2017-04-13 14:30:30+00:00,-85.75,-60.0,-76.0,-78.66666666666667,-75.75,-72.75,-68.6,-76.6,-76.5,-81.8,-67.0,living_area_A
2017-04-13 14:30:31+00:00,-85.0,-63.8,-78.33333333333333,-78.66666666666667,-84.0,-66.25,-64.8,-75.8,-68.0,-75.75,-63.0,living_area_A
2017-04-13 14:30:32+00:00,-84.66666666666667,-66.0,-71.75,-81.75,-75.0,-71.25,-69.33333333333333,-80.75,-69.6,-81.2,-65.8,living_area_A
2017-04-13 14:30:33+00:00,-87.0,-66.33333333333333,-73.66666666666667,-79.25,-76.0,-72.0,-70.5,-75.5,-61.5,-82.33333333333333,-62.5,living_area_A
2017-04-13 14:30:34+00:00,-85.66666666666667,-65.75,-66.5,-80.0,-76.33333333333333,-72.0,-64.6,-79.0,-67.0,-77.0,-61.0,living_area_A
2017-04-13 14:30:35+00:00,-77.0,-62.75,-75.2,-73.33333333333333,-78.4,-62.75,-69.6,-80.2,-61.0,-80.0,-59.5,living_area_A
2017-04-13 14:30:36+00:00,-86.25,-63.5,-74.8,-81.25,-75.33333333333333,-69.25,-66.8,-83.2,-62.666666666666664,-82.66666666666667,-62.2,living_area_A
2017-04-13 14:30:37+00:00,-89.5,-65.4,-71.25,-82.0,-79.5,-65.4,-66.0,-83.2,-65.75,-78.25,-63.5,living_area_A
2017-04-13 14:30:38+00:00,-86.33333333333333,-62.5,-74.33333333333333,-80.5,-76.4,-71.0,-63.75,-81.66666666666667,-66.5,-80.0,-62.5,living_area_A
2017-04-13 14:30:39+00:00,-86.2,-63.666666666666664,-71.66666666666667,-78.0,-82.66666666666667,-65.5,-66.0,-79.2,-64.0,-80.2,-60.8,living_area_A
2017-04-13 14:30:40+00:00,-90.5,-67.0,-72.8,-85.4,-69.75,-72.6,-71.66666666666667,-78.2,-60.0,-76.4,-64.75,living_area_A
2017-04-13 14:30:41+00:00,-90.0,-58.5,-71.25,-79.25,-73.8,-71.0,-65.0,-79.75,-71.25,-79.66666666666667,-60.8,living_area_A
2017-04-13 14:30:42+00:00,-86.75,-64.6,-71.75,-78.0,-72.2,-67.0,-67.0,-78.75,-60.5,-79.0,-57.333333333333336,living_area_A
2017-04-13 14:30:43+00:00,-85.0,-66.25,-75.33333333333333,-76.4,-68.0,-70.0,-68.25,-77.0,-65.66666666666667,-73.25,-63.5,living_area_A
2017-04-13 14:30:44+00:00,-88.0,-68.25,-74.0,-77.0,-74.0,-67.8,-62.8,-82.0,-68.75,-75.6,-63.8,living_area_A
2017-04-13 14:30:45+00:00,-86.66666666666667,-64.66666666666667,-69.66666666666667,-79.0,-77.25,-69.0,-70.2,-81.5,-79.66666666666667,-79.25,-62.2,living_area_A
2017-04-13 14:30:46+00:00,-89.33333333333333,-66.33333333333333,-73.33333333333333,-82.0,-72.2,-76.33333333333333,-68.0,-80.75,-71.5,-79.5,-66.66666666666667,living_area_A
2017-04-13 14:30:47+00:00,-88.66666666666667,-65.66666666666667,-66.0,-77.66666666666667,-82.4,-68.5,-68.6,-77.5,-66.66666666666667,-80.8,-62.8,living_area_A
2017-04-13 14:30:48+00:00,-86.5,-64.75,-70.25,-78.33333333333333,-78.75,-65.75,-68.25,-77.8,-66.4,-80.0,-55.75,living_area_A
2017-04-13 14:30:49+00:00,-87.33333333333333,-64.0,-72.33333333333333,-82.0,-69.5,-72.25,-67.8,-76.75,-71.0,-76.0,-62.75,living_area_A
2017-04-13 14:30:50+00:00,-91.0,-62.0,-68.66666666666667,-86.0,-85.2,-70.2,-63.2,-85.5,-63.0,-80.4,-61.25,living_area_A
2017-04-13 14:30:51+00:00,-88.0,-64.0,-77.33333333333333,-78.0,-76.25,-75.0,-72.0,-84.2,-69.75,-76.0,-63.333333333333336,living_area_A
2017-04-13 14:30:52+00:00,-88.66666666666667,-61.75,-77.0,-82.66666666666667,-79.2,-69.5,-70.0,-80.5,-71.25,-80.25,-64.6,living_area_A
2017-04-13 14:30:53+00:00,-87.6,-64.75,-72.4,-79.0,-78.75,-65.0,-67.6,-84.33333333333333,-64.75,-82.25,-61.4,living_area_A
2017-04-13 14:30:54+00:00,-92.0,-61.75,-67.5,-87.25,-75.0,-73.25,-69.6,-76.6,-67.0,-79.2,-62.2,living_area_A
2017-04-13 14:30:55+00:00,-89.0,-60.0,-76.0,-78.4,-75.25,-72.6,-63.0,-78.25,-56.666666666666664,-77.75,-62.2,living_area_A
2017-04-13 14:30:56+00:00,-87.66666666666667,-66.6,-74.75,-74.4,-77.75,-69.8,-68.66666666666667,-79.2,-62.2,-77.4,-63.6,living_area_A
2017-04-13 14:30:57+00:00,-81.33333333333333,-66.4,-78.0,-81.5,-68.75,-71.6,-67.0,-81.25,-64.75,-74.75,-70.5,living_area_A
2017-04-13 14:30:58+00:00,-120.0,-61.75,-82.0,-82.25,-81.75,-64.5,-62.0,-78.6,-59.5,-78.0,-61.5,living_area_A
2017-04-13 14:30:59+00:00,-90.33333333333333,-63.0,-71.5,-83.0,-73.4,-65.5,-61.6,-79.0,-64.25,-78.0,-60.75,living_area_A
2017-04-13 14:31:00+00:00,-92.8,-68.66666666666667,-74.2,-82.0,-73.33333333333333,-68.0,-68.66666666666667,-81.0,-63.5,-81.2,-61.8,living_area_A
2017-04-13 14:31:01+00:00,-91.75,-58.25,-70.0,-77.25,-75.0,-71.4,-63.25,-77.25,-61.25,-78.2,-61.6,living_area_A
2017-04-13 14:31:02+00:00,-89.0,-67.4,-65.5,-77.5,-74.33333333333333,-64.5,-61.6,-81.0,-67.0,-75.4,-63.4,living_area_A
2017-04-13 14:31:03+00:00,-91.75,-65.5,-74.66666666666667,-83.33333333333333,-81.25,-73.66666666666667,-64.75,-78.25,-68.0,-78.25,-64.33333333333333,living_area_A
2017-04-13 14:31:04+00:00,-87.0,-67.4,-72.5,-73.0,-68.75,-79.5,-68.0,-80.5,-53.5,-76.0,-62.0,living_area_A
2017-04-13 14:31:05+00:00,-81.0,-63.8,-75.0,-78.25,-71.66666666666667,-71.66666666666667,-66.0,-78.2,-60.0,-74.0,-57.0,living_area_A
2017-04-13 14:31:06+00:00,-88.66666666666667,-68.75,-81.75,-82.75,-80.0,-75.25,-66.2,-80.5,-75.5,-75.0,-65.0,living_area_A
2017-04-13 14:31:07+00:00,-91.66666666666667,-67.0,-70.25,-76.75,-74.0,-66.66666666666667,-68.5,-77.0,-63.8,-82.33333333333333,-64.25,living_area_A
2017-04-13 14:31:08+00:00,-85.75,-58.333333333333336,-75.2,-80.2,-75.25,-64.75,-65.4,-81.8,-59.0,-72.25,-65.25,living_area_A
2017-04-13 14:31:09+00:00,-78.0,-63.8,-74.75,-81.2,-75.8,-69.2,-64.66666666666667,-77.75,-66.4,-78.5,-56.333333333333336,living_area_A
2017-04-13 14:31:10+00:00,-92.0,-65.75,-73.75,-81.5,-80.66666666666667,-68.0,-64.5,-78.0,-67.33333333333333,-80.4,-60.666666666666664,living_area_A
2017-04-13 14:31:11+00:00,-90.0,-67.0,-72.5,-80.2,-76.0,-69.5,-66.0,-81.25,-69.0,-75.2,-59.75,living_area_A
2017-04-13 14:31:12+00:00,-90.5,-67.0,-76.0,-79.8,-78.25,-71.5,-65.2,-79.4,-71.6,-77.6,-69.0,living_area_A
2017-04-13 14:31:13+00:00,-90.5,-63.333333333333336,-70.0,-82.0,-81.5,-73.25,-66.0,-82.8,-73.0,-84.0,-62.6,living_area_A
2017-04-13 14:31:14+00:00,-92.0,-69.75,-73.0,-83.0,-79.25,-73.0,-69.2,-77.4,-69.66666666666667,-73.0,-65.4,living_area_A
2017-04-13 14:31:15+00:00,-92.0,-64.0,-70.75,-81.75,-79.8,-75.2,-65.4,-82.0,-71.33333333333333,-79.6,-68.0,living_area_A
2017-04-13 14:31:16+00:00,-87.25,-73.0,-67.25,-82.0,-87.0,-63.666666666666664,-63.0,-80.4,-74.5,-81.8,-57.5,living_area_A
2017-04-13 14:31:17+00:00,-86.33333333333333,-69.25,-81.0,-85.0,-82.8,-80.0,-73.0,-74.33333333333333,-67.5,-75.75,-62.4,living_area_A
2017-04-13 14:31:18+00:00,-84.66666666666667,-61.2,-68.4,-79.8,-77.5,-68.0,-66.25,-83.33333333333333,-70.5,-84.6,-58.666666666666664,living_area_A
2017-04-13 14:31:19+00:00,-86.0,-64.2,-73.25,-77.5,-77.4,-65.0,-67.6,-84.5,-66.0,-87.0,-64.33333333333333,living_area_A
2017-04-13 14:31:20+00:00,-89.8,-64.4,-79.8,-78.75,-77.33333333333333,-73.8,-68.75,-82.75,-65.75,-83.8,-68.6,living_area_A
2017-04-13 14:31:21+00:00,-84.5,-64.0,-72.5,-83.66666666666667,-78.2,-66.8,-65.0,-77.0,-65.8,-83.33333333333333,-68.0,living_area_A
2017-04-13 14:31:22+00:00,-81.0,-62.4,-72.2,-81.2,-74.6,-65.75,-66.5,-86.33333333333333,-59.0,-81.5,-64.75,living_area_A
2017-04-13 14:31:23+00:00,-120.0,-64.8,-74.5,-81.6,-72.6,-75.5,-66.25,-86.0,-67.4,-86.66666666666667,-65.25,living_area_A
2017-04-13 14:31:24+00:00,-81.0,-62.75,-78.0,-82.25,-77.0,-72.33333333333333,-66.5,-84.5,-69.2,-76.0,-63.25,living_area_A
2017-04-13 14:31:25+00:00,-90.0,-63.333333333333336,-70.66666666666667,-77.5,-70.0,-73.75,-66.0,-85.25,-68.33333333333333,-80.2,-62.333333333333336,living_area_A
2017-04-13 14:31:26+00:00,-86.8,-63.0,-76.0,-76.5,-68.0,-66.5,-69.0,-83.75,-61.5,-76.8,-63.666666666666664,living_area_A
2017-04-13 14:31:27+00:00,-88.33333333333333,-65.75,-70.0,-78.75,-78.4,-63.333333333333336,-70.0,-80.8,-70.4,-77.6,-67.5,living_area_A
2017-04-13 14:31:28+00:00,-92.5,-68.25,-71.33333333333333,-82.5,-81.5,-69.25,-68.5,-83.75,-79.0,-84.5,-59.333333333333336,living_area_A
2017-04-13 14:31:29+00:00,-88.0,-63.8,-70.0,-81.0,-78.0,-76.66666666666667,-72.6,-81.8,-64.75,-75.75,-69.5,living_area_A
2017-04-13 14:31:30+00:00,-92.0,-64.0,-66.0,-76.25,-74.75,-64.5,-67.0,-83.5,-68.25,-77.4,-65.0,living_area_A
2017-04-13 14:31:31+00:00,-88.0,-68.75,-77.25,-82.5,-76.33333333333333,-66.8,-65.0,-84.6,-63.666666666666664,-77.75,-62.2,living_area_A
2017-04-13 14:31:32+00:00,-84.33333333333333,-65.75,-75.5,-83.33333333333333,-76.66666666666667,-72.5,-67.6,-80.5,-69.5,-77.8,-63.6,living_area_A
2017-04-13 14:31:33+00:00,-83.0,-61.25,-72.0,-85.0,-82.33333333333333,-65.0,-68.0,-81.2,-77.25,-80.66666666666667,-66.5,living_area_A
2017-04-13 14:31:34+00:00,-87.75,-63.666666666666664,-70.75,-79.75,-79.25,-66.0,-69.6,-80.2,-66.5,-76.0,-66.5,living_area_A
2017-04-13 14:31:35+00:00,-85.25,-64.0,-70.33333333333333,-83.4,-80.75,-76.75,-67.75,-76.75,-68.33333333333333,-78.0,-68.5,living_area_A
2017-04-13 14:31:36+00:00,-88.33333333333333,-65.6,-77.4,-81.0,-73.75,-75.25,-68.8,-82.6,-67.75,-73.0,-63.25,living_area_A
2017-04-13 14:31:37+00:00,-91.0,-64.4,-74.25,-84.33333333333333,-78.25,-65.66666666666667,-64.25,-81.5,-70.0,-79.25,-62.0,living_area_A
2017-04-13 14:31:38+00:00,-93.66666666666667,-60.0,-70.0,-77.0,-80.33333333333333,-67.25,-64.75,-77.4,-72.0,-85.0,-58.8,living_area_A
2017-04-13 14:31:39+00:00,-88.5,-61.5,-78.33333333333333,-75.0,-79.0,-69.33333333333333,-64.8,-79.0,-64.5,-71.5,-59.25,living_area_A
2017-04-13 14:31:40+00:00,-93.0,-66.8,-73.33333333333333,-78.0,-75.6,-77.33333333333333,-65.2,-78.0,-65.33333333333333,-76.6,-61.0,living_area_A
2017-04-13 14:31:41+00:00,-90.33333333333333,-63.333333333333336,-73.5,-77.25,-82.33333333333333,-64.66666666666667,-58.5,-85.0,-64.0,-74.8,-53.5,living_area_A
2017-04-13 14:31:42+00:00,-84.33333333333333,-67.0,-82.0,-82.25,-83.66666666666667,-79.66666666666667,-65.0,-79.8,-65.0,-74.4,-64.8,living_area_A
2017-04-13 14:31:43+00:00,-88.4,-64.75,-79.5,-83.5,-80.33333333333333,-66.0,-69.0,-80.8,-65.0,-78.2,-62.0,living_area_A
2017-04-13 14:31:44+00:00,-79.0,-66.5,-68.0,-75.0,-73.0,-73.0,-69.6,-83.0,-73.33333333333333,-77.25,-66.66666666666667,living_area_A
2017-04-13 14:31:45+00:00,-93.0,-64.0,-73.0,-87.75,-78.6,-66.4,-63.333333333333336,-80.66666666666667,-79.0,-81.75,-60.75,living_area_A
2017-04-13 14:31:46+00:00,-85.25,-60.4,-70.8,-81.8,-65.0,-68.0,-68.0,-81.2,-64.6,-70.5,-56.75,living_area_A
2017-04-13 14:31:47+00:00,-87.5,-68.0,-69.0,-76.0,-78.33333333333333,-69.66666666666667,-65.0,-74.0,-84.66666666666667,-81.2,-66.0,living_area_A
2017-04-13 14:31:48+00:00,-87.0,-61.0,-70.6,-81.6,-69.5,-60.5,-63.8,-76.75,-58.75,-75.5,-63.6,living_area_A
2017-04-13 14:31:49+00:00,-95.66666666666667,-66.0,-64.0,-77.33333333333333,-79.2,-67.75,-65.75,-78.0,-78.0,-82.0,-57.0,living_area_A
2017-04-13 14:31:50+00:00,-89.5,-58.5,-69.25,-77.25,-75.75,-68.0,-64.4,-80.2,-74.25,-79.4,-64.4,living_area_A
2017-04-13 14:31:51+00:00,-82.5,-63.4,-73.0,-80.0,-81.66666666666667,-67.8,-63.8,-79.8,-57.0,-73.0,-66.0,living_area_A
2017-04-13 14:31:52+00:00,-90.33333333333333,-69.4,-72.5,-82.8,-71.2,-70.0,-69.66666666666667,-79.0,-71.6,-79.0,-68.8,living_area_A
2017-04-13 14:31:53+00:00,-89.75,-67.0,-69.25,-82.0,-73.5,-67.75,-63.666666666666664,-81.0,-70.75,-77.0,-60.6,living_area_A
2017-04-13 14:31:54+00:00,-86.0,-65.4,-79.0,-85.25,-75.33333333333333,-68.0,-74.66666666666667,-78.25,-83.0,-79.4,-69.75,living_area_A
2017-04-13 14:31:55+00:00,-81.0,-64.5,-75.0,-78.5,-78.0,-69.2,-63.6,-80.0,-61.75,-71.66666666666667,-62.75,living_area_A
2017-04-13 14:31:56+00:00,-86.0,-59.0,-66.75,-80.2,-70.5,-68.25,-65.75,-82.75,-71.75,-76.8,-64.0,living_area_A
2017-04-13 14:31:57+00:00,-82.5,-62.8,-73.0,-76.5,-73.6,-72.6,-66.75,-77.5,-72.8,-80.75,-63.75,living_area_A
2017-04-13 14:31:58+00:00,-88.0,-66.8,-69.5,-77.75,-72.4,-67.33333333333333,-70.66666666666667,-81.33333333333333,-78.66666666666667,-80.25,-62.8,living_area_A
2017-04-13 14:31:59+00:00,-90.0,-59.666666666666664,-69.6,-87.0,-79.75,-69.75,-68.25,-74.25,-74.0,-79.5,-58.6,living_area_A
2017-04-13 14:32:00+00:00,-93.25,-68.5,-69.0,-79.33333333333333,-80.33333333333333,-65.0,-64.0,-73.0,-82.0,-80.66666666666667,-67.75,living_area_A
2017-04-13 14:32:01+00:00,-83.0,-68.33333333333333,-73.5,-74.33333333333333,-71.0,-69.75,-63.75,-77.0,-54.0,-78.2,-62.0,living_area_A
2017-04-13 14:32:02+00:00,-90.0,-66.5,-76.33333333333333,-77.6,-77.0,-65.5,-62.75,-81.2,-73.0,-75.0,-66.2,living_area_A
2017-04-13 14:32:03+00:00,-88.5,-64.5,-67.5,-85.0,-73.33333333333333,-72.33333333333333,-67.0,-82.25,-68.0,-78.25,-63.6,living_area_A
2017-04-13 14:32:04+00:00,-89.66666666666667,-63.5,-72.75,-80.6,-74.0,-70.75,-62.25,-80.25,-73.5,-75.0,-62.333333333333336,living_area_A
2017-04-13 14:32:05+00:00,-92.0,-67.0,-77.0,-82.0,-78.5,-65.8,-66.4,-82.0,-62.666666666666664,-77.8,-64.4,living_area_A
2017-04-13 14:32:06+00:00,-87.5,-62.5,-73.75,-78.2,-69.5,-68.6,-66.0,-81.4,-65.25,-75.6,-67.0,living_area_A
2017-04-13 14:32:07+00:00,-86.75,-62.4,-70.0,-88.33333333333333,-75.5,-69.6,-65.5,-75.66666666666667,-71.0,-76.0,-62.4,living_area_A
2017-04-13 14:32:08+00:00,-95.5,-64.4,-76.0,-80.33333333333333,-74.0,-67.4,-68.5,-76.33333333333333,-72.5,-80.75,-59.0,living_area_A
2017-04-13 14:32:09+00:00,-87.75,-65.0,-71.2,-80.33333333333333,-84.25,-64.66666666666667,-66.6,-83.4,-80.5,-79.75,-64.25,living_area_A
2017-04-13 14:32:10+00:00,-94.0,-62.666666666666664,-76.8,-82.25,-89.0,-69.5,-64.0,-81.6,-65.33333333333333,-78.0,-63.25,living_area_A
2017-04-13 14:32:11+00:00,-87.6,-65.75,-75.75,-86.0,-79.25,-69.75,-63.333333333333336,-80.33333333333333,-81.5,-82.2,-66.6,living_area_A
2017-04-13 14:32:12+00:00,-87.0,-62.0,-73.25,-81.33333333333333,-79.0,-69.0,-66.33333333333333,-80.6,-82.66666666666667,-78.2,-59.25,living_area_A
2017-04-13 14:32:13+00:00,-87.0,-64.6,-74.0,-82.6,-78.0,-67.75,-69.25,-83.5,-64.25,-79.0,-56.5,living_area_A
2017-04-13 14:32:14+00:00,-87.33333333333333,-61.2,-78.2,-80.33333333333333,-79.5,-67.4,-65.0,-79.8,-62.0,-73.25,-60.6,living_area_A
2017-04-13 14:32:15+00:00,-90.33333333333333,-65.5,-67.75,-82.33333333333333,-81.4,-68.25,-66.0,-76.25,-68.25,-83.25,-58.2,living_area_A
2017-04-13 14:32:16+00:00,-84.33333333333333,-69.0,-74.6,-81.5,-70.0,-68.4,-70.8,-79.5,-68.25,-74.5,-60.0,living_area_A
2017-04-13 14:32:17+00:00,-90.0,-61.75,-71.5,-80.0,-73.25,-71.4,-67.4,-75.4,-72.75,-79.6,-63.333333333333336,living_area_A
2017-04-13 14:32:18+00:00,-98.0,-66.5,-72.8,-84.33333333333333,-78.4,-71.0,-65.8,-78.2,-73.0,-75.2,-62.0,living_area_A
2017-04-13 14:32:19+00:00,-85.5,-68.0,-71.75,-81.0,-81.33333333333333,-69.0,-71.25,-81.0,-73.25,-82.0,-65.75,living_area_A
2017-04-13 14:32:20+00:00,-89.5,-61.6,-76.0,-87.0,-78.2,-76.0,-67.25,-79.6,-65.0,-75.0,-64.5,living_area_A
2017-04-13 14:32:21+00:00,-85.0,-66.6,-74.0,-78.25,-83.6,-69.4,-61.75,-76.8,-62.0,-78.5,-61.5,living_area_A
2017-04-13 14:32:22+00:00,-85.66666666666667,-65.75,-76.0,-82.25,-76.4,-71.4,-63.5,-78.0,-65.0,-77.6,-58.75,living_area_A
2017-04-13 14:32:23+00:00,-85.0,-66.6,-83.0,-83.25,-76.75,-75.75,-62.333333333333336,-77.25,-62.8,-77.25,-61.75,living_area_A
2017-04-13 14:32:24+00:00,-84.0,-64.25,-67.0,-82.0,-75.0,-69.2,-64.75,-82.8,-74.2,-81.0,-64.5,living_area_A
2017-04-13 14:32:25+00:00,-84.0,-64.0,-83.4,-77.25,-81.33333333333333,-71.0,-68.75,-83.0,-71.0,-74.0,-60.5,living_area_A
2017-04-13 14:32:26+00:00,-83.5,-62.5,-75.75,-83.0,-79.2,-73.5,-67.25,-79.6,-68.0,-77.0,-63.5,living_area_A
2017-04-13 14:32:27+00:00,-86.0,-65.0,-71.25,-80.66666666666667,-75.0,-75.25,-67.5,-81.4,-65.6,-77.75,-60.0,living_area_A
2017-04-13 14:32:28+00:00,-89.0,-63.4,-80.0,-79.2,-75.75,-73.6,-66.0,-80.25,-63.0,-74.66666666666667,-58.2,living_area_A
2017-04-13 14:32:29+00:00,-87.0,-66.0,-69.5,-82.5,-74.25,-60.5,-66.6,-82.4,-69.66666666666667,-73.4,-68.4,living_area_A
2017-04-13 14:32:30+00:00,-89.5,-66.5,-76.66666666666667,-84.66666666666667,-75.5,-70.25,-72.75,-81.0,-71.5,-81.66666666666667,-67.75,living_area_A
2017-04-13 14:32:31+00:00,-87.0,-68.5,-75.0,-86.0,-80.5,-65.5,-67.4,-85.0,-80.5,-86.33333333333333,-63.4,living_area_A
2017-04-13 14:32:32+00:00,-88.66666666666667,-62.25,-69.75,-81.33333333333333,-72.25,-73.33333333333333,-63.666666666666664,-74.75,-65.0,-76.33333333333333,-59.0,living_area_A
2017-04-13 14:32:33+00:00,-90.66666666666667,-64.2,-73.0,-82.25,-83.75,-64.0,-67.66666666666667,-85.25,-61.0,-76.0,-62.0,living_area_A
2017-04-13 14:32:34+00:00,-88.5,-65.75,-71.0,-79.5,-76.33333333333333,-71.75,-69.5,-78.0,-66.0,-80.0,-64.0,living_area_A
2017-04-13 14:32:35+00:00,-89.0,-64.5,-73.66666666666667,-84.5,-71.33333333333333,-67.4,-66.0,-78.33333333333333,-78.5,-81.8,-58.5,living_area_A
2017-04-13 14:32:36+00:00,-89.4,-62.4,-72.33333333333333,-80.0,-76.75,-68.25,-66.0,-78.4,-78.66666666666667,-77.0,-60.5,living_area_A
2017-04-13 14:32:37+00:00,-84.5,-63.0,-69.0,-84.0,-81.8,-69.25,-65.25,-81.2,-69.2,-78.0,-58.5,living_area_A
2017-04-13 14:32:38+00:00,-85.0,-60.4,-71.0,-79.66666666666667,-72.8,-73.5,-66.4,-80.8,-57.75,-72.75,-62.4,living_area_A
2017-04-13 14:32:39+00:00,-95.0,-63.0,-76.33333333333333,-82.0,-81.8,-72.5,-68.75,-77.4,-64.33333333333333,-82.5,-59.0,living_area_A
2017-04-13 14:32:40+00:00,-92.0,-66.5,-72.66666666666667,-80.0,-79.8,-65.2,-65.75,-81.5,-66.0,-81.0,-65.6,living_area_A
2017-04-13 14:32:41+00:00,-89.0,-67.75,-78.66666666666667,-87.33333333333333,-74.33333333333333,-67.0,-67.66666666666667,-81.2,-80.33333333333333,-79.0,-64.25,living_area_A
2017-04-13 14:32:42+00:00,-90.5,-65.4,-73.5,-88.33333333333333,-78.66666666666667,-72.75,-62.5,-81.5,-66.33333333333333,-81.8,-63.0,living_area_A
2017-04-13 14:32:43+00:00,-91.8,-62.666666666666664,-77.0,-78.25,-81.66666666666667,-67.8,-64.25,-83.6,-66.25,-73.5,-64.6,living_area_A
2017-04-13 14:32:44+00:00,-92.5,-62.75,-78.2,-89.0,-77.8,-73.0,-70.66666666666667,-84.33333333333333,-81.75,-79.4,-61.0,living_area_A
2017-04-13 14:32:45+00:00,-90.0,-63.8,-73.33333333333333,-75.33333333333333,-78.25,-69.8,-67.25,-75.75,-68.0,-80.33333333333333,-58.5,living_area_A
2017-04-13 14:32:46+00:00,-87.0,-65.0,-75.66666666666667,-80.0,-78.4,-67.5,-65.75,-80.8,-75.25,-80.25,-62.666666666666664,living_area_A
2017-04-13 14:32:47+00:00,-84.5,-66.6,-70.0,-83.0,-74.25,-72.4,-62.75,-78.25,-80.75,-77.66666666666667,-61.5,living_area_A
2017-04-13 14:32:48+00:00,-96.0,-62.0,-76.0,-78.0,-77.8,-67.66666666666667,-73.5,-77.75,-75.0,-77.75,-62.75,living_area_A
2017-04-13 14:32:49+00:00,-94.5,-68.0,-74.2,-79.75,-80.8,-70.0,-63.0,-82.0,-69.0,-83.0,-61.8,living_area_A
2017-04-13 14:32:50+00:00,-84.5,-64.0,-75.0,-83.66666666666667,-77.0,-63.5,-62.6,-82.0,-69.75,-72.6,-63.0,living_area_A
2017-04-13 14:32:51+00:00,-90.0,-61.5,-69.5,-75.66666666666667,-83.25,-67.25,-69.0,-78.25,-80.0,-82.8,-57.666666666666664,living_area_A
2017-04-13 14:32:52+00:00,-120.0,-69.0,-75.4,-79.75,-75.0,-74.4,-66.8,-79.0,-68.0,-75.33333333333333,-63.5,living_area_A
2017-04-13 14:32:53+00:00,-91.0,-64.2,-79.25,-82.0,-78.8,-73.2,-64.0,-78.33333333333333,-72.75,-80.5,-61.5,living_area_A
2017-04-13 14:32:54+00:00,-85.0,-62.666666666666664,-79.6,-78.75,-69.8,-74.2,-70.8,-81.8,-60.333333333333336,-76.8,-61.0,living_area_A
2017-04-13 14:32:55+00:00,-87.5,-65.5,-70.66666666666667,-84.0,-75.0,-67.2,-69.8,-79.0,-70.0,-71.0,-64.25,living_area_A
2017-04-13 14:32:56+00:00,-92.0,-66.0,-72.6,-81.33333333333333,-82.0,-71.0,-68.66666666666667,-80.25,-65.75,-74.4,-60.8,living_area_A
2017-04-13 14:32:57+00:00,-88.0,-62.666666666666664,-79.25,-78.75,-79.4,-69.66666666666667,-67.8,-85.25,-62.25,-75.75,-71.33333333333333,living_area_A
2017-04-13 14:32:58+00:00,-86.0,-62.2,-70.0,-78.75,-80.8,-72.5,-66.25,-76.2,-70.0,-78.0,-55.333333333333336,living_area_A
2017-04-13 14:32:59+00:00,-85.0,-65.75,-68.66666666666667,-82.8,-72.33333333333333,-71.5,-64.6,-76.5,-69.5,-75.75,-61.25,living_area_A
2017-04-13 14:33:00+00:00,-95.0,-65.0,-68.5,-81.66666666666667,-78.33333333333333,-61.0,-61.0,-80.0,-73.66666666666667,-83.0,-60.6,living_area_A
2017-04-13 14:33:01+00:00,-120.0,-67.0,-82.5,-81.5,-77.0,-65.33333333333333,-70.33333333333333,-79.4,-65.75,-70.0,-61.333333333333336,living_area_A
2017-04-13 14:33:02+00:00,-91.75,-64.2,-75.66666666666667,-78.8,-81.66666666666667,-66.8,-67.75,-80.0,-71.33333333333333,-74.0,-63.0,living_area_A
2017-04-13 14:33:03+00:00,-86.0,-63.8,-75.33333333333333,-79.0,-80.0,-70.25,-64.4,-83.2,-59.666666666666664,-76.0,-64.4,living_area_A
2017-04-13 14:33:04+00:00,-88.0,-64.8,-82.0,-84.33333333333333,-76.0,-65.0,-68.0,-81.75,-68.0,-77.2,-65.25,living_area_A
2017-04-13 14:33:05+00:00,-81.0,-61.25,-74.75,-87.0,-77.5,-73.0,-68.25,-76.0,-65.5,-80.25,-60.5,living_area_A
2017-04-13 14:33:06+00:00,-94.0,-63.8,-73.66666666666667,-80.66666666666667,-69.66666666666667,-69.5,-65.0,-80.75,-65.33333333333333,-71.75,-67.66666666666667,living_area_A
2017-04-13 14:33:07+00:00,-97.0,-69.0,-72.5,-79.5,-69.0,-71.0,-68.33333333333333,-79.0,-71.75,-85.0,-66.33333333333333,living_area_A
2017-04-13 14:33:08+00:00,-95.0,-62.0,-79.6,-81.25,-79.25,-70.75,-66.5,-78.5,-55.0,-76.5,-58.0,living_area_A
2017-04-13 14:33:09+00:00,-78.0,-68.6,-73.8,-83.0,-75.75,-68.0,-64.6,-83.2,-66.0,-75.5,-65.2,living_area_A
2017-04-13 14:33:10+00:00,-94.0,-66.0,-74.0,-80.75,-74.5,-67.66666666666667,-66.25,-77.6,-74.0,-77.75,-60.4,living_area_A
2017-04-13 14:33:11+00:00,-87.5,-62.75,-73.4,-82.75,-76.8,-70.75,-64.0,-80.2,-72.6,-75.6,-67.5,living_area_A
2017-04-13 14:33:12+00:00,-91.33333333333333,-67.0,-79.25,-81.2,-77.6,-70.75,-66.5,-78.0,-69.5,-80.5,-57.25,living_area_A
2017-04-13 14:33:13+00:00,-95.0,-69.5,-73.0,-87.0,-83.0,-68.0,-63.333333333333336,-73.75,-65.75,-81.0,-63.25,living_area_A
2017-04-13 14:33:14+00:00,-88.0,-61.75,-74.0,-80.66666666666667,-79.25,-66.0,-66.8,-80.6,-62.0,-78.0,-64.25,living_area_A
2017-04-13 14:33:15+00:00,-87.25,-66.2,-76.2,-84.2,-76.2,-67.0,-70.75,-85.33333333333333,-59.333333333333336,-76.75,-63.0,living_area_A
2017-04-13 14:33:16+00:00,-94.75,-65.33333333333333,-73.0,-79.0,-85.5,-69.0,-68.33333333333333,-81.5,-77.5,-84.6,-57.333333333333336,living_area_A
2017-04-13 14:33:17+00:00,-86.66666666666667,-63.0,-70.5,-90.0,-75.0,-67.25,-68.0,-81.0,-68.66666666666667,-79.0,-62.75,living_area_A
2017-04-13 14:33:18+00:00,-85.75,-65.0,-76.5,-77.6,-71.0,-72.0,-67.75,-84.6,-66.0,-71.75,-66.66666666666667,living_area_A
2017-04-13 14:33:19+00:00,-82.0,-66.0,-76.0,-77.66666666666667,-77.4,-69.25,-66.0,-75.5,-73.5,-79.25,-59.0,living_area_A
2017-04-13 14:33:20+00:00,-86.0,-62.5,-76.0,-77.5,-74.75,-69.4,-67.2,-80.2,-71.66666666666667,-77.0,-63.2,living_area_A
2017-04-13 14:33:21+00:00,-90.25,-67.4,-72.25,-80.8,-75.0,-66.25,-67.5,-82.75,-77.0,-78.4,-64.2,living_area_A
2017-04-13 14:33:22+00:00,-82.5,-61.25,-72.25,-78.5,-78.75,-67.5,-62.75,-78.75,-59.0,-72.0,-64.33333333333333,living_area_A
2017-04-13 14:33:23+00:00,-93.66666666666667,-64.8,-75.0,-81.4,-69.75,-65.8,-67.8,-79.25,-65.25,-80.66666666666667,-63.25,living_area_A
2017-04-13 14:33:24+00:00,-120.0,-64.8,-74.33333333333333,-79.25,-78.75,-73.0,-66.6,-83.33333333333333,-70.33333333333333,-72.8,-71.75,living_area_A
2017-04-13 14:33:25+00:00,-87.33333333333333,-64.25,-72.4,-79.0,-76.0,-71.8,-66.25,-78.25,-58.0,-77.4,-62.8,living_area_A
2017-04-13 14:33:26+00:00,-89.75,-63.333333333333336,-79.0,-83.33333333333333,-74.5,-68.8,-68.75,-80.6,-73.75,-77.8,-59.25,living_area_A
2017-04-13 14:33:27+00:00,-83.5,-62.75,-75.0,-84.6,-71.0,-63.0,-66.25,-82.0,-72.0,-76.8,-59.25,living_area_A
2017-04-13 14:33:28+00:00,-90.33333333333333,-66.5,-78.25,-81.75,-81.75,-70.6,-61.0,-82.0,-65.75,-76.25,-58.4,living_area_A
2017-04-13 14:33:29+00:00,-89.66666666666667,-63.2,-80.0,-87.0,-72.0,-73.0,-64.8,-74.5,-68.8,-76.4,-67.2,living_area_A
2017-04-13 14:33:30+00:00,-84.25,-69.0,-79.4,-85.0,-81.4,-74.6,-70.75,-79.25,-66.0,-77.0,-57.0,living_area_A
2017-04-13 14:33:31+00:00,-84.33333333333333,-62.5,-78.0,-78.0,-76.8,-68.8,-64.6,-80.8,-64.33333333333333,-73.66666666666667,-55.666666666666664,living_area_A
2017-04-13 14:33:32+00:00,-91.66666666666667,-61.8,-71.2,-80.5,-74.66666666666667,-69.2,-70.5,-82.75,-67.6,-78.25,-67.33333333333333,living_area_A
2017-04-13 14:33:33+00:00,-88.0,-68.8,-77.33333333333333,-79.8,-75.0,-69.0,-64.8,-80.5,-69.25,-77.0,-60.333333333333336,living_area_A
2017-04-13 14:33:34+00:00,-86.25,-58.5,-74.8,-80.0,-77.66666666666667,-77.2,-64.4,-80.2,-69.5,-74.5,-64.4,living_area_A
2017-04-13 14:33:35+00:00,-89.5,-65.0,-74.5,-84.8,-77.0,-67.25,-64.6,-74.0,-69.66666666666667,-75.0,-64.6,living_area_A
2017-04-13 14:33:36+00:00,-89.5,-63.333333333333336,-79.0,-84.33333333333333,-78.6,-70.75,-69.75,-83.0,-79.5,-78.5,-62.0,living_area_A
2017-04-13 14:33:37+00:00,-85.0,-67.0,-76.33333333333333,-82.75,-77.5,-76.66666666666667,-62.5,-80.0,-71.0,-78.0,-64.0,living_area_A
2017-04-13 14:33:38+00:00,-92.0,-68.33333333333333,-72.5,-87.5,-78.4,-70.0,-62.5,-81.75,-71.8,-86.33333333333333,-61.4,living_area_A
2017-04-13 14:33:39+00:00,-91.0,-67.25,-78.6,-80.33333333333333,-78.75,-73.2,-63.8,-78.4,-74.75,-74.66666666666667,-66.0,living_area_A
2017-04-13 14:33:40+00:00,-88.25,-67.6,-70.0,-80.25,-71.25,-70.0,-65.8,-84.66666666666667,-68.25,-76.0,-65.5,living_area_A
2017-04-13 14:33:41+00:00,-85.33333333333333,-66.0,-71.0,-82.75,-77.0,-70.75,-66.0,-81.75,-63.0,-79.5,-63.75,living_area_A
2017-04-13 14:33:42+00:00,-91.75,-68.66666666666667,-76.0,-80.33333333333333,-71.8,-67.0,-67.8,-77.4,-68.66666666666667,-81.0,-61.25,living_area_A
2017-04-13 14:33:43+00:00,-84.75,-67.0,-74.8,-79.25,-71.0,-67.4,-65.8,-80.6,-69.0,-77.4,-65.2,living_area_A
2017-04-13 14:33:44+00:00,-82.0,-63.0,-79.25,-82.5,-77.66666666666667,-70.25,-66.25,-84.0,-78.0,-71.5,-71.5,living_area_A
2017-04-13 14:33:45+00:00,-81.33333333333333,-65.0,-74.75,-79.0,-77.33333333333333,-67.25,-59.0,-83.0,-69.6,-79.0,-60.0,living_area_A
2017-04-13 14:33:46+00:00,-89.5,-62.4,-71.25,-80.2,-81.25,-64.66666666666667,-64.0,-82.66666666666667,-68.4,-79.25,-65.25,living_area_A
2017-04-13 14:33:47+00:00,-88.25,-66.66666666666667,-72.5,-81.66666666666667,-76.6,-65.0,-63.75,-81.25,-68.0,-78.66666666666667,-65.0,living_area_A
2017-04-13 14:33:48+00:00,-93.5,-69.75,-78.0,-86.33333333333333,-74.5,-74.0,-68.33333333333333,-81.75,-73.5,-76.5,-70.25,living_area_A
2017-04-13 14:33:49+00:00,-86.25,-65.75,-81.5,-85.0,-77.0,-64.25,-68.0,-81.0,-54.0,-76.25,-57.5,living_area_A
2017-04-13 14:33:50+00:00,-80.0,-65.0,-67.0,-84.66666666666667,-82.0,-67.25,-66.0,-80.0,-72.0,-76.4,-66.25,living_area_A
2017-04-13 14:33:51+00:00,-85.0,-66.0,-81.8,-78.75,-71.75,-71.0,-65.25,-82.0,-70.5,-72.0,-60.666666666666664,living_area_A
2017-04-13 14:33:52+00:00,-82.0,-67.4,-72.8,-82.5,-76.33333333333333,-70.2,-66.25,-78.0,-66.4,-79.6,-62.6,living_area_A
2017-04-13 14:33:53+00:00,-89.0,-63.333333333333336,-73.75,-75.0,-79.66666666666667,-67.33333333333333,-59.0,-85.33333333333333,-65.33333333333333,-75.5,-66.5,living_area_A
2017-04-13 14:33:54+00:00,-88.5,-61.75,-70.25,-86.0,-80.4,-67.66666666666667,-65.25,-80.25,-76.66666666666667,-83.0,-63.0,living_area_A
2017-04-13 14:33:55+00:00,-91.0,-63.666666666666664,-76.0,-83.0,-74.6,-60.5,-70.0,-82.25,-64.6,-77.4,-58.666666666666664,living_area_A
2017-04-13 14:33:56+00:00,-82.0,-68.6,-74.75,-85.33333333333333,-70.75,-67.5,-69.75,-76.0,-64.33333333333333,-75.2,-58.666666666666664,living_area_A
2017-04-13 14:33:57+00:00,-87.75,-63.25,-75.75,-80.5,-82.66666666666667,-69.6,-65.6,-83.0,-68.0,-74.25,-62.75,living_area_A
2017-04-13 14:33:58+00:00,-86.4,-65.0,-73.2,-82.0,-73.0,-72.25,-61.8,-82.0,-65.75,-76.8,-63.5,living_area_A
2017-04-13 14:33:59+00:00,-93.5,-66.0,-73.6,-80.25,-80.75,-73.25,-69.75,-80.2,-69.0,-75.5,-63.666666666666664,living_area_A
2017-04-13 14:34:00+00:00,-84.5,-67.5,-72.5,-84.0,-79.0,-70.75,-64.8,-83.0,-71.2,-75.0,-63.0,living_area_A
2017-04-13 14:34:01+00:00,-88.75,-64.4,-69.75,-83.5,-80.4,-70.0,-66.25,-79.33333333333333,-65.5,-82.75,-63.75,living_area_A
2017-04-13 14:34:02+00:00,-84.66666666666667,-66.75,-74.5,-79.75,-77.0,-71.6,-73.0,-78.0,-66.66666666666667,-76.8,-59.75,living_area_A
2017-04-13 14:34:03+00:00,-88.0,-61.8,-74.0,-80.0,-80.2,-68.33333333333333,-58.8,-81.75,-67.25,-77.66666666666667,-68.4,living_area_A
2017-04-13 14:34:04+00:00,-88.0,-65.8,-76.75,-85.5,-79.66666666666667,-69.0,-68.0,-79.25,-69.0,-72.75,-58.333333333333336,living_area_A
2017-04-13 14:34:05+00:00,-82.0,-66.25,-77.0,-81.2,-70.0,-69.75,-62.25,-82.25,-66.0,-75.75,-62.25,living_area_A
2017-04-13 14:34:06+00:00,-88.0,-62.8,-73.66666666666667,-81.4,-78.6,-68.25,-67.2,-84.0,-75.33333333333333,-80.25,-59.5,living_area_A
2017-04-13 14:34:07+00:00,-85.66666666666667,-64.0,-77.75,-83.4,-82.0,-71.66666666666667,-69.75,-80.5,-69.66666666666667,-73.8,-62.5,living_area_A
2017-04-13 14:34:08+00:00,-89.0,-63.5,-72.2,-80.25,-74.2,-69.2,-67.25,-77.5,-71.0,-79.25,-63.75,living_area_A
2017-04-13 14:34:09+00:00,-94.5,-61.666666666666664,-75.75,-92.0,-84.5,-65.75,-69.75,-82.8,-84.0,-83.4,-63.8,living_area_A
2017-04-13 14:34:10+00:00,-89.66666666666667,-69.0,-78.33333333333333,-80.33333333333333,-71.2,-68.33333333333333,-67.5,-82.25,-63.5,-69.0,-66.66666666666667,living_area_A
2017-04-13 14:34:11+00:00,-83.33333333333333,-66.8,-70.33333333333333,-79.0,-76.33333333333333,-69.5,-63.75,-81.0,-67.0,-78.0,-68.5,living_area_A
2017-04-13 14:34:12+00:00,-87.5,-66.5,-77.0,-82.4,-82.75,-60.0,-64.75,-86.0,-69.0,-75.75,-67.0,living_area_A
2017-04-13 14:34:13+00:00,-86.5,-65.4,-65.75,-77.25,-78.8,-65.6,-68.33333333333333,-83.6,-63.6,-78.0,-60.0,living_area_A
2017-04-13 14:34:14+00:00,-88.66666666666667,-62.25,-74.5,-79.0,-71.5,-69.0,-67.66666666666667,-82.4,-63.333333333333336,-75.66666666666667,-61.25,living_area_A
2017-04-13 14:34:15+00:00,-88.5,-67.66666666666667,-73.66666666666667,-82.5,-81.75,-67.25,-66.8,-79.0,-66.25,-73.4,-59.0,living_area_A
2017-04-13 14:34:16+00:00,-84.33333333333333,-65.75,-81.66666666666667,-85.0,-79.2,-68.5,-68.0,-80.2,-69.33333333333333,-76.0,-68.25,living_area_A
2017-04-13 14:34:17+00:00,-89.0,-62.0,-74.75,-76.33333333333333,-77.0,-64.75,-73.5,-74.0,-65.33333333333333,-75.66666666666667,-55.5,living_area_A
2017-04-13 14:34:18+00:00,-89.0,-67.4,-79.75,-83.25,-79.6,-70.33333333333333,-63.25,-81.0,-75.33333333333333,-72.75,-76.0,living_area_A
2017-04-13 14:34:19+00:00,-85.66666666666667,-65.5,-74.0,-79.33333333333333,-74.66666666666667,-63.0,-66.25,-79.2,-63.0,-74.75,-62.0,living_area_A
2017-04-13 14:34:20+00:00,-82.5,-62.333333333333336,-77.0,-79.0,-77.75,-67.0,-66.6,-78.2,-57.75,-80.5,-62.75,living_area_A
2017-04-13 14:34:21+00:00,-93.0,-66.0,-70.33333333333333,-83.25,-77.25,-73.25,-67.75,-80.4,-70.0,-79.0,-63.75,living_area_A
2017-04-13 14:34:22+00:00,-98.5,-59.0,-79.33333333333333,-82.25,-78.5,-70.66666666666667,-65.6,-85.4,-60.333333333333336,-78.25,-67.4,living_area_A
2017-04-13 14:34:23+00:00,-90.0,-66.0,-69.25,-80.2,-77.75,-63.6,-70.5,-82.5,-68.8,-80.0,-63.4,living_area_A
2017-04-13 14:34:24+00:00,-94.0,-68.0,-76.5,-84.5,-72.4,-64.8,-70.5,-81.0,-64.0,-78.0,-62.0,living_area_A
2017-04-13 14:34:25+00:00,-86.0,-68.2,-77.66666666666667,-80.33333333333333,-77.25,-71.75,-73.33333333333333,-77.6,-74.0,-78.25,-63.333333333333336,living_area_A
2017-04-13 14:34:26+00:00,-94.0,-62.25,-68.2,-81.0,-74.75,-69.0,-69.6,-81.5,-76.0,-78.66666666666667,-64.25,living_area_A
2017-04-13 14:34:27+00:00,-120.0,-64.66666666666667,-66.66666666666667,-82.5,-79.75,-68.0,-64.0,-78.66666666666667,-79.33333333333333,-81.5,-63.75,living_area_A
2017-04-13 14:34:28+00:00,-88.0,-66.25,-76.75,-79.5,-73.2,-66.0,-64.6,-76.4,-66.25,-79.75,-64.25,living_area_A
2017-04-13 14:34:29+00:00,-85.0,-64.8,-78.33333333333333,-86.4,-76.25,-73.33333333333333,-64.8,-80.0,-59.75,-78.4,-62.0,living_area_A
2017-04-13 14:34:30+00:00,-93.5,-63.8,-76.0,-87.33333333333333,-74.25,-67.4,-65.5,-80.8,-57.75,-73.0,-68.0,living_area_A
2017-04-13 14:34:31+00:00,-90.0,-64.75,-64.0,-120.0,-77.33333333333333,-68.0,-59.333333333333336,-72.5,-77.0,-74.33333333333333,-66.66666666666667,living_area_A
2017-04-13 14:34:32+00:00,-89.0,-67.5,-74.33333333333333,-81.2,-77.0,-66.0,-69.0,-83.25,-63.75,-75.25,-66.25,living_area_A
2017-04-13 14:34:33+00:00,-86.0,-64.6,-69.66666666666667,-75.0,-75.0,-63.333333333333336,-67.6,-73.2,-66.8,-68.0,-62.0,living_area_A
2017-04-13 14:34:34+00:00,-120.0,-63.0,-75.5,-86.66666666666667,-70.5,-64.0,-63.0,-74.0,-61.5,-74.0,-64.0,living_area_A
2017-04-13 14:34:35+00:00,-91.33333333333333,-68.33333333333333,-76.25,-79.5,-70.0,-75.0,-66.75,-82.0,-78.0,-78.2,-63.0,living_area_A
2017-04-13 14:34:36+00:00,-86.5,-66.8,-73.33333333333333,-81.33333333333333,-77.75,-69.25,-64.0,-78.25,-66.25,-72.5,-64.25,living_area_A
2017-04-13 14:34:37+00:00,-90.5,-65.25,-73.33333333333333,-79.0,-81.0,-68.5,-62.5,-80.25,-67.8,-76.8,-67.0,living_area_A
2017-04-13 14:34:38+00:00,-95.0,-63.2,-77.0,-79.66666666666667,-74.66666666666667,-68.66666666666667,-66.66666666666667,-83.0,-69.75,-76.25,-61.4,living_area_A
2017-04-13 14:34:39+00:00,-88.0,-63.6,-74.0,-86.0,-84.75,-61.0,-66.75,-76.66666666666667,-64.2,-72.0,-62.0,living_area_A
2017-04-13 14:34:40+00:00,-87.0,-66.6,-77.25,-74.66666666666667,-72.0,-75.75,-75.75,-77.25,-62.0,-74.0,-65.2,living_area_A
2017-04-13 14:34:41+00:00,-89.0,-65.33333333333333,-65.33333333333333,-78.0,-78.0,-60.5,-67.5,-77.33333333333333,-66.66666666666667,-82.8,-68.25,living_area_A
2017-04-13 14:34:42+00:00,-90.0,-63.25,-68.0,-77.0,-81.0,-68.66666666666667,-65.5,-77.0,-120.0,-81.5,-64.25,living_area_A
2017-04-13 14:34:43+00:00,-90.0,-62.5,-78.5,-87.66666666666667,-80.33333333333333,-65.66666666666667,-66.5,-87.66666666666667,-70.6,-71.75,-64.75,living_area_A
2017-04-13 14:34:44+00:00,-120.0,-63.5,-76.0,-79.5,-79.75,-62.5,-73.4,-77.4,-79.25,-78.6,-69.5,living_area_A
2017-04-13 14:34:45+00:00,-120.0,-67.2,-66.33333333333333,-82.6,-80.0,-67.66666666666667,-62.0,-79.66666666666667,-75.2,-76.0,-65.2,living_area_A
2017-04-13 14:34:46+00:00,-93.0,-63.25,-75.5,-82.5,-79.5,-71.25,-68.4,-78.25,-66.75,-85.5,-67.0,living_area_A
2017-04-13 14:34:47+00:00,-86.0,-66.4,-77.5,-76.0,-76.33333333333333,-74.0,-68.33333333333333,-79.8,-72.5,-73.0,-68.5,living_area_A
2017-04-13 14:34:48+00:00,-91.0,-65.75,-78.8,-82.5,-70.25,-66.5,-69.0,-81.8,-66.0,-79.0,-67.0,living_area_A
2017-04-13 14:34:49+00:00,-120.0,-62.25,-71.0,-85.33333333333333,-80.4,-64.33333333333333,-72.2,-77.66666666666667,-79.0,-76.0,-64.0,living_area_A
2017-04-13 14:34:50+00:00,-120.0,-64.4,-77.0,-82.0,-76.6,-68.5,-64.25,-76.75,-70.5,-74.5,-59.0,living_area_A
2017-04-13 14:34:51+00:00,-120.0,-62.0,-77.0,-83.0,-72.0,-67.75,-64.25,-76.0,-63.0,-83.0,-63.6,living_area_A
2017-04-13 14:34:52+00:00,-85.0,-59.0,-77.2,-78.4,-76.25,-69.75,-68.0,-80.6,-61.666666666666664,-75.2,-65.66666666666667,living_area_A
2017-04-13 14:34:53+00:00,-99.0,-72.0,-75.66666666666667,-80.66666666666667,-72.0,-67.33333333333333,-67.6,-75.33333333333333,-70.5,-77.33333333333333,-67.0,living_area_A
2017-04-13 14:34:54+00:00,-98.0,-66.8,-74.25,-80.0,-80.0,-64.5,-73.0,-83.33333333333333,-66.6,-79.33333333333333,-62.5,living_area_A
2017-04-13 14:34:55+00:00,-88.0,-69.0,-76.8,-84.0,-75.25,-71.0,-66.6,-81.5,-74.6,-71.5,-60.0,living_area_A
2017-04-13 14:34:56+00:00,-85.0,-64.0,-77.75,-84.25,-81.25,-66.0,-68.0,-80.2,-57.0,-69.66666666666667,-64.2,living_area_A
2017-04-13 14:34:57+00:00,-89.66666666666667,-66.25,-73.25,-80.66666666666667,-74.4,-72.8,-66.2,-77.5,-70.66666666666667,-76.0,-62.0,living_area_A
2017-04-13 14:34:58+00:00,-92.5,-63.75,-72.0,-81.75,-77.25,-72.5,-71.6,-83.2,-65.0,-74.8,-66.5,living_area_A
2017-04-13 14:34:59+00:00,-86.5,-63.0,-78.5,-82.0,-77.5,-67.75,-70.0,-79.0,-60.333333333333336,-77.5,-69.25,living_area_A
2017-04-13 14:35:00+00:00,-95.0,-65.0,-73.0,-79.0,-79.0,-69.0,-65.2,-79.0,-78.33333333333333,-75.66666666666667,-63.2,living_area_A
2017-04-13 14:35:01+00:00,-95.0,-65.6,-77.6,-77.66666666666667,-72.25,-66.75,-69.75,-78.0,-65.66666666666667,-74.4,-63.2,living_area_A
2017-04-13 14:35:02+00:00,-120.0,-69.25,-62.0,-79.0,-78.0,-74.25,-68.2,-81.0,-80.0,-74.33333333333333,-64.66666666666667,living_area_A
2017-04-13 14:35:03+00:00,-81.5,-85.0,-74.8,-82.0,-71.2,-69.2,-74.4,-72.75,-80.0,-89.6,-46.6,living_area_A
2017-04-13 14:35:04+00:00,-76.75,-82.66666666666667,-72.0,-79.8,-70.0,-64.75,-70.0,-77.25,-70.0,-86.5,-49.0,living_area_A
2017-04-13 14:35:05+00:00,-85.8,-83.0,-73.66666666666667,-77.33333333333333,-70.8,-73.25,-75.0,-79.2,-62.75,-82.75,-48.0,living_area_A
2017-04-13 14:35:06+00:00,-83.25,-74.66666666666667,-74.75,-78.33333333333333,-73.0,-73.2,-74.4,-71.5,-76.5,-81.0,-50.2,living_area_A
2017-04-13 14:35:07+00:00,-86.5,-80.5,-73.66666666666667,-80.0,-70.2,-65.0,-71.0,-70.0,-65.66666666666667,-82.6,-48.0,living_area_A
2017-04-13 14:35:08+00:00,-81.0,-85.66666666666667,-74.0,-78.0,-75.0,-68.5,-68.5,-73.75,-71.66666666666667,-78.25,-48.0,living_area_A
2017-04-13 14:35:09+00:00,-80.75,-80.0,-70.8,-81.75,-72.0,-61.8,-71.33333333333333,-70.25,-73.0,-85.8,-48.0,living_area_A
2017-04-13 14:35:10+00:00,-83.0,-80.6,-68.6,-87.75,-73.0,-68.6,-67.33333333333333,-74.0,-71.33333333333333,-84.0,-45.25,living_area_A
2017-04-13 14:35:11+00:00,-81.0,-74.8,-63.5,-72.66666666666667,-75.0,-69.0,-64.75,-70.33333333333333,-67.33333333333333,-82.0,-51.6,living_area_A
2017-04-13 14:35:12+00:00,-86.6,-82.0,-64.66666666666667,-75.75,-73.75,-64.0,-64.4,-75.5,-72.66666666666667,-75.75,-40.333333333333336,living_area_A
2017-04-13 14:35:13+00:00,-85.0,-87.33333333333333,-70.5,-80.4,-70.25,-62.0,-69.2,-73.0,-72.33333333333333,-82.2,-52.4,living_area_A
2017-04-13 14:35:14+00:00,-81.25,-88.0,-71.75,-82.0,-67.75,-70.0,-70.66666666666667,-75.2,-61.5,-76.25,-50.333333333333336,living_area_A
2017-04-13 14:35:15+00:00,-84.0,-79.25,-67.33333333333333,-79.75,-71.0,-68.8,-71.0,-77.66666666666667,-65.25,-81.0,-54.5,living_area_A
2017-04-13 14:35:16+00:00,-90.0,-79.0,-72.66666666666667,-80.5,-70.25,-69.5,-68.25,-75.75,-72.25,-79.5,-42.0,living_area_A
2017-04-13 14:35:17+00:00,-84.5,-75.75,-67.25,-86.0,-82.0,-72.33333333333333,-64.66666666666667,-73.66666666666667,-60.25,-80.0,-53.8,living_area_A
2017-04-13 14:35:18+00:00,-84.25,-82.0,-62.25,-83.0,-65.75,-61.5,-68.0,-75.75,-78.5,-81.0,-43.0,living_area_A
2017-04-13 14:35:19+00:00,-82.0,-77.8,-74.0,-77.75,-70.5,-68.0,-66.5,-75.5,-68.75,-75.0,-48.333333333333336,living_area_A
2017-04-13 14:35:20+00:00,-80.0,-81.2,-72.66666666666667,-84.25,-66.8,-67.5,-70.2,-74.4,-66.75,-77.5,-52.666666666666664,living_area_A
2017-04-13 14:35:21+00:00,-83.0,-77.5,-70.0,-82.75,-80.0,-67.0,-69.8,-72.0,-72.0,-81.75,-52.75,living_area_A
2017-04-13 14:35:22+00:00,-87.0,-82.66666666666667,-69.5,-78.33333333333333,-69.33333333333333,-69.5,-68.0,-72.8,-71.0,-81.75,-54.333333333333336,living_area_A
2017-04-13 14:35:23+00:00,-86.2,-79.0,-71.75,-76.5,-68.66666666666667,-68.75,-69.4,-73.5,-67.33333333333333,-79.8,-50.4,living_area_A
2017-04-13 14:35:24+00:00,-76.75,-76.66666666666667,-71.33333333333333,-71.0,-74.0,-66.0,-61.5,-68.66666666666667,-64.0,-77.0,-44.75,living_area_A
2017-04-13 14:35:25+00:00,-86.25,-82.0,-74.5,-77.2,-76.33333333333333,-68.0,-68.0,-77.6,-58.0,-81.33333333333333,-49.666666666666664,living_area_A
2017-04-13 14:35:26+00:00,-81.0,-78.33333333333333,-64.5,-78.66666666666667,-75.66666666666667,-67.25,-66.75,-77.0,-65.0,-76.66666666666667,-51.25,living_area_A
2017-04-13 14:35:27+00:00,-80.4,-77.0,-67.0,-83.25,-65.4,-67.8,-64.5,-73.25,-66.5,-82.75,-49.0,living_area_A
2017-04-13 14:35:28+00:00,-80.0,-78.75,-68.0,-81.75,-69.6,-68.25,-63.25,-73.66666666666667,-64.5,-82.8,-47.6,living_area_A
2017-04-13 14:35:29+00:00,-83.5,-73.0,-75.25,-77.4,-71.0,-72.5,-66.0,-75.8,-70.0,-77.33333333333333,-49.5,living_area_A
2017-04-13 14:35:30+00:00,-85.2,-80.5,-75.0,-78.4,-64.0,-63.75,-66.33333333333333,-72.4,-74.75,-80.8,-57.2,living_area_A
2017-04-13 14:35:31+00:00,-86.0,-79.0,-67.66666666666667,-75.0,-72.66666666666667,-68.66666666666667,-69.8,-75.75,-59.5,-79.0,-51.25,living_area_A
2017-04-13 14:35:32+00:00,-88.0,-82.4,-67.5,-83.0,-77.0,-70.4,-74.0,-77.2,-62.4,-77.25,-54.0,living_area_A
2017-04-13 14:35:33+00:00,-81.0,-80.0,-65.0,-80.5,-70.0,-67.0,-68.66666666666667,-79.0,-58.666666666666664,-76.0,-50.2,living_area_A
2017-04-13 14:35:34+00:00,-80.25,-85.33333333333333,-72.0,-77.5,-77.4,-72.0,-68.2,-76.2,-61.333333333333336,-80.33333333333333,-50.4,living_area_A
2017-04-13 14:35:35+00:00,-83.8,-83.25,-75.6,-85.5,-73.66666666666667,-65.25,-67.66666666666667,-75.75,-65.66666666666667,-81.2,-51.0,living_area_A
2017-04-13 14:35:36+00:00,-86.0,-78.2,-72.33333333333333,-74.0,-72.0,-70.2,-75.5,-71.75,-74.75,-86.5,-51.75,living_area_A
2017-04-13 14:35:37+00:00,-83.0,-79.8,-76.66666666666667,-79.6,-78.0,-70.75,-73.5,-74.6,-62.6,-78.0,-51.666666666666664,living_area_A
2017-04-13 14:35:38+00:00,-84.0,-80.5,-73.2,-80.75,-70.6,-75.2,-67.25,-73.25,-66.4,-77.66666666666667,-45.0,living_area_A
2017-04-13 14:35:39+00:00,-77.5,-78.66666666666667,-71.6,-82.5,-69.0,-69.66666666666667,-69.8,-73.0,-71.5,-79.5,-50.333333333333336,living_area_A
2017-04-13 14:35:40+00:00,-82.0,-79.5,-73.0,-78.5,-71.2,-72.0,-71.75,-75.75,-68.8,-78.75,-51.5,living_area_A
2017-04-13 14:35:41+00:00,-85.75,-76.0,-72.0,-73.0,-73.0,-69.33333333333333,-67.8,-74.2,-64.25,-83.75,-55.0,living_area_A
2017-04-13 14:35:42+00:00,-81.33333333333333,-83.0,-71.33333333333333,-82.33333333333333,-73.66666666666667,-67.4,-74.8,-76.2,-68.33333333333333,-84.0,-50.8,living_area_A
2017-04-13 14:35:43+00:00,-82.33333333333333,-80.5,-76.0,-76.25,-74.0,-71.25,-66.0,-80.25,-62.4,-78.8,-54.8,living_area_A
2017-04-13 14:35:44+00:00,-80.6,-79.75,-68.66666666666667,-75.66666666666667,-68.0,-70.25,-72.2,-76.6,-66.33333333333333,-79.2,-57.0,living_area_A
2017-04-13 14:35:45+00:00,-85.6,-71.8,-69.0,-80.0,-66.25,-66.33333333333333,-65.5,-77.0,-60.8,-79.6,-45.75,living_area_A
2017-04-13 14:35:46+00:00,-80.4,-75.0,-68.6,-83.0,-73.25,-69.8,-65.6,-78.2,-61.333333333333336,-75.25,-48.0,living_area_A
2017-04-13 14:35:47+00:00,-81.0,-75.2,-67.75,-80.0,-76.0,-69.0,-71.0,-72.0,-63.25,-80.4,-55.5,living_area_A
2017-04-13 14:35:48+00:00,-85.0,-73.33333333333333,-74.0,-82.0,-76.0,-73.0,-65.75,-76.5,-64.0,-79.25,-49.75,living_area_A
2017-04-13 14:35:49+00:00,-86.66666666666667,-73.0,-77.0,-78.33333333333333,-71.4,-67.2,-68.8,-77.0,-70.0,-79.75,-59.333333333333336,living_area_A
2017-04-13 14:35:50+00:00,-82.25,-72.4,-71.8,-78.0,-66.75,-73.6,-71.66666666666667,-77.25,-63.0,-77.0,-52.6,living_area_A
2017-04-13 14:35:51+00:00,-83.75,-120.0,-73.75,-120.0,-80.75,-74.6,-72.2,-77.6,-71.0,-82.25,-47.0,living_area_A
2017-04-13 14:35:52+00:00,-83.0,-74.0,-69.8,-77.75,-63.75,-67.8,-70.4,-78.6,-65.0,-78.0,-52.0,living_area_A
2017-04-13 14:35:53+00:00,-83.5,-79.66666666666667,-69.8,-85.0,-69.4,-72.6,-70.25,-78.2,-60.0,-79.6,-52.0,living_area_A
2017-04-13 14:35:54+00:00,-81.5,-73.0,-71.25,-83.0,-75.4,-63.5,-67.0,-75.6,-60.0,-76.5,-46.0,living_area_A
2017-04-13 14:35:55+00:00,-81.5,-71.75,-73.8,-84.0,-72.0,-68.6,-69.75,-75.66666666666667,-63.75,-78.0,-52.75,living_area_A
2017-04-13 14:35:56+00:00,-83.5,-67.75,-69.66666666666667,-80.4,-67.8,-64.4,-61.5,-80.25,-66.33333333333333,-73.5,-54.333333333333336,living_area_A
2017-04-13 14:35:57+00:00,-80.5,-71.5,-73.0,-79.5,-65.33333333333333,-65.33333333333333,-77.0,-83.5,-67.0,-79.0,-55.0,living_area_A
2017-04-13 14:35:58+00:00,-83.25,-69.0,-68.0,-80.4,-71.75,-68.33333333333333,-72.0,-81.75,-62.6,-77.4,-53.666666666666664,living_area_A
2017-04-13 14:35:59+00:00,-81.66666666666667,-69.2,-76.75,-82.0,-70.75,-64.25,-63.666666666666664,-79.2,-68.4,-81.5,-63.5,living_area_A
2017-04-13 14:36:00+00:00,-86.0,-70.25,-72.0,-72.66666666666667,-72.0,-70.8,-58.5,-80.75,-66.66666666666667,-80.0,-46.4,living_area_A
2017-04-13 14:36:01+00:00,-80.6,-69.6,-77.8,-82.0,-75.66666666666667,-65.75,-67.0,-80.0,-63.5,-77.0,-55.333333333333336,living_area_A
2017-04-13 14:36:02+00:00,-80.25,-69.2,-63.25,-77.66666666666667,-67.4,-66.2,-59.333333333333336,-76.0,-62.4,-78.25,-46.0,living_area_A
2017-04-13 14:36:03+00:00,-83.2,-68.0,-77.0,-73.0,-69.66666666666667,-64.75,-64.75,-79.0,-66.8,-82.0,-58.0,living_area_A
2017-04-13 14:36:04+00:00,-86.25,-68.5,-73.0,-89.66666666666667,-68.8,-67.75,-67.75,-85.66666666666667,-64.4,-74.6,-56.5,living_area_A
2017-04-13 14:36:05+00:00,-83.66666666666667,-64.8,-80.0,-77.75,-69.5,-65.75,-69.0,-76.33333333333333,-64.33333333333333,-80.0,-53.25,living_area_A
2017-04-13 14:36:06+00:00,-78.0,-64.0,-74.5,-79.75,-76.33333333333333,-67.75,-69.0,-81.5,-55.75,-75.0,-52.0,living_area_A
2017-04-13 14:36:07+00:00,-84.33333333333333,-68.25,-78.25,-80.0,-71.5,-67.5,-65.5,-89.66666666666667,-79.0,-85.5,-51.75,living_area_A
2017-04-13 14:36:08+00:00,-83.0,-69.5,-79.0,-83.25,-69.0,-71.0,-75.75,-80.2,-65.33333333333333,-75.4,-49.8,living_area_A
2017-04-13 14:36:09+00:00,-87.75,-68.2,-74.0,-81.0,-73.25,-70.5,-71.66666666666667,-81.66666666666667,-77.25,-74.25,-55.0,living_area_A
2017-04-13 14:36:10+00:00,-89.8,-66.66666666666667,-77.2,-74.0,-72.66666666666667,-65.8,-71.33333333333333,-78.0,-79.0,-76.0,-59.0,living_area_A
2017-04-13 14:36:11+00:00,-93.0,-64.25,-80.0,-79.0,-73.5,-64.2,-70.0,-75.66666666666667,-66.0,-66.5,-60.666666666666664,living_area_A
2017-04-13 14:36:12+00:00,-86.8,-65.2,-78.75,-88.25,-72.25,-69.0,-68.4,-78.0,-70.66666666666667,-76.5,-53.333333333333336,living_area_A
2017-04-13 14:36:13+00:00,-88.0,-68.5,-77.33333333333333,-85.0,-69.75,-68.4,-70.25,-82.5,-71.0,-79.75,-58.666666666666664,living_area_A
2017-04-13 14:36:14+00:00,-87.25,-63.75,-77.6,-76.0,-69.66666666666667,-65.2,-71.75,-76.4,-80.0,-73.6,-56.2,living_area_A
2017-04-13 14:36:15+00:00,-86.0,-67.66666666666667,-74.5,-81.33333333333333,-68.2,-68.5,-64.75,-78.0,-71.75,-82.8,-54.6,living_area_A
2017-04-13 14:36:16+00:00,-88.0,-59.0,-77.5,-80.0,-74.6,-63.0,-63.0,-82.25,-68.0,-74.66666666666667,-53.5,living_area_A
2017-04-13 14:36:17+00:00,-86.25,-71.0,-75.6,-80.25,-69.0,-62.75,-72.66666666666667,-79.25,-76.6,-77.0,-55.4,living_area_A
2017-04-13 14:36:18+00:00,-87.0,-64.2,-77.0,-78.66666666666667,-71.2,-69.5,-69.2,-80.6,-72.0,-73.33333333333333,-55.75,living_area_A
2017-04-13 14:36:19+00:00,-86.33333333333333,-67.6,-78.25,-82.0,-75.0,-65.8,-67.0,-81.0,-69.33333333333333,-77.5,-54.25,living_area_A
2017-04-13 14:36:20+00:00,-82.0,-62.666666666666664,-79.2,-77.33333333333333,-71.4,-73.8,-66.5,-78.8,-72.5,-81.0,-52.75,living_area_A
2017-04-13 14:36:21+00:00,-94.5,-62.0,-78.66666666666667,-89.0,-71.0,-66.0,-69.5,-78.66666666666667,-77.66666666666667,-76.75,-58.6,living_area_A
2017-04-13 14:36:22+00:00,-92.0,-69.33333333333333,-75.5,-86.25,-72.0,-62.25,-69.2,-78.8,-83.0,-72.0,-50.25,living_area_A
2017-04-13 14:36:23+00:00,-86.5,-66.25,-78.0,-83.0,-71.2,-68.25,-73.25,-83.75,-73.4,-77.2,-54.333333333333336,living_area_A
2017-04-13 14:36:24+00:00,-89.5,-68.66666666666667,-76.0,-85.0,-72.4,-65.0,-64.8,-80.2,-80.33333333333333,-87.0,-52.4,living_area_A
2017-04-13 14:36:25+00:00,-95.0,-64.0,-73.0,-80.66666666666667,-74.25,-65.25,-71.0,-77.8,-65.0,-78.2,-50.25,living_area_A
2017-04-13 14:36:26+00:00,-82.33333333333333,-62.25,-72.6,-85.5,-72.0,-69.0,-61.25,-76.6,-72.25,-72.2,-59.5,living_area_A
2017-04-13 14:36:27+00:00,-82.5,-66.5,-78.2,-77.66666666666667,-69.25,-66.8,-70.66666666666667,-79.75,-80.0,-85.0,-58.4,living_area_A
2017-04-13 14:36:28+00:00,-98.0,-68.0,-84.0,-77.25,-68.4,-60.5,-78.0,-83.0,-79.6,-79.25,-52.6,living_area_A
2017-04-13 14:36:29+00:00,-83.0,-64.33333333333333,-79.25,-84.0,-64.5,-63.2,-70.25,-81.6,-120.0,-75.25,-50.5,living_area_A
2017-04-13 14:36:30+00:00,-94.0,-66.0,-72.66666666666667,-83.0,-69.75,-59.5,-67.5,-77.25,-73.75,-80.6,-51.75,living_area_A
2017-04-13 14:36:31+00:00,-93.0,-66.25,-77.2,-83.25,-72.2,-63.2,-73.33333333333333,-83.33333333333333,-73.25,-79.0,-49.0,living_area_A
2017-04-13 14:36:32+00:00,-84.0,-64.2,-75.25,-85.75,-74.2,-66.0,-66.8,-81.4,-73.25,-71.66666666666667,-60.75,living_area_A
2017-04-13 14:36:33+00:00,-89.0,-70.0,-78.0,-82.5,-69.66666666666667,-66.75,-67.0,-78.0,-72.75,-73.25,-52.5,living_area_A
2017-04-13 14:36:34+00:00,-87.0,-65.75,-75.25,-75.33333333333333,-72.0,-64.0,-71.4,-76.0,-72.25,-81.2,-59.0,living_area_A
2017-04-13 14:36:35+00:00,-89.0,-64.8,-76.0,-85.6,-72.25,-59.0,-62.0,-81.5,-71.4,-79.0,-55.0,living_area_A
2017-04-13 14:36:36+00:00,-95.0,-64.4,-77.4,-87.0,-72.75,-66.0,-67.5,-78.0,-72.25,-71.66666666666667,-52.25,living_area_A
2017-04-13 14:36:37+00:00,-93.0,-62.5,-73.8,-89.0,-70.0,-66.75,-71.0,-80.66666666666667,-75.33333333333333,-77.33333333333333,-57.6,living_area_A
2017-04-13 14:36:38+00:00,-79.5,-64.0,-76.5,-78.5,-78.75,-60.333333333333336,-66.5,-78.33333333333333,-75.66666666666667,-75.75,-51.5,living_area_A
2017-04-13 14:36:39+00:00,-83.0,-69.75,-77.75,-82.5,-74.0,-69.33333333333333,-65.75,-76.6,-64.5,-71.0,-56.75,living_area_A
2017-04-13 14:36:40+00:00,-91.0,-67.5,-79.5,-82.25,-73.4,-67.75,-73.2,-76.75,-72.5,-79.0,-53.0,living_area_A
2017-04-13 14:36:41+00:00,-85.0,-67.33333333333333,-78.0,-83.33333333333333,-77.0,-66.25,-72.2,-79.0,-74.0,-80.2,-58.8,living_area_A
2017-04-13 14:36:42+00:00,-86.5,-65.25,-75.25,-87.0,-69.0,-63.0,-73.0,-74.5,-72.75,-75.25,-56.5,living_area_A
2017-04-13 14:36:43+00:00,-84.0,-64.0,-72.0,-89.66666666666667,-74.25,-69.66666666666667,-65.75,-79.8,-68.0,-73.8,-51.6,living_area_A
2017-04-13 14:36:44+00:00,-88.5,-65.66666666666667,-76.0,-81.0,-76.5,-63.0,-71.6,-74.25,-84.5,-78.0,-56.0,living_area_A
2017-04-13 14:36:45+00:00,-86.75,-67.5,-76.5,-85.75,-71.2,-66.75,-68.25,-78.75,-85.0,-85.0,-53.25,living_area_A
2017-04-13 14:36:46+00:00,-83.0,-64.0,-76.25,-84.4,-67.0,-67.25,-70.4,-79.25,-73.5,-77.5,-50.25,living_area_A
2017-04-13 14:36:47+00:00,-91.0,-68.0,-83.0,-81.66666666666667,-68.75,-65.0,-69.0,-80.0,-77.5,-86.75,-52.333333333333336,living_area_A
2017-04-13 14:36:48+00:00,-120.0,-65.4,-78.0,-86.5,-72.0,-65.6,-69.25,-75.0,-68.5,-71.33333333333333,-60.0,living_area_A
2017-04-13 14:36:49+00:00,-87.0,-62.4,-75.5,-83.2,-70.5,-62.4,-77.5,-77.5,-71.5,-76.2,-50.75,living_area_A
2017-04-13 14:36:50+00:00,-120.0,-64.8,-76.5,-85.0,-72.0,-61.0,-68.4,-78.8,-74.33333333333333,-86.66666666666667,-56.25,living_area_A
2017-04-13 14:36:51+00:00,-91.66666666666667,-66.6,-77.2,-88.33333333333333,-71.33333333333333,-63.75,-70.25,-74.66666666666667,-80.5,-77.5,-69.0,living_area_A
2017-04-13 14:36:52+00:00,-91.0,-65.4,-76.33333333333333,-87.25,-69.8,-65.75,-75.66666666666667,-75.5,-79.5,-73.33333333333333,-56.25,living_area_A
2017-04-13 14:36:53+00:00,-82.0,-65.0,-81.5,-79.66666666666667,-75.0,-64.8,-72.6,-77.75,-78.66666666666667,-75.33333333333333,-48.0,living_area_A
2017-04-13 14:36:54+00:00,-84.0,-66.0,-77.0,-81.66666666666667,-70.25,-71.25,-75.33333333333333,-76.66666666666667,-80.8,-78.33333333333333,-49.4,living_area_A
2017-04-13 14:36:55+00:00,-88.0,-63.333333333333336,-78.66666666666667,-87.0,-69.66666666666667,-63.25,-68.4,-78.6,-72.33333333333333,-69.4,-54.0,living_area_A
2017-04-13 14:36:56+00:00,-87.0,-59.0,-74.66666666666667,-83.25,-74.4,-70.0,-65.6,-76.5,-69.33333333333333,-86.4,-51.6,living_area_A
2017-04-13 14:36:57+00:00,-84.5,-64.0,-75.0,-84.0,-72.4,-65.6,-72.2,-77.25,-70.5,-72.75,-59.0,living_area_A
2017-04-13 14:36:58+00:00,-83.0,-66.0,-79.33333333333333,-84.33333333333333,-77.25,-74.0,-68.8,-78.6,-72.5,-79.8,-49.25,living_area_A
2017-04-13 14:36:59+00:00,-86.0,-67.25,-77.5,-74.5,-72.75,-66.25,-68.0,-80.0,-76.5,-80.25,-49.5,living_area_A
2017-04-13 14:37:00+00:00,-83.5,-66.5,-76.0,-83.0,-76.33333333333333,-66.75,-71.0,-80.6,-79.0,-81.33333333333333,-59.666666666666664,living_area_A
2017-04-13 14:37:01+00:00,-88.5,-62.4,-78.0,-80.75,-68.5,-74.25,-69.25,-78.66666666666667,-69.66666666666667,-76.0,-53.5,living_area_A
2017-04-13 14:37:02+00:00,-89.0,-65.6,-69.0,-82.33333333333333,-68.5,-62.25,-71.5,-77.33333333333333,-67.75,-72.25,-55.5,living_area_A
2017-04-13 14:37:03+00:00,-88.5,-65.5,-74.0,-79.8,-70.66666666666667,-68.0,-71.8,-79.0,-72.0,-79.6,-53.25,living_area_A
2017-04-13 14:37:04+00:00,-83.0,-62.5,-77.0,-77.0,-72.0,-68.0,-69.5,-78.75,-75.25,-80.75,-45.0,living_area_A
2017-04-13 14:37:05+00:00,-84.0,-65.2,-69.0,-81.0,-73.0,-69.25,-65.25,-79.5,-72.0,-75.75,-58.0,living_area_A
2017-04-13 14:37:06+00:00,-90.5,-70.25,-72.2,-91.33333333333333,-67.25,-67.6,-65.6,-79.2,-71.5,-79.75,-56.25,living_area_A
2017-04-13 14:37:07+00:00,-88.0,-67.2,-71.5,-83.66666666666667,-69.25,-65.75,-72.0,-80.0,-72.75,-73.66666666666667,-56.5,living_area_A
2017-04-13 14:37:08+00:00,-89.33333333333333,-67.2,-79.66666666666667,-83.4,-68.6,-68.2,-67.6,-77.66666666666667,-74.66666666666667,-76.66666666666667,-53.0,living_area_A
2017-04-13 14:37:09+00:00,-85.0,-64.4,-76.25,-83.75,-72.0,-66.25,-69.6,-79.5,-72.0,-70.25,-55.0,living_area_A
2017-04-13 14:37:10+00:00,-83.0,-66.66666666666667,-69.6,-85.5,-73.0,-70.5,-63.25,-75.25,-79.0,-79.8,-60.0,living_area_A
2017-04-13 14:37:11+00:00,-94.0,-67.5,-73.6,-91.75,-76.75,-65.0,-67.0,-77.8,-80.33333333333333,-77.0,-48.5,living_area_A
2017-04-13 14:37:12+00:00,-85.0,-63.25,-76.4,-83.66666666666667,-70.75,-71.5,-70.2,-72.25,-81.5,-79.0,-55.25,living_area_A
2017-04-13 14:37:13+00:00,-98.0,-70.25,-75.4,-81.25,-74.25,-62.6,-65.8,-80.5,-70.5,-78.5,-58.75,living_area_A
2017-04-13 14:37:17+00:00,-78.0,-72.0,-74.5,-71.0,-75.66666666666667,-72.25,-78.0,-82.66666666666667,-54.666666666666664,-75.33333333333333,-77.8,living_area_A
2017-04-13 14:37:18+00:00,-87.33333333333333,-69.0,-83.66666666666667,-88.66666666666667,-61.0,-68.8,-72.25,-80.5,-58.6,-85.0,-77.0,living_area_A
2017-04-13 14:37:19+00:00,-88.0,-67.0,-80.0,-70.5,-69.66666666666667,-65.66666666666667,-69.33333333333333,-82.33333333333333,-48.0,-78.33333333333333,-67.25,living_area_A
2017-04-13 14:37:20+00:00,-82.0,-64.0,-85.5,-85.33333333333333,-75.6,-65.25,-71.6,-75.8,-68.5,-81.33333333333333,-71.0,living_area_A
2017-04-13 14:37:21+00:00,-85.0,-66.25,-66.5,-77.5,-78.0,-78.0,-71.4,-74.0,-57.666666666666664,-81.5,-68.0,living_area_A
2017-04-13 14:37:22+00:00,-82.5,-70.6,-68.66666666666667,-70.25,-79.0,-75.66666666666667,-67.5,-80.4,-57.4,-74.75,-63.5,living_area_A
2017-04-13 14:37:23+00:00,-79.0,-82.0,-73.2,-75.25,-77.5,-73.75,-63.5,-85.5,-56.0,-80.2,-62.0,living_area_A
2017-04-13 14:37:24+00:00,-84.0,-80.6,-81.33333333333333,-80.66666666666667,-80.0,-69.0,-59.8,-85.0,-48.0,-80.66666666666667,-58.8,living_area_A
2017-04-13 14:37:25+00:00,-78.0,-87.75,-75.5,-79.66666666666667,-83.6,-70.0,-59.4,-85.25,-52.75,-73.8,-71.0,living_area_A
2017-04-13 14:37:26+00:00,-90.5,-84.66666666666667,-71.5,-88.33333333333333,-78.0,-75.5,-64.25,-81.2,-53.0,-72.66666666666667,-72.66666666666667,living_area_A
2017-04-13 14:37:27+00:00,-120.0,-71.5,-83.0,-89.33333333333333,-68.0,-78.33333333333333,-63.2,-76.75,-35.25,-69.25,-68.5,living_area_A
2017-04-13 14:37:28+00:00,-81.0,-77.0,-78.33333333333333,-72.0,-76.8,-81.0,-64.2,-81.6,-43.75,-70.6,-75.25,living_area_A
2017-04-13 14:37:29+00:00,-89.0,-80.75,-78.25,-75.0,-74.0,-71.0,-63.8,-83.0,-48.25,-75.5,-71.33333333333333,living_area_A
2017-04-13 14:37:30+00:00,-120.0,-79.4,-76.0,-85.33333333333333,-76.5,-69.0,-66.25,-78.25,-49.5,-71.8,-71.4,living_area_A
2017-04-13 14:37:31+00:00,-84.0,-85.75,-70.75,-73.5,-76.66666666666667,-69.25,-63.6,-82.6,-55.5,-68.5,-66.75,living_area_A
2017-04-13 14:37:32+00:00,-85.0,-75.0,-81.25,-68.75,-76.5,-67.66666666666667,-70.25,-90.25,-54.0,-75.25,-73.33333333333333,living_area_A
2017-04-13 14:37:33+00:00,-84.5,-77.2,-63.666666666666664,-63.2,-66.33333333333333,-56.666666666666664,-64.0,-91.8,-64.5,-80.66666666666667,-74.25,living_area_B
2017-04-13 14:37:34+00:00,-87.0,-79.25,-75.33333333333333,-65.6,-59.6,-63.25,-85.0,-86.66666666666667,-75.66666666666667,-76.25,-72.33333333333333,living_area_B
2017-04-13 14:37:35+00:00,-82.33333333333333,-70.25,-79.75,-68.66666666666667,-72.25,-48.2,-82.25,-91.0,-72.5,-85.75,-77.33333333333333,living_area_B
2017-04-13 14:37:36+00:00,-100.0,-74.75,-79.0,-80.4,-71.0,-48.5,-84.75,-88.25,-71.0,-74.75,-73.33333333333333,living_area_B
2017-04-13 14:37:37+00:00,-90.0,-68.0,-81.5,-74.5,-73.4,-62.0,-80.0,-79.6,-68.25,-71.0,-75.0,living_area_B
2017-04-13 14:37:38+00:00,-83.33333333333333,-86.5,-75.0,-85.0,-80.5,-74.0,-73.5,-77.0,-70.0,-77.8,-66.8,living_area_A
2017-04-13 14:37:39+00:00,-78.6,-78.66666666666667,-80.33333333333333,-97.0,-72.0,-78.0,-77.0,-74.6,-68.5,-65.33333333333333,-61.5,living_area_A
2017-04-13 14:37:40+00:00,-76.0,-82.8,-85.0,-81.33333333333333,-80.0,-79.5,-69.66666666666667,-71.75,-64.0,-87.5,-64.5,living_area_A
2017-04-13 14:37:41+00:00,-82.0,-72.5,-79.25,-77.0,-68.25,-74.5,-75.0,-75.2,-63.333333333333336,-80.0,-74.5,living_area_A
2017-04-13 14:37:42+00:00,-89.5,-83.5,-79.0,-78.75,-74.2,-77.75,-65.4,-77.66666666666667,-51.25,-70.0,-68.0,living_area_A
2017-04-13 14:37:43+00:00,-80.5,-82.6,-78.8,-80.5,-84.66666666666667,-72.2,-71.66666666666667,-74.0,-52.0,-88.5,-60.333333333333336,living_area_A
2017-04-13 14:37:44+00:00,-70.0,-83.66666666666667,-82.5,-80.33333333333333,-78.0,-76.8,-75.6,-75.25,-64.5,-86.0,-70.66666666666667,living_area_A
2017-04-13 14:37:45+00:00,-78.4,-63.0,-75.0,-84.5,-77.33333333333333,-67.33333333333333,-77.33333333333333,-75.75,-64.0,-69.0,-70.5,living_area_A
2017-04-13 14:37:46+00:00,-75.5,-75.33333333333333,-81.66666666666667,-81.0,-76.0,-70.33333333333333,-75.75,-69.75,-66.6,-78.2,-81.25,living_area_A
2017-04-13 14:37:47+00:00,-78.0,-81.0,-70.0,-85.0,-82.5,-81.0,-82.25,-62.25,-69.0,-78.66666666666667,-77.0,kitchen
2017-04-13 14:37:48+00:00,-68.2,-120.0,-84.0,-120.0,-88.0,-73.0,-85.33333333333333,-65.66666666666667,-74.5,-83.0,-88.5,kitchen
2017-04-13 14:37:49+00:00,-65.5,-120.0,-92.0,-120.0,-83.66666666666667,-91.0,-84.5,-59.0,-79.0,-92.66666666666667,-77.66666666666667,kitchen
2017-04-13 14:37:50+00:00,-71.0,-88.0,-86.0,-84.0,-85.33333333333333,-85.33333333333333,-97.33333333333333,-53.0,-73.5,-80.0,-75.0,kitchen
2017-04-13 14:37:51+00:00,-62.0,-120.0,-79.6,-82.5,-82.75,-81.66666666666667,-85.5,-58.5,-70.5,-120.0,-87.0,kitchen
2017-04-13 14:37:52+00:00,-78.66666666666667,-83.0,-88.33333333333333,-78.5,-72.33333333333333,-78.66666666666667,-82.0,-59.4,-68.33333333333333,-82.0,-85.0,kitchen
2017-04-13 14:37:53+00:00,-75.0,-93.0,-87.5,-88.2,-70.25,-83.25,-86.5,-56.25,-85.0,-85.0,-82.2,kitchen
2017-04-13 14:37:54+00:00,-69.75,-83.5,-120.0,-87.6,-75.33333333333333,-80.33333333333333,-82.0,-57.6,-81.5,-83.33333333333333,-79.0,kitchen
2017-04-13 14:37:56+00:00,-69.0,-90.0,-120.0,-88.0,-84.33333333333333,-94.0,-87.33333333333333,-48.333333333333336,-85.0,-94.0,-83.66666666666667,kitchen
2017-04-13 14:37:57+00:00,-66.4,-120.0,-98.0,-93.5,-77.0,-86.66666666666667,-93.33333333333333,-50.6,-73.25,-84.0,-80.4,kitchen
2017-04-13 14:37:58+00:00,-59.666666666666664,-120.0,-87.0,-120.0,-83.75,-82.33333333333333,-89.5,-51.666666666666664,-73.0,-78.33333333333333,-74.25,kitchen
2017-04-13 14:38:03+00:00,-67.75,-102.0,-95.0,-99.0,-87.8,-80.0,-86.0,-51.75,-77.5,-88.33333333333333,-74.33333333333333,kitchen
2017-04-13 14:38:04+00:00,-70.5,-75.0,-88.75,-89.5,-73.0,-82.75,-85.0,-48.0,-77.0,-85.6,-77.2,kitchen
2017-04-13 14:38:11+00:00,-68.0,-82.0,-91.66666666666667,-84.75,-72.75,-74.0,-86.0,-53.666666666666664,-66.66666666666667,-84.33333333333333,-80.0,kitchen
2017-04-13 14:38:12+00:00,-88.0,-85.5,-89.25,-82.0,-69.0,-70.75,-88.5,-63.75,-63.0,-85.66666666666667,-72.0,kitchen
2017-04-13 14:38:13+00:00,-85.0,-93.0,-74.8,-84.5,-68.25,-74.5,-81.0,-120.0,-53.5,-81.25,-77.66666666666667,kitchen
2017-04-13 14:38:14+00:00,-75.75,-89.0,-85.66666666666667,-89.0,-71.25,-76.25,-91.0,-66.6,-57.6,-87.2,-70.0,kitchen
2017-04-13 14:38:15+00:00,-83.33333333333333,-95.66666666666667,-83.0,-82.5,-75.6,-79.66666666666667,-85.0,-66.75,-70.0,-80.0,-77.0,kitchen
2017-04-13 14:38:16+00:00,-79.25,-90.0,-85.75,-77.5,-67.0,-74.25,-81.0,-64.66666666666667,-68.0,-87.25,-75.25,kitchen
2017-04-13 14:38:17+00:00,-74.0,-87.0,-83.5,-83.25,-72.0,-78.0,-83.0,-64.0,-58.333333333333336,-82.25,-79.33333333333333,kitchen
2017-04-13 14:38:19+00:00,-78.5,-87.0,-84.5,-71.5,-69.6,-73.0,-84.75,-64.8,-68.5,-81.0,-82.5,kitchen
2017-04-13 14:38:20+00:00,-60.0,-88.0,-95.0,-98.0,-81.0,-84.5,-71.0,-55.0,-73.33333333333333,-87.2,-74.75,kitchen
2017-04-13 14:38:21+00:00,-63.25,-120.0,-88.5,-96.0,-83.5,-90.5,-95.33333333333333,-62.0,-70.33333333333333,-88.33333333333333,-84.66666666666667,kitchen
2017-04-13 14:38:22+00:00,-73.25,-93.0,-89.5,-84.5,-76.0,-84.0,-78.0,-58.5,-67.0,-86.0,-80.66666666666667,kitchen
2017-04-13 14:38:23+00:00,-67.75,-87.0,-80.66666666666667,-88.33333333333333,-78.0,-77.66666666666667,-83.0,-60.0,-77.4,-79.0,-83.2,kitchen
2017-04-13 14:38:36+00:00,-76.25,-79.5,-87.5,-77.5,-70.75,-80.6,-88.0,-51.2,-68.75,-83.0,-74.0,kitchen
2017-04-13 14:38:43+00:00,-70.25,-99.0,-88.0,-89.0,-87.0,-88.66666666666667,-78.66666666666667,-66.0,-70.66666666666667,-79.5,-74.5,kitchen
2017-04-13 14:38:44+00:00,-65.5,-94.5,-76.0,-87.25,-69.5,-79.0,-83.4,-56.4,-65.8,-88.33333333333333,-82.33333333333333,kitchen
2017-04-13 14:39:03+00:00,-68.0,-88.75,-82.66666666666667,-81.66666666666667,-78.75,-87.0,-81.25,-49.333333333333336,-70.0,-72.0,-81.66666666666667,kitchen
2017-04-13 14:39:04+00:00,-64.6,-120.0,-86.0,-94.0,-74.66666666666667,-85.25,-84.33333333333333,-49.75,-81.5,-92.5,-75.0,kitchen
2017-04-13 14:39:05+00:00,-68.25,-86.0,-120.0,-84.0,-82.66666666666667,-98.0,-89.5,-58.0,-80.66666666666667,-81.75,-77.5,kitchen
2017-04-13 14:39:08+00:00,-73.0,-94.0,-120.0,-120.0,-82.8,-83.33333333333333,-90.66666666666667,-57.666666666666664,-79.25,-81.5,-90.0,kitchen
2017-04-13 14:39:09+00:00,-69.75,-98.0,-120.0,-120.0,-79.66666666666667,-85.5,-90.66666666666667,-51.5,-76.0,-89.0,-80.2,kitchen
2017-04-13 14:39:10+00:00,-68.5,-120.0,-120.0,-76.0,-78.0,-120.0,-91.33333333333333,-50.4,-68.75,-89.0,-68.0,kitchen
2017-04-13 14:39:11+00:00,-74.25,-85.0,-70.66666666666667,-87.25,-79.0,-76.25,-92.0,-49.333333333333336,-66.6,-71.0,-66.0,living_area_A
2017-04-13 14:39:12+00:00,-62.0,-88.0,-82.33333333333333,-79.5,-76.33333333333333,-75.25,-76.0,-56.75,-58.0,-77.25,-72.2,living_area_A
2017-04-13 14:39:13+00:00,-62.75,-82.5,-84.0,-84.66666666666667,-88.5,-75.0,-80.25,-51.0,-64.4,-83.25,-71.0,living_area_A
2017-04-13 14:39:14+00:00,-72.33333333333333,-84.75,-82.25,-90.66666666666667,-63.0,-62.5,-73.25,-54.666666666666664,-46.0,-80.25,-75.6,living_area_A
2017-04-13 14:39:15+00:00,-67.0,-83.5,-82.2,-79.75,-69.4,-67.2,-72.6,-59.4,-57.4,-78.25,-72.2,living_area_A
2017-04-13 14:39:17+00:00,-67.25,-90.0,-86.0,-120.0,-81.33333333333333,-80.0,-88.0,-62.2,-79.6,-88.33333333333333,-78.0,kitchen
2017-04-13 14:39:22+00:00,-73.25,-83.0,-120.0,-89.0,-84.6,-85.75,-85.0,-43.0,-78.5,-93.0,-72.75,kitchen
2017-04-13 14:39:23+00:00,-67.75,-88.0,-98.66666666666667,-89.0,-78.5,-72.0,-85.5,-55.5,-71.25,-87.0,-72.0,kitchen
2017-04-13 14:39:24+00:00,-66.75,-89.0,-85.0,-87.0,-78.0,-78.4,-88.25,-67.0,-60.0,-91.5,-82.75,kitchen
2017-04-13 14:39:25+00:00,-69.6,-82.8,-82.0,-90.0,-67.66666666666667,-74.25,-84.5,-62.4,-66.5,-89.0,-75.5,kitchen
2017-04-13 14:39:26+00:00,-80.2,-79.4,-87.33333333333333,-84.75,-73.8,-66.8,-79.0,-59.666666666666664,-63.0,-82.66666666666667,-76.66666666666667,kitchen
2017-04-13 14:39:27+00:00,-80.5,-80.25,-85.4,-83.4,-71.25,-73.2,-82.6,-57.4,-60.25,-77.75,-77.0,kitchen
2017-04-13 14:39:28+00:00,-78.6,-80.0,-86.25,-83.66666666666667,-72.0,-69.5,-78.66666666666667,-68.25,-65.0,-79.25,-76.33333333333333,kitchen
2017-04-13 14:39:29+00:00,-76.25,-74.0,-75.66666666666667,-83.25,-69.75,-73.8,-85.66666666666667,-59.666666666666664,-59.0,-81.25,-81.0,kitchen
2017-04-13 14:39:30+00:00,-78.0,-80.25,-86.0,-79.66666666666667,-74.25,-69.25,-76.66666666666667,-65.0,-65.75,-78.75,-83.33333333333333,kitchen
2017-04-13 14:39:31+00:00,-73.25,-74.8,-80.25,-85.4,-79.0,-68.4,-80.75,-64.4,-68.0,-83.33333333333333,-82.75,kitchen
2017-04-13 14:39:32+00:00,-68.0,-89.5,-89.33333333333333,-88.8,-74.5,-77.33333333333333,-83.25,-66.75,-65.25,-77.0,-82.6,kitchen
2017-04-13 14:39:33+00:00,-64.6,-120.0,-90.5,-91.0,-83.0,-88.5,-90.0,-63.0,-65.5,-86.0,-76.0,kitchen
2017-04-13 14:39:34+00:00,-65.5,-88.0,-91.0,-81.0,-76.5,-76.0,-85.0,-64.4,-71.25,-86.5,-80.66666666666667,kitchen
2017-04-13 14:39:35+00:00,-68.5,-120.0,-89.66666666666667,-96.5,-79.6,-81.0,-90.0,-61.666666666666664,-76.75,-81.5,-84.25,kitchen
2017-04-13 14:39:39+00:00,-63.2,-120.0,-91.0,-96.0,-83.0,-90.33333333333333,-92.0,-49.4,-65.0,-84.0,-72.33333333333333,kitchen
2017-04-13 14:39:40+00:00,-72.66666666666667,-83.0,-84.5,-80.5,-68.0,-78.5,-83.33333333333333,-47.8,-65.5,-87.0,-66.0,kitchen
2017-04-13 14:39:41+00:00,-64.33333333333333,-84.33333333333333,-85.0,-78.0,-67.0,-72.6,-83.33333333333333,-65.25,-61.0,-82.8,-83.6,living_area_A
2017-04-13 14:39:43+00:00,-66.0,-120.0,-120.0,-83.33333333333333,-79.0,-120.0,-82.33333333333333,-69.2,-66.66666666666667,-80.0,-79.0,kitchen
2017-04-13 14:39:44+00:00,-64.33333333333333,-86.5,-83.0,-85.8,-77.33333333333333,-79.5,-77.0,-69.4,-73.0,-78.0,-81.33333333333333,kitchen
2017-04-13 14:39:45+00:00,-64.25,-90.25,-85.5,-84.0,-71.75,-85.25,-83.66666666666667,-66.0,-69.75,-89.66666666666667,-80.0,kitchen
2017-04-13 14:39:46+00:00,-64.5,-86.0,-84.0,-87.0,-80.33333333333333,-84.75,-85.33333333333333,-63.25,-74.5,-90.0,-86.0,kitchen
2017-04-13 14:39:47+00:00,-66.6,-89.0,-88.0,-86.0,-68.0,-89.66666666666667,-120.0,-62.75,-80.0,-97.5,-77.5,kitchen
2017-04-13 14:39:48+00:00,-72.8,-90.0,-77.0,-90.0,-76.0,-85.66666666666667,-88.66666666666667,-61.5,-70.0,-87.66666666666667,-89.5,kitchen
2017-04-13 14:39:49+00:00,-64.2,-91.0,-89.0,-91.0,-77.0,-89.33333333333333,-83.5,-58.5,-76.75,-83.66666666666667,-91.33333333333333,kitchen
2017-04-13 14:39:50+00:00,-73.0,-87.0,-120.0,-120.0,-80.75,-87.25,-85.2,-67.2,-71.75,-87.75,-81.0,kitchen
2017-04-13 14:39:51+00:00,-62.333333333333336,-91.33333333333333,-81.0,-97.0,-81.0,-88.0,-89.33333333333333,-68.6,-73.0,-89.0,-84.0,kitchen
2017-04-13 14:39:52+00:00,-60.333333333333336,-88.0,-82.0,-120.0,-78.33333333333333,-71.0,-83.8,-59.0,-71.66666666666667,-120.0,-86.0,kitchen
2017-04-13 14:39:56+00:00,-66.0,-92.5,-86.0,-120.0,-88.75,-88.66666666666667,-99.0,-55.2,-76.6,-83.5,-82.8,kitchen
2017-04-13 14:39:57+00:00,-67.33333333333333,-120.0,-120.0,-120.0,-85.4,-120.0,-87.0,-57.0,-76.0,-85.0,-79.0,kitchen
2017-04-13 14:39:58+00:00,-64.4,-92.66666666666667,-120.0,-120.0,-84.0,-93.5,-120.0,-54.0,-73.66666666666667,-120.0,-77.0,kitchen
2017-04-13 14:39:59+00:00,-72.0,-89.0,-120.0,-90.0,-82.0,-87.33333333333333,-100.0,-52.2,-73.66666666666667,-87.0,-77.25,kitchen
2017-04-13 14:40:00+00:00,-67.75,-120.0,-120.0,-90.0,-88.0,-89.5,-120.0,-58.0,-78.0,-90.5,-73.0,kitchen
2017-04-13 14:40:01+00:00,-74.0,-91.0,-83.0,-84.66666666666667,-81.8,-73.5,-83.0,-53.2,-66.25,-86.75,-76.25,kitchen
2017-04-13 14:40:02+00:00,-65.75,-88.0,-93.0,-96.5,-80.6,-82.5,-80.0,-66.5,-70.5,-72.0,-83.25,kitchen
2017-04-13 14:40:03+00:00,-61.333333333333336,-93.5,-90.0,-84.0,-74.66666666666667,-76.0,-88.0,-66.5,-81.0,-87.25,-76.5,kitchen
2017-04-13 14:40:04+00:00,-74.4,-87.0,-84.66666666666667,-88.8,-73.0,-77.66666666666667,-84.2,-71.5,-62.666666666666664,-76.0,-89.0,kitchen
2017-04-13 14:40:05+00:00,-70.0,-87.5,-85.0,-87.0,-61.5,-80.6,-79.0,-75.6,-72.33333333333333,-82.5,-86.5,kitchen
2017-04-13 14:40:06+00:00,-69.25,-93.33333333333333,-83.0,-89.5,-70.75,-77.25,-78.8,-64.75,-65.6,-84.0,-80.8,kitchen
2017-04-13 14:40:07+00:00,-69.8,-91.75,-88.66666666666667,-87.5,-75.5,-83.5,-75.8,-64.8,-70.5,-87.33333333333333,-79.25,kitchen
2017-04-13 14:40:08+00:00,-70.8,-87.66666666666667,-86.66666666666667,-83.0,-76.8,-76.4,-86.25,-66.75,-66.0,-87.75,-92.33333333333333,kitchen
2017-04-13 14:40:09+00:00,-68.5,-89.0,-93.66666666666667,-84.0,-74.4,-76.0,-85.66666666666667,-67.33333333333333,-77.0,-88.0,-85.25,kitchen
2017-04-13 14:40:10+00:00,-73.0,-89.66666666666667,-82.5,-81.0,-76.5,-80.25,-84.25,-66.6,-69.0,-85.5,-84.66666666666667,kitchen
2017-04-13 14:40:11+00:00,-65.75,-83.0,-94.0,-86.0,-76.75,-76.66666666666667,-88.5,-72.6,-65.33333333333333,-82.33333333333333,-80.5,kitchen
2017-04-13 14:40:12+00:00,-80.25,-91.0,-84.0,-88.25,-74.0,-86.0,-86.4,-61.8,-79.0,-90.0,-83.66666666666667,kitchen
2017-04-13 14:40:13+00:00,-65.5,-92.0,-85.0,-91.0,-72.25,-82.0,-90.0,-62.5,-73.0,-80.5,-76.66666666666667,kitchen
2017-04-13 14:40:14+00:00,-71.5,-80.66666666666667,-88.5,-82.25,-74.4,-73.5,-85.5,-72.0,-78.8,-92.0,-74.0,kitchen
2017-04-13 14:40:15+00:00,-70.5,-85.2,-97.0,-82.75,-66.75,-77.25,-84.0,-76.25,-71.75,-84.2,-80.0,kitchen
2017-04-13 14:40:16+00:00,-75.75,-83.0,-88.75,-86.0,-75.33333333333333,-73.6,-81.0,-66.25,-81.33333333333333,-86.66666666666667,-88.33333333333333,kitchen
2017-04-13 14:40:17+00:00,-66.5,-87.33333333333333,-89.0,-88.0,-74.25,-75.4,-81.2,-71.25,-74.33333333333333,-87.5,-80.75,kitchen
2017-04-13 14:40:18+00:00,-72.75,-89.5,-120.0,-77.0,-78.33333333333333,-67.0,-83.75,-61.8,-73.0,-85.8,-76.0,kitchen
2017-04-13 14:40:19+00:00,-69.25,-92.0,-86.0,-84.33333333333333,-71.0,-75.25,-90.0,-68.0,-91.0,-85.33333333333333,-78.0,kitchen
2017-04-13 14:40:20+00:00,-70.75,-88.33333333333333,-87.0,-88.0,-73.0,-77.0,-76.0,-67.5,-84.5,-86.5,-76.0,kitchen
2017-04-13 14:40:21+00:00,-65.5,-86.5,-88.0,-85.5,-72.4,-75.33333333333333,-83.75,-66.8,-73.6,-81.25,-82.25,kitchen
2017-04-13 14:40:22+00:00,-64.0,-83.66666666666667,-82.5,-85.0,-72.25,-83.5,-85.0,-69.33333333333333,-68.5,-85.0,-89.0,kitchen
2017-04-13 14:40:23+00:00,-67.66666666666667,-85.0,-96.5,-85.33333333333333,-74.25,-77.0,-84.4,-65.0,-75.5,-83.0,-75.5,kitchen
2017-04-13 14:40:24+00:00,-73.66666666666667,-84.4,-83.33333333333333,-86.33333333333333,-79.5,-76.0,-80.0,-70.0,-63.25,-87.0,-79.0,kitchen
2017-04-13 14:40:25+00:00,-64.6,-91.0,-91.0,-92.33333333333333,-82.75,-77.33333333333333,-86.6,-69.6,-74.6,-90.0,-85.75,kitchen
2017-04-13 14:40:27+00:00,-72.33333333333333,-120.0,-83.0,-90.0,-77.0,-86.66666666666667,-87.0,-57.666666666666664,-89.5,-90.0,-88.0,kitchen
2017-04-13 14:40:28+00:00,-70.6,-120.0,-120.0,-94.0,-82.66666666666667,-86.66666666666667,-120.0,-59.5,-81.0,-96.0,-83.75,kitchen
2017-04-13 14:40:29+00:00,-69.25,-120.0,-87.0,-85.0,-82.5,-93.0,-98.0,-64.5,-81.0,-84.5,-85.66666666666667,kitchen
2017-04-13 14:40:30+00:00,-74.25,-120.0,-88.75,-101.0,-94.33333333333333,-85.66666666666667,-91.5,-56.5,-73.33333333333333,-83.0,-77.5,kitchen
2017-04-13 14:40:31+00:00,-66.0,-120.0,-99.0,-87.0,-75.75,-95.0,-120.0,-62.6,-71.33333333333333,-85.5,-94.33333333333333,kitchen
2017-04-13 14:40:32+00:00,-67.25,-120.0,-84.0,-120.0,-82.75,-83.66666666666667,-88.5,-53.5,-70.66666666666667,-94.0,-86.0,kitchen
2017-04-13 14:40:33+00:00,-64.5,-91.0,-120.0,-120.0,-83.0,-81.75,-85.5,-60.0,-70.0,-93.5,-81.0,kitchen
2017-04-13 14:40:34+00:00,-60.4,-120.0,-120.0,-120.0,-82.66666666666667,-83.0,-120.0,-57.333333333333336,-73.0,-100.0,-82.5,kitchen
2017-04-13 14:40:35+00:00,-65.0,-120.0,-98.0,-90.0,-84.33333333333333,-86.0,-95.0,-57.75,-78.66666666666667,-88.0,-83.75,kitchen
2017-04-13 14:40:36+00:00,-69.0,-120.0,-120.0,-120.0,-92.5,-88.0,-94.33333333333333,-57.5,-81.5,-93.66666666666667,-81.0,kitchen
2017-04-13 14:40:37+00:00,-69.4,-120.0,-120.0,-120.0,-83.5,-89.0,-92.0,-53.6,-69.0,-84.0,-81.8,kitchen
2017-04-13 14:40:38+00:00,-66.75,-120.0,-120.0,-120.0,-88.25,-87.66666666666667,-86.0,-54.2,-72.0,-87.0,-83.33333333333333,kitchen
2017-04-13 14:40:39+00:00,-73.0,-120.0,-120.0,-120.0,-83.0,-102.0,-94.0,-58.25,-83.5,-87.0,-83.0,kitchen
2017-04-13 14:40:40+00:00,-71.6,-120.0,-120.0,-120.0,-84.0,-83.5,-88.0,-62.25,-79.0,-98.0,-78.33333333333333,kitchen
2017-04-13 14:41:04+00:00,-71.0,-82.0,-81.5,-93.0,-83.0,-85.0,-86.66666666666667,-54.75,-74.33333333333333,-85.0,-70.5,kitchen
2017-04-13 14:41:05+00:00,-68.6,-95.0,-82.0,-86.0,-83.25,-76.2,-89.66666666666667,-46.25,-94.0,-80.8,-72.5,kitchen
2017-04-13 14:41:06+00:00,-73.0,-88.25,-90.66666666666667,-77.0,-85.0,-87.5,-81.0,-54.666666666666664,-72.5,-83.66666666666667,-70.4,kitchen
2017-04-13 14:41:16+00:00,-65.6,-96.5,-120.0,-120.0,-86.0,-82.33333333333333,-93.0,-53.5,-71.0,-120.0,-73.0,kitchen
2017-04-13 14:41:24+00:00,-61.0,-91.5,-120.0,-120.0,-90.0,-89.0,-81.0,-58.2,-68.0,-96.0,-78.4,kitchen
2017-04-13 14:41:27+00:00,-76.0,-120.0,-120.0,-94.0,-86.25,-80.0,-86.66666666666667,-61.2,-75.4,-90.5,-82.0,kitchen
2017-04-13 14:41:29+00:00,-63.0,-120.0,-120.0,-120.0,-73.66666666666667,-86.0,-92.0,-58.25,-66.0,-85.5,-79.33333333333333,kitchen
2017-04-13 14:41:30+00:00,-66.5,-99.0,-83.0,-98.0,-81.33333333333333,-81.5,-91.75,-58.6,-81.5,-90.0,-75.66666666666667,kitchen
2017-04-13 14:41:57+00:00,-63.666666666666664,-120.0,-120.0,-120.0,-77.0,-83.0,-120.0,-66.66666666666667,-72.25,-95.33333333333333,-80.4,kitchen
2017-04-13 14:43:51+00:00,-69.75,-90.33333333333333,-87.5,-88.33333333333333,-81.25,-77.0,-86.0,-46.25,-69.5,-79.0,-68.0,kitchen
2017-04-13 14:43:52+00:00,-75.0,-88.0,-95.0,-120.0,-83.5,-80.33333333333333,-85.66666666666667,-59.0,-74.0,-85.5,-78.0,kitchen
2017-04-13 14:43:53+00:00,-68.25,-80.0,-99.0,-92.0,-82.33333333333333,-91.0,-92.5,-49.75,-75.66666666666667,-83.75,-70.75,kitchen
2017-04-13 14:43:54+00:00,-65.33333333333333,-88.0,-100.0,-96.0,-79.66666666666667,-86.0,-78.33333333333333,-48.0,-74.25,-85.5,-78.0,kitchen
2017-04-13 14:43:55+00:00,-65.4,-120.0,-120.0,-120.0,-80.25,-81.25,-87.0,-52.25,-75.66666666666667,-84.0,-83.33333333333333,kitchen
2017-04-13 14:43:56+00:00,-71.2,-84.0,-86.0,-91.0,-87.0,-87.66666666666667,-85.0,-45.666666666666664,-80.66666666666667,-83.6,-65.33333333333333,kitchen
2017-04-13 14:43:57+00:00,-73.0,-120.0,-82.25,-84.0,-76.25,-78.66666666666667,-94.0,-47.2,-81.5,-85.25,-78.75,kitchen
2017-04-13 14:43:58+00:00,-63.75,-97.0,-86.0,-120.0,-84.33333333333333,-86.75,-90.0,-43.666666666666664,-76.5,-95.25,-76.75,kitchen
2017-04-13 14:43:59+00:00,-71.2,-97.0,-88.0,-84.0,-86.5,-83.5,-89.66666666666667,-51.8,-77.5,-120.0,-67.0,kitchen
2017-04-13 14:44:00+00:00,-66.4,-92.25,-120.0,-92.0,-82.0,-120.0,-92.5,-47.25,-74.0,-89.75,-76.2,kitchen
2017-04-13 14:44:01+00:00,-73.0,-120.0,-92.5,-120.0,-85.0,-92.5,-93.0,-48.0,-79.0,-84.0,-73.25,kitchen
2017-04-13 14:44:02+00:00,-77.2,-120.0,-120.0,-120.0,-78.0,-81.0,-95.0,-55.0,-85.0,-91.0,-69.4,kitchen
2017-04-13 14:44:03+00:00,-72.2,-120.0,-95.0,-120.0,-83.0,-91.0,-91.0,-45.0,-76.0,-82.5,-76.33333333333333,kitchen
2017-04-13 14:44:04+00:00,-66.0,-89.66666666666667,-84.0,-120.0,-85.4,-81.25,-87.33333333333333,-45.75,-76.0,-90.0,-90.66666666666667,kitchen
2017-04-13 14:44:08+00:00,-64.0,-120.0,-120.0,-120.0,-84.0,-82.0,-96.0,-65.75,-89.0,-89.6,-79.75,kitchen
2017-04-13 14:44:09+00:00,-67.8,-120.0,-88.0,-103.0,-86.0,-84.0,-120.0,-69.25,-91.0,-96.0,-82.0,kitchen
2017-04-13 14:44:10+00:00,-76.2,-120.0,-88.0,-120.0,-83.0,-86.5,-94.0,-67.6,-83.5,-97.0,-79.0,kitchen
2017-04-13 14:44:11+00:00,-77.0,-91.5,-85.33333333333333,-82.0,-72.0,-89.0,-86.66666666666667,-44.0,-77.0,-84.66666666666667,-74.0,kitchen
2017-04-13 14:44:12+00:00,-70.2,-94.66666666666667,-93.33333333333333,-95.66666666666667,-71.25,-80.0,-78.5,-59.4,-64.4,-81.33333333333333,-78.25,kitchen
2017-04-13 14:44:16+00:00,-67.25,-120.0,-93.0,-90.0,-87.33333333333333,-87.0,-91.0,-52.5,-78.25,-76.0,-74.8,kitchen
2017-04-13 14:44:19+00:00,-76.0,-120.0,-95.0,-79.0,-74.5,-84.66666666666667,-90.33333333333333,-57.75,-76.5,-85.33333333333333,-78.5,kitchen
2017-04-13 14:44:20+00:00,-68.25,-88.0,-82.5,-86.0,-79.8,-83.75,-85.2,-54.75,-65.6,-89.33333333333333,-74.25,kitchen
2017-04-13 14:44:23+00:00,-63.25,-98.0,-98.0,-87.0,-83.33333333333333,-86.75,-88.0,-58.0,-85.5,-92.0,-78.5,kitchen
2017-04-13 14:44:47+00:00,-77.5,-89.0,-83.0,-120.0,-82.5,-84.66666666666667,-83.0,-45.0,-75.0,-86.66666666666667,-77.0,kitchen
2017-04-13 14:44:48+00:00,-71.5,-120.0,-95.0,-120.0,-86.0,-120.0,-87.5,-53.4,-70.0,-93.5,-68.5,kitchen
2017-04-13 14:44:49+00:00,-73.25,-120.0,-120.0,-120.0,-81.5,-78.0,-90.0,-51.333333333333336,-87.5,-93.0,-74.5,kitchen
2017-04-13 14:44:50+00:00,-69.0,-89.0,-90.0,-83.0,-80.0,-81.25,-80.0,-49.5,-88.0,-83.33333333333333,-71.66666666666667,kitchen
2017-04-13 14:44:51+00:00,-64.0,-88.0,-120.0,-120.0,-86.6,-73.0,-86.25,-45.25,-82.0,-84.25,-81.25,kitchen
2017-04-13 14:44:52+00:00,-74.0,-96.0,-84.0,-84.0,-77.33333333333333,-73.0,-79.33333333333333,-49.0,-68.5,-85.0,-75.5,kitchen
2017-04-13 14:44:56+00:00,-72.5,-86.0,-87.0,-120.0,-85.5,-83.0,-88.0,-50.25,-81.66666666666667,-87.5,-80.75,kitchen
2017-04-13 14:44:57+00:00,-75.25,-120.0,-120.0,-86.0,-81.0,-75.0,-92.5,-55.25,-82.0,-120.0,-81.33333333333333,kitchen
2017-04-13 14:44:58+00:00,-64.75,-92.5,-80.0,-75.0,-77.0,-79.33333333333333,-88.75,-55.0,-120.0,-81.5,-85.25,kitchen
2017-04-13 14:44:59+00:00,-72.5,-86.0,-85.75,-81.33333333333333,-79.6,-78.4,-89.0,-53.25,-74.0,-80.0,-81.25,kitchen
2017-04-13 14:45:00+00:00,-71.8,-87.5,-74.6,-88.25,-68.5,-68.2,-79.5,-58.8,-62.2,-85.0,-78.5,kitchen
2017-04-13 14:45:01+00:00,-75.4,-88.5,-72.0,-87.75,-70.8,-67.0,-86.0,-73.33333333333333,-64.0,-86.66666666666667,-81.8,kitchen
2017-04-13 14:45:02+00:00,-74.75,-89.25,-72.2,-80.5,-74.0,-70.25,-79.2,-60.5,-60.0,-84.0,-82.75,kitchen
2017-04-13 14:45:03+00:00,-68.75,-92.0,-83.0,-79.0,-75.5,-77.0,-80.8,-64.33333333333333,-62.75,-79.5,-80.0,kitchen
2017-04-13 14:45:05+00:00,-61.0,-99.0,-87.0,-84.0,-78.25,-68.0,-87.5,-61.333333333333336,-73.0,-82.25,-72.5,kitchen
2017-04-13 14:45:06+00:00,-63.2,-88.8,-83.0,-86.25,-63.25,-76.75,-85.25,-57.0,-77.0,-87.33333333333333,-75.2,kitchen
2017-04-13 14:45:07+00:00,-71.0,-84.0,-93.0,-120.0,-72.33333333333333,-72.0,-85.66666666666667,-49.4,-68.75,-90.66666666666667,-70.33333333333333,kitchen
2017-04-13 14:45:08+00:00,-70.25,-86.0,-93.5,-83.5,-82.5,-82.66666666666667,-83.66666666666667,-50.6,-73.75,-86.0,-75.8,kitchen
2017-04-13 14:45:12+00:00,-70.75,-120.0,-83.5,-88.0,-88.66666666666667,-91.75,-84.0,-49.0,-72.66666666666667,-79.5,-80.0,living_area_A
2017-04-13 14:45:54+00:00,-69.5,-85.0,-120.0,-120.0,-84.5,-88.0,-96.0,-53.0,-93.66666666666667,-95.0,-83.0,kitchen
2017-04-13 14:46:20+00:00,-69.2,-120.0,-91.33333333333333,-94.0,-83.0,-86.25,-86.33333333333333,-52.5,-75.5,-85.8,-72.0,kitchen
2017-04-13 14:46:21+00:00,-81.5,-85.25,-77.66666666666667,-80.5,-76.75,-83.6,-83.0,-51.75,-78.5,-85.0,-77.5,kitchen
2017-04-13 14:46:22+00:00,-58.0,-95.5,-92.0,-89.0,-85.0,-80.0,-93.0,-50.0,-77.25,-83.0,-83.5,kitchen
2017-04-13 14:46:23+00:00,-76.4,-84.33333333333333,-87.0,-82.5,-70.0,-83.66666666666667,-80.0,-63.25,-74.33333333333333,-84.5,-86.66666666666667,kitchen
2017-04-13 14:46:24+00:00,-79.4,-94.0,-88.25,-73.0,-74.5,-82.25,-82.33333333333333,-65.75,-78.33333333333333,-84.0,-73.5,kitchen
2017-04-13 14:46:25+00:00,-82.75,-91.33333333333333,-81.33333333333333,-81.75,-79.4,-69.66666666666667,-83.2,-49.2,-80.0,-79.66666666666667,-79.5,kitchen
2017-04-13 14:46:26+00:00,-68.75,-82.5,-80.0,-86.5,-79.2,-76.75,-78.0,-67.25,-71.0,-80.75,-84.25,kitchen
2017-04-13 14:46:27+00:00,-68.33333333333333,-120.0,-77.0,-85.75,-83.33333333333333,-77.2,-97.5,-60.25,-75.0,-90.0,-82.25,kitchen
2017-04-13 14:46:29+00:00,-66.66666666666667,-91.0,-91.0,-83.5,-68.0,-75.4,-85.8,-52.2,-69.66666666666667,-83.0,-74.0,kitchen
2017-04-13 14:46:30+00:00,-69.6,-82.0,-84.0,-97.0,-82.25,-87.0,-88.5,-54.5,-77.33333333333333,-93.0,-72.33333333333333,kitchen
2017-04-13 14:46:31+00:00,-69.6,-89.25,-120.0,-120.0,-85.0,-78.0,-90.25,-56.2,-71.5,-92.0,-79.75,kitchen
2017-04-13 14:46:32+00:00,-76.2,-120.0,-120.0,-120.0,-93.5,-92.33333333333333,-93.5,-53.5,-68.0,-94.0,-78.5,kitchen
2017-04-13 14:46:33+00:00,-76.4,-120.0,-120.0,-120.0,-84.0,-83.0,-120.0,-57.0,-74.75,-120.0,-76.66666666666667,kitchen
2017-04-13 14:46:34+00:00,-74.0,-91.0,-120.0,-120.0,-95.0,-91.0,-120.0,-54.0,-76.25,-120.0,-77.0,kitchen
2017-04-13 14:46:35+00:00,-71.8,-120.0,-86.0,-120.0,-88.25,-84.66666666666667,-81.0,-54.8,-67.0,-90.0,-74.2,kitchen
2017-04-13 14:46:36+00:00,-67.75,-85.0,-90.0,-87.0,-86.6,-89.5,-88.0,-54.0,-85.5,-88.33333333333333,-76.33333333333333,kitchen
2017-04-13 14:46:37+00:00,-78.33333333333333,-120.0,-120.0,-120.0,-83.0,-76.0,-88.0,-52.25,-76.0,-87.66666666666667,-80.0,kitchen
2017-04-13 14:46:38+00:00,-75.8,-120.0,-90.0,-120.0,-94.0,-87.0,-91.66666666666667,-59.2,-70.0,-97.0,-73.25,kitchen
2017-04-13 14:46:39+00:00,-76.75,-94.0,-78.0,-120.0,-94.0,-101.0,-88.66666666666667,-51.2,-73.33333333333333,-92.5,-74.75,kitchen
2017-04-13 14:46:40+00:00,-78.75,-120.0,-80.0,-120.0,-92.5,-89.0,-90.0,-51.5,-79.33333333333333,-93.0,-78.0,kitchen
2017-04-13 14:46:41+00:00,-67.33333333333333,-120.0,-85.0,-120.0,-120.0,-86.0,-86.0,-57.4,-80.0,-86.0,-79.2,kitchen
2017-04-13 14:46:42+00:00,-69.0,-88.0,-120.0,-94.0,-86.0,-86.25,-89.0,-52.5,-76.0,-84.5,-80.4,kitchen
2017-04-13 14:46:43+00:00,-62.25,-83.5,-98.0,-86.0,-85.0,-86.25,-96.0,-49.0,-80.33333333333333,-93.5,-88.33333333333333,kitchen
2017-04-13 14:46:44+00:00,-72.75,-120.0,-120.0,-120.0,-89.33333333333333,-91.0,-92.33333333333333,-48.5,-73.33333333333333,-97.0,-74.33333333333333,kitchen
2017-04-13 14:46:45+00:00,-80.5,-91.0,-120.0,-90.0,-88.0,-120.0,-90.0,-53.333333333333336,-75.75,-84.0,-66.0,kitchen
2017-04-13 14:46:46+00:00,-74.75,-120.0,-83.0,-85.0,-84.66666666666667,-79.0,-120.0,-56.75,-67.0,-120.0,-67.0,kitchen
2017-04-13 14:46:47+00:00,-67.33333333333333,-88.0,-90.66666666666667,-86.0,-77.5,-79.0,-82.5,-36.5,-69.66666666666667,-88.0,-65.75,kitchen
2017-04-13 14:46:48+00:00,-67.0,-90.0,-81.5,-84.0,-67.6,-79.8,-79.8,-56.8,-69.0,-78.75,-75.5,living_area_A
2017-04-13 14:46:49+00:00,-82.0,-81.75,-72.75,-75.6,-76.75,-68.25,-72.75,-69.0,-58.6,-76.6,-69.2,living_area_A
2017-04-13 14:46:50+00:00,-80.5,-81.66666666666667,-79.4,-66.25,-71.5,-75.75,-74.2,-77.2,-56.6,-67.66666666666667,-67.25,living_area_A
2017-04-13 14:46:51+00:00,-83.0,-76.0,-69.0,-72.2,-74.8,-75.75,-70.0,-78.2,-59.25,-78.0,-66.75,living_area_A
2017-04-13 14:46:52+00:00,-93.0,-73.66666666666667,-78.0,-69.33333333333333,-75.5,-76.0,-70.0,-77.0,-60.333333333333336,-70.33333333333333,-59.75,living_area_A
2017-04-13 14:46:53+00:00,-84.0,-81.0,-68.0,-67.0,-64.6,-67.75,-65.0,-87.75,-52.0,-93.0,-77.66666666666667,living_area_A
2017-04-13 14:46:54+00:00,-120.0,-86.33333333333333,-65.25,-73.0,-63.666666666666664,-70.75,-76.66666666666667,-84.0,-60.333333333333336,-77.33333333333333,-70.75,living_area_B
2017-04-13 14:46:55+00:00,-84.0,-71.25,-74.8,-69.5,-65.6,-65.5,-68.66666666666667,-76.5,-68.5,-75.0,-69.0,living_area_B
2017-04-13 14:46:56+00:00,-85.0,-78.0,-67.33333333333333,-75.2,-76.33333333333333,-70.0,-75.4,-80.4,-59.0,-83.0,-66.2,living_area_B
2017-04-13 14:47:02+00:00,-84.0,-86.0,-63.0,-74.33333333333333,-72.8,-75.75,-77.5,-91.33333333333333,-62.4,-81.66666666666667,-73.75,living_area_B
2017-04-13 14:47:03+00:00,-81.66666666666667,-76.75,-73.75,-75.5,-79.8,-63.25,-77.0,-82.66666666666667,-67.2,-82.2,-72.0,living_area_B
2017-04-13 14:47:04+00:00,-86.66666666666667,-68.8,-77.33333333333333,-80.75,-75.0,-58.0,-72.33333333333333,-79.0,-62.5,-79.33333333333333,-64.75,living_area_A
2017-04-13 14:47:05+00:00,-78.0,-70.4,-87.66666666666667,-78.0,-72.33333333333333,-66.33333333333333,-77.5,-72.25,-63.25,-76.2,-68.0,living_area_A
2017-04-13 14:47:06+00:00,-88.33333333333333,-75.5,-82.5,-74.0,-73.25,-62.0,-75.66666666666667,-78.2,-66.33333333333333,-74.0,-67.33333333333333,living_area_A
2017-04-13 14:47:07+00:00,-86.5,-72.75,-75.8,-68.5,-70.2,-49.6,-82.66666666666667,-79.75,-71.25,-77.75,-74.5,living_area_A
2017-04-13 14:47:08+00:00,-75.5,-75.5,-77.25,-82.0,-65.0,-66.33333333333333,-84.0,-81.0,-61.5,-78.0,-66.0,living_area_A
2017-04-13 14:47:09+00:00,-80.33333333333333,-68.0,-86.0,-80.5,-83.25,-72.5,-82.0,-66.0,-65.0,-73.25,-78.75,living_area_A
2017-04-13 14:47:10+00:00,-84.0,-71.33333333333333,-75.33333333333333,-76.0,-73.8,-64.33333333333333,-85.5,-74.5,-64.5,-71.0,-68.5,living_area_A
2017-04-13 14:47:11+00:00,-76.0,-78.8,-84.25,-81.66666666666667,-76.66666666666667,-72.6,-80.5,-74.5,-59.666666666666664,-77.0,-70.2,living_area_A
2017-04-13 14:47:12+00:00,-77.5,-76.0,-77.0,-82.5,-82.75,-83.0,-79.25,-76.5,-60.0,-77.8,-66.66666666666667,living_area_A
2017-04-13 14:47:13+00:00,-80.6,-79.6,-80.0,-82.6,-71.8,-76.75,-75.75,-77.25,-62.0,-83.8,-66.5,living_area_A
2017-04-13 14:47:14+00:00,-80.0,-82.0,-89.33333333333333,-77.66666666666667,-78.75,-80.66666666666667,-72.0,-72.0,-66.66666666666667,-83.5,-68.0,living_area_A
2017-04-13 14:47:15+00:00,-76.0,-86.33333333333333,-86.6,-87.66666666666667,-75.2,-72.5,-75.8,-68.6,-65.75,-83.5,-65.0,living_area_A
2017-04-13 14:47:16+00:00,-86.0,-82.5,-86.0,-83.0,-81.5,-71.0,-77.5,-68.66666666666667,-74.8,-73.5,-62.25,living_area_A
2017-04-13 14:47:17+00:00,-92.66666666666667,-85.5,-84.0,-88.33333333333333,-79.33333333333333,-77.66666666666667,-76.66666666666667,-77.25,-68.5,-81.5,-63.75,living_area_A
2017-04-13 14:47:18+00:00,-120.0,-90.0,-80.5,-88.33333333333333,-83.0,-75.75,-76.8,-76.6,-66.66666666666667,-80.5,-49.25,living_area_A
2017-04-13 14:47:19+00:00,-120.0,-85.25,-90.0,-79.75,-86.0,-76.5,-87.5,-73.75,-62.0,-82.25,-50.0,living_area_A
2017-04-13 14:47:20+00:00,-83.0,-86.66666666666667,-78.0,-92.33333333333333,-85.5,-81.0,-76.6,-85.75,-69.0,-76.0,-52.2,living_area_A
2017-04-13 14:47:21+00:00,-93.5,-83.0,-79.0,-78.5,-77.75,-80.66666666666667,-85.5,-77.5,-67.0,-78.5,-47.75,living_area_A
2017-04-13 14:47:22+00:00,-90.0,-80.5,-84.75,-87.33333333333333,-83.4,-83.33333333333333,-86.25,-71.75,-75.0,-86.5,-52.5,living_area_A
2017-04-13 14:47:23+00:00,-81.4,-69.4,-82.75,-84.0,-77.0,-76.75,-77.0,-70.66666666666667,-66.0,-80.33333333333333,-67.0,living_area_A
2017-04-13 14:47:24+00:00,-90.5,-67.2,-70.0,-73.75,-76.25,-65.2,-65.5,-89.66666666666667,-63.333333333333336,-74.66666666666667,-80.5,living_area_A
2017-04-13 14:47:25+00:00,-82.5,-80.75,-73.66666666666667,-67.8,-76.0,-70.2,-64.8,-81.33333333333333,-46.75,-75.0,-76.33333333333333,living_area_A
2017-04-13 14:47:26+00:00,-95.0,-83.75,-70.5,-66.25,-57.0,-61.0,-71.8,-84.4,-60.0,-77.0,-77.5,living_area_A
2017-04-13 14:47:27+00:00,-86.33333333333333,-72.4,-75.0,-74.5,-60.5,-75.33333333333333,-75.0,-86.5,-71.2,-71.75,-80.0,living_area_A
2017-04-13 14:47:28+00:00,-85.33333333333333,-60.4,-92.0,-74.6,-74.2,-65.2,-81.5,-84.66666666666667,-59.5,-76.0,-82.6,hallway_lower
2017-04-13 14:47:29+00:00,-80.75,-67.25,-72.8,-72.33333333333333,-69.25,-69.75,-89.5,-120.0,-83.5,-73.0,-83.0,hallway_lower
2017-04-13 14:47:30+00:00,-79.75,-51.4,-68.0,-81.5,-64.25,-75.33333333333333,-88.5,-89.0,-73.33333333333333,-85.5,-81.0,hallway_lower
2017-04-13 14:47:31+00:00,-68.0,-63.6,-85.6,-82.4,-73.8,-67.5,-86.75,-91.0,-81.75,-81.33333333333333,-83.33333333333333,hallway_lower
2017-04-13 14:47:33+00:00,-71.8,-81.8,-93.33333333333333,-88.0,-82.66666666666667,-85.0,-81.75,-86.66666666666667,-85.66666666666667,-78.0,-67.2,stairs
2017-04-13 14:47:34+00:00,-72.0,-81.33333333333333,-85.66666666666667,-100.0,-82.33333333333333,-120.0,-84.2,-81.5,-80.33333333333333,-80.8,-70.33333333333333,stairs
2017-04-13 14:47:37+00:00,-60.2,-77.0,-90.33333333333333,-89.0,-80.0,-95.0,-76.25,-80.5,-73.66666666666667,-71.66666666666667,-72.5,stairs
2017-04-13 14:47:38+00:00,-61.2,-93.0,-91.66666666666667,-86.0,-78.5,-88.0,-82.5,-84.75,-85.0,-79.33333333333333,-75.0,stairs
2017-04-13 14:47:41+00:00,-52.25,-86.66666666666667,-91.0,-92.5,-97.0,-94.0,-78.5,-79.2,-82.0,-82.4,-78.66666666666667,hallway_upper
2017-04-13 14:47:42+00:00,-61.0,-92.0,-87.5,-86.33333333333333,-90.33333333333333,-82.66666666666667,-74.0,-77.0,-79.5,-72.6,-79.75,hallway_upper
2017-04-13 14:47:43+00:00,-56.75,-82.33333333333333,-87.0,-84.0,-88.5,-97.0,-78.25,-75.2,-73.66666666666667,-72.75,-81.0,bathroom_toilet
2017-04-13 14:47:44+00:00,-43.0,-81.0,-87.5,-101.0,-95.0,-120.0,-90.5,-63.6,-84.0,-76.4,-92.0,bathroom_toilet
2017-04-13 14:47:46+00:00,-47.0,-83.0,-73.0,-83.0,-87.0,-96.5,-90.5,-76.8,-83.5,-79.0,-98.0,bathroom_toilet
2017-04-13 14:47:47+00:00,-46.5,-100.0,-103.0,-120.0,-120.0,-120.0,-84.5,-73.0,-120.0,-80.5,-94.5,bathroom_toilet
2017-04-13 14:47:48+00:00,-47.0,-91.33333333333333,-83.25,-90.0,-120.0,-82.33333333333333,-86.0,-71.0,-94.0,-77.0,-83.0,bathroom_toilet
2017-04-13 14:47:49+00:00,-50.666666666666664,-94.0,-71.66666666666667,-92.0,-120.0,-97.0,-95.0,-70.0,-74.0,-73.5,-91.0,bathroom_toilet
2017-04-13 14:47:50+00:00,-32.666666666666664,-89.0,-83.75,-83.5,-89.0,-85.0,-92.66666666666667,-76.25,-92.0,-78.66666666666667,-98.5,bathroom_toilet
2017-04-13 14:47:51+00:00,-34.333333333333336,-85.0,-82.0,-120.0,-92.5,-85.0,-93.0,-71.2,-86.5,-80.33333333333333,-94.5,bathroom_toilet
2017-04-13 14:47:52+00:00,-37.2,-90.0,-88.0,-120.0,-120.0,-92.0,-88.2,-78.0,-87.0,-78.75,-91.0,bathroom_toilet
2017-04-13 14:47:53+00:00,-43.4,-92.5,-91.2,-120.0,-85.0,-120.0,-91.0,-74.6,-83.33333333333333,-79.75,-101.0,bathroom_toilet
2017-04-13 14:47:54+00:00,-38.0,-90.5,-96.0,-120.0,-100.0,-90.0,-93.0,-73.66666666666667,-85.5,-82.25,-89.0,bathroom_toilet
2017-04-13 14:47:55+00:00,-48.5,-120.0,-84.25,-120.0,-88.0,-120.0,-89.0,-78.5,-91.0,-85.66666666666667,-90.0,bathroom_toilet
2017-04-13 14:47:56+00:00,-47.25,-120.0,-120.0,-120.0,-88.0,-120.0,-84.0,-73.33333333333333,-79.0,-81.2,-120.0,bathroom_toilet
2017-04-13 14:47:57+00:00,-51.0,-120.0,-89.66666666666667,-95.0,-120.0,-120.0,-90.75,-66.4,-79.0,-79.75,-91.5,bathroom_toilet
2017-04-13 14:47:58+00:00,-41.2,-120.0,-82.66666666666667,-85.0,-120.0,-120.0,-76.0,-70.2,-84.0,-87.25,-120.0,bathroom_toilet
2017-04-13 14:47:59+00:00,-39.666666666666664,-95.5,-86.5,-120.0,-120.0,-120.0,-88.33333333333333,-71.66666666666667,-77.0,-74.0,-86.0,bathroom_toilet
2017-04-13 14:48:00+00:00,-47.0,-89.0,-86.0,-120.0,-120.0,-120.0,-88.25,-82.0,-85.5,-78.4,-98.5,bathroom_toilet
2017-04-13 14:48:01+00:00,-35.25,-120.0,-81.0,-120.0,-120.0,-120.0,-90.75,-81.4,-80.33333333333333,-80.0,-100.0,bathroom_toilet
2017-04-13 14:48:02+00:00,-54.0,-95.0,-120.0,-87.0,-120.0,-120.0,-83.0,-69.5,-84.0,-79.0,-120.0,bathroom_toilet
2017-04-13 14:48:04+00:00,-34.5,-98.0,-85.0,-120.0,-87.0,-120.0,-88.0,-64.5,-77.0,-80.5,-86.5,bathroom_toilet
2017-04-13 14:48:05+00:00,-120.0,-88.0,-89.33333333333333,-120.0,-120.0,-120.0,-84.0,-75.6,-90.0,-70.25,-120.0,bathroom_toilet
2017-04-13 14:48:06+00:00,-46.75,-86.0,-93.0,-120.0,-88.0,-120.0,-89.33333333333333,-88.0,-81.5,-77.4,-106.0,bathroom_toilet
2017-04-13 14:48:07+00:00,-42.0,-85.33333333333333,-88.33333333333333,-120.0,-120.0,-120.0,-89.66666666666667,-73.5,-81.0,-75.66666666666667,-98.5,bathroom_toilet
2017-04-13 14:48:08+00:00,-40.5,-98.0,-90.66666666666667,-120.0,-94.0,-120.0,-94.0,-70.2,-74.0,-78.0,-93.0,bathroom_toilet
2017-04-13 14:48:09+00:00,-37.8,-88.0,-88.0,-89.66666666666667,-120.0,-95.5,-94.0,-75.2,-84.0,-69.5,-120.0,bathroom_toilet
2017-04-13 14:48:10+00:00,-45.0,-86.0,-83.0,-120.0,-120.0,-120.0,-89.25,-67.33333333333333,-120.0,-69.5,-120.0,bathroom_toilet
2017-04-13 14:48:11+00:00,-47.666666666666664,-95.0,-89.0,-120.0,-98.0,-87.0,-83.75,-76.25,-83.0,-70.0,-120.0,bathroom_toilet
2017-04-13 14:48:12+00:00,-46.0,-88.66666666666667,-85.0,-93.0,-120.0,-91.0,-90.0,-74.0,-120.0,-70.0,-120.0,bathroom_toilet
2017-04-13 14:48:13+00:00,-45.0,-85.0,-88.33333333333333,-120.0,-85.0,-120.0,-82.0,-78.8,-80.0,-67.0,-86.0,bathroom_toilet
2017-04-13 14:48:14+00:00,-52.25,-84.0,-89.25,-120.0,-120.0,-120.0,-87.33333333333333,-78.0,-88.0,-79.6,-120.0,bathroom_toilet
2017-04-13 14:48:15+00:00,-55.0,-86.5,-88.5,-120.0,-120.0,-85.0,-86.4,-81.8,-120.0,-72.25,-120.0,bathroom_toilet
2017-04-13 14:48:16+00:00,-51.6,-85.0,-84.66666666666667,-85.0,-120.0,-120.0,-80.75,-68.5,-87.0,-67.0,-120.0,bathroom_toilet
2017-04-13 14:48:17+00:00,-45.2,-89.33333333333333,-92.0,-120.0,-100.0,-94.5,-82.25,-72.33333333333333,-84.5,-67.0,-85.0,bathroom_toilet
2017-04-13 14:48:18+00:00,-42.0,-91.33333333333333,-84.0,-85.0,-85.0,-87.0,-96.0,-76.0,-85.6,-74.6,-88.0,bathroom_toilet
2017-04-13 14:48:19+00:00,-47.0,-97.0,-78.0,-120.0,-102.0,-83.5,-88.0,-74.2,-82.5,-73.0,-120.0,bathroom_toilet
2017-04-13 14:48:20+00:00,-38.4,-120.0,-93.33333333333333,-120.0,-120.0,-93.0,-88.66666666666667,-70.75,-82.5,-79.5,-120.0,bathroom_toilet
2017-04-13 14:48:21+00:00,-40.0,-90.33333333333333,-83.0,-120.0,-120.0,-86.5,-89.0,-73.8,-84.5,-72.0,-86.0,bathroom_toilet
2017-04-13 14:48:22+00:00,-41.5,-90.0,-98.0,-89.0,-91.0,-86.0,-86.66666666666667,-73.66666666666667,-76.8,-71.4,-85.0,bathroom_toilet
2017-04-13 14:48:23+00:00,-42.0,-85.33333333333333,-84.0,-85.0,-88.0,-87.66666666666667,-84.0,-75.0,-88.0,-70.33333333333333,-96.0,bathroom_toilet
2017-04-13 14:48:24+00:00,-40.75,-86.0,-92.5,-120.0,-91.66666666666667,-81.0,-101.0,-77.66666666666667,-80.33333333333333,-72.8,-94.0,bathroom_toilet
2017-04-13 14:48:25+00:00,-42.5,-82.0,-91.0,-120.0,-88.0,-84.33333333333333,-120.0,-66.0,-92.5,-69.75,-86.0,bathroom_toilet
2017-04-13 14:48:26+00:00,-40.75,-87.5,-83.0,-120.0,-86.0,-82.0,-89.0,-72.5,-83.66666666666667,-64.75,-120.0,bathroom_toilet
2017-04-13 14:48:27+00:00,-47.5,-96.0,-92.5,-120.0,-120.0,-87.5,-78.5,-72.6,-85.0,-77.0,-95.0,bathroom_toilet
2017-04-13 14:48:28+00:00,-44.5,-95.5,-88.75,-86.0,-91.5,-85.0,-89.0,-75.6,-78.0,-69.0,-89.0,bathroom_toilet
2017-04-13 14:48:29+00:00,-49.5,-120.0,-89.33333333333333,-120.0,-120.0,-120.0,-93.5,-74.0,-94.5,-70.75,-120.0,bathroom_toilet
2017-04-13 14:48:30+00:00,-51.2,-88.0,-80.25,-120.0,-93.0,-120.0,-84.2,-75.75,-90.0,-75.25,-120.0,bathroom_toilet
2017-04-13 14:48:31+00:00,-47.666666666666664,-86.0,-91.0,-94.0,-120.0,-92.5,-84.25,-69.5,-86.5,-63.6,-120.0,bathroom_toilet
2017-04-13 14:48:32+00:00,-51.5,-92.0,-80.0,-93.0,-90.0,-83.0,-89.25,-71.2,-89.0,-74.0,-120.0,bathroom_toilet
2017-04-13 14:48:33+00:00,-48.4,-85.66666666666667,-84.5,-120.0,-89.25,-82.0,-92.5,-68.75,-95.0,-70.0,-89.0,bathroom_toilet
2017-04-13 14:48:34+00:00,-58.333333333333336,-88.0,-81.2,-83.0,-91.25,-88.33333333333333,-84.0,-70.2,-77.0,-75.6,-120.0,bathroom_toilet
2017-04-13 14:48:35+00:00,-53.25,-85.66666666666667,-86.75,-94.0,-101.5,-89.66666666666667,-83.0,-73.4,-78.5,-73.2,-120.0,bathroom_toilet
2017-04-13 14:48:36+00:00,-56.75,-91.5,-83.0,-89.0,-120.0,-96.0,-81.66666666666667,-75.4,-74.0,-71.75,-120.0,bathroom_toilet
2017-04-13 14:48:37+00:00,-42.4,-86.0,-83.33333333333333,-120.0,-96.0,-90.0,-83.5,-75.66666666666667,-79.0,-69.0,-97.0,bathroom_toilet
2017-04-13 14:48:38+00:00,-54.0,-91.6,-85.5,-120.0,-90.0,-120.0,-120.0,-74.75,-85.0,-79.8,-120.0,bathroom_toilet
2017-04-13 14:48:39+00:00,-38.666666666666664,-91.66666666666667,-87.25,-85.0,-90.33333333333333,-89.0,-93.0,-67.33333333333333,-78.0,-76.6,-120.0,bathroom_toilet
2017-04-13 14:48:40+00:00,-21.0,-92.5,-86.0,-120.0,-97.0,-87.33333333333333,-78.5,-70.75,-94.0,-67.75,-120.0,bathroom_toilet
2017-04-13 14:48:41+00:00,-42.25,-84.33333333333333,-89.66666666666667,-120.0,-120.0,-92.25,-96.0,-71.75,-87.0,-70.4,-97.0,bathroom_toilet
2017-04-13 14:48:42+00:00,-41.5,-91.66666666666667,-120.0,-98.0,-120.0,-120.0,-91.0,-78.33333333333333,-84.33333333333333,-74.75,-120.0,bathroom_toilet
2017-04-13 14:48:43+00:00,-45.25,-90.0,-84.33333333333333,-120.0,-90.0,-87.5,-120.0,-81.25,-79.33333333333333,-72.25,-120.0,bathroom_toilet
2017-04-13 14:48:44+00:00,-49.666666666666664,-85.0,-93.0,-120.0,-120.0,-86.0,-84.0,-70.5,-74.0,-80.0,-95.0,bathroom_toilet
2017-04-13 14:48:45+00:00,-39.666666666666664,-97.0,-96.0,-82.0,-100.0,-90.0,-94.5,-74.5,-92.0,-73.6,-86.0,bathroom_toilet
2017-04-13 14:48:46+00:00,-45.5,-120.0,-120.0,-120.0,-120.0,-120.0,-85.5,-67.0,-84.0,-77.0,-97.0,bathroom_toilet
2017-04-13 14:48:47+00:00,-45.0,-90.0,-96.0,-120.0,-120.0,-120.0,-87.8,-77.75,-120.0,-80.75,-120.0,bathroom_toilet
2017-04-13 14:48:48+00:00,-24.333333333333332,-87.0,-91.66666666666667,-120.0,-89.0,-120.0,-82.5,-75.33333333333333,-88.0,-84.66666666666667,-120.0,bathroom_toilet
2017-04-13 14:48:49+00:00,-40.0,-120.0,-76.0,-120.0,-120.0,-120.0,-100.0,-69.0,-90.5,-80.0,-120.0,bathroom_toilet
2017-04-13 14:48:50+00:00,-30.0,-99.0,-85.0,-120.0,-120.0,-120.0,-84.66666666666667,-80.0,-81.0,-75.0,-120.0,bathroom_toilet
2017-04-13 14:48:51+00:00,-30.6,-87.0,-93.0,-120.0,-120.0,-120.0,-82.0,-66.0,-80.0,-81.5,-90.0,bathroom_toilet
2017-04-13 14:48:52+00:00,-33.666666666666664,-120.0,-92.0,-120.0,-101.0,-99.0,-93.0,-68.0,-120.0,-86.5,-120.0,bathroom_toilet
2017-04-13 14:48:53+00:00,-33.5,-101.0,-120.0,-120.0,-86.0,-120.0,-87.5,-62.0,-81.0,-76.5,-120.0,bathroom_toilet
2017-04-13 14:48:54+00:00,-31.0,-120.0,-120.0,-120.0,-120.0,-120.0,-92.5,-70.5,-120.0,-77.0,-120.0,bathroom_toilet
2017-04-13 14:48:55+00:00,-30.25,-93.0,-120.0,-120.0,-120.0,-120.0,-86.0,-81.0,-92.0,-82.0,-120.0,bathroom_toilet
2017-04-13 14:48:56+00:00,-120.0,-89.25,-85.0,-120.0,-102.0,-120.0,-82.0,-79.33333333333333,-86.0,-81.4,-120.0,bathroom_toilet
2017-04-13 14:48:57+00:00,-46.25,-93.5,-87.0,-120.0,-120.0,-120.0,-92.0,-75.25,-120.0,-83.25,-120.0,bathroom_toilet
2017-04-13 14:48:58+00:00,-34.2,-85.0,-89.0,-120.0,-120.0,-120.0,-87.66666666666667,-80.0,-91.5,-77.66666666666667,-120.0,bathroom_toilet
2017-04-13 14:48:59+00:00,-31.0,-120.0,-97.0,-120.0,-120.0,-120.0,-89.75,-75.25,-81.0,-77.0,-120.0,bathroom_toilet
2017-04-13 14:49:22+00:00,-51.8,-120.0,-81.33333333333333,-120.0,-96.0,-89.0,-120.0,-74.2,-89.4,-75.0,-92.5,bathroom_toilet
2017-04-13 14:49:32+00:00,-51.5,-87.5,-84.0,-94.0,-86.5,-120.0,-88.33333333333333,-71.25,-75.5,-76.25,-83.0,bathroom_toilet
2017-04-13 14:49:33+00:00,-65.75,-88.66666666666667,-78.75,-89.25,-89.0,-90.5,-84.75,-72.25,-77.33333333333333,-68.6,-89.0,bathroom_toilet
2017-04-13 14:49:34+00:00,-61.75,-81.25,-79.75,-85.0,-89.0,-85.33333333333333,-68.5,-75.6,-73.8,-69.4,-94.0,bathroom_toilet
2017-04-13 14:49:35+00:00,-52.0,-89.33333333333333,-89.5,-92.5,-120.0,-120.0,-85.0,-71.0,-70.0,-74.2,-93.0,bathroom_toilet
2017-04-13 14:49:36+00:00,-53.25,-96.0,-94.66666666666667,-96.0,-92.5,-87.33333333333333,-88.0,-74.0,-97.0,-73.33333333333333,-87.0,bathroom_toilet
2017-04-13 14:49:37+00:00,-64.33333333333333,-85.33333333333333,-78.4,-81.0,-86.0,-79.0,-79.5,-68.2,-81.75,-73.0,-91.5,bathroom_toilet
2017-04-13 14:49:38+00:00,-47.5,-86.0,-85.0,-88.0,-84.0,-83.0,-84.0,-78.5,-120.0,-82.0,-97.0,bathroom_toilet
2017-04-13 14:49:39+00:00,-55.75,-86.66666666666667,-99.0,-120.0,-83.0,-98.5,-79.33333333333333,-72.0,-77.0,-78.0,-120.0,bathroom_toilet
2017-04-13 14:49:40+00:00,-63.666666666666664,-120.0,-84.75,-84.0,-90.5,-120.0,-87.75,-75.6,-89.66666666666667,-76.4,-87.0,bathroom_toilet
2017-04-13 14:49:41+00:00,-58.0,-88.0,-74.0,-120.0,-120.0,-120.0,-80.33333333333333,-78.2,-120.0,-72.33333333333333,-120.0,bathroom_toilet
2017-04-13 14:49:42+00:00,-50.75,-93.5,-85.66666666666667,-88.0,-87.0,-120.0,-88.0,-70.0,-75.0,-72.75,-96.0,bathroom_toilet
2017-04-13 14:49:43+00:00,-47.25,-90.0,-85.75,-87.0,-92.0,-120.0,-78.66666666666667,-68.5,-92.0,-74.5,-120.0,bathroom_toilet
2017-04-13 14:49:44+00:00,-32.0,-84.0,-85.0,-82.0,-94.0,-82.5,-84.25,-70.25,-83.75,-75.2,-120.0,bathroom_toilet
2017-04-13 14:49:45+00:00,-42.0,-83.66666666666667,-99.0,-91.0,-79.0,-82.0,-87.5,-71.75,-83.0,-72.0,-87.0,bathroom_toilet
2017-04-13 14:49:46+00:00,-37.75,-87.66666666666667,-93.0,-90.0,-120.0,-120.0,-88.0,-61.25,-82.5,-78.5,-86.0,bathroom_toilet
2017-04-13 14:49:47+00:00,-44.5,-84.0,-90.0,-120.0,-84.0,-98.0,-84.25,-66.5,-82.5,-61.666666666666664,-120.0,bathroom_toilet
2017-04-13 14:49:48+00:00,-44.0,-93.0,-120.0,-120.0,-94.0,-90.0,-85.0,-75.6,-120.0,-82.5,-120.0,bathroom_toilet
2017-04-13 14:49:49+00:00,-52.0,-88.0,-86.0,-120.0,-120.0,-120.0,-95.0,-72.5,-81.0,-80.25,-120.0,bathroom_toilet
2017-04-13 14:49:50+00:00,-45.8,-86.5,-120.0,-120.0,-86.0,-120.0,-92.5,-80.4,-120.0,-78.8,-95.66666666666667,bathroom_toilet
2017-04-13 14:49:51+00:00,-45.0,-91.0,-84.33333333333333,-120.0,-82.0,-120.0,-76.0,-64.5,-120.0,-76.2,-93.33333333333333,bathroom_toilet
2017-04-13 14:49:52+00:00,-40.8,-88.0,-89.66666666666667,-85.66666666666667,-84.0,-100.0,-89.5,-67.2,-85.0,-82.0,-87.0,bathroom_toilet
2017-04-13 14:49:53+00:00,-45.25,-91.0,-95.0,-87.0,-84.0,-120.0,-88.5,-71.5,-84.5,-74.8,-120.0,bathroom_toilet
2017-04-13 14:49:54+00:00,-41.75,-88.66666666666667,-74.0,-120.0,-88.0,-120.0,-82.5,-72.5,-78.0,-78.33333333333333,-90.0,bathroom_toilet
2017-04-13 14:49:55+00:00,-46.666666666666664,-93.25,-83.0,-120.0,-90.0,-120.0,-87.5,-76.66666666666667,-95.0,-77.5,-89.0,bathroom_toilet
2017-04-13 14:49:56+00:00,-40.0,-90.75,-120.0,-120.0,-120.0,-120.0,-80.0,-79.25,-93.0,-74.75,-94.75,bathroom_toilet
2017-04-13 14:49:57+00:00,-33.0,-87.4,-120.0,-120.0,-120.0,-120.0,-120.0,-77.5,-96.0,-75.6,-83.0,bathroom_toilet
2017-04-13 14:49:58+00:00,-38.8,-82.0,-120.0,-120.0,-120.0,-120.0,-83.5,-76.75,-90.5,-73.66666666666667,-95.66666666666667,bathroom_toilet
2017-04-13 14:49:59+00:00,-43.5,-85.5,-89.25,-92.5,-89.0,-93.0,-81.66666666666667,-75.5,-74.0,-74.4,-86.75,bathroom_toilet
2017-04-13 14:50:00+00:00,-41.5,-85.25,-93.5,-120.0,-120.0,-83.0,-87.5,-71.25,-77.0,-77.66666666666667,-97.0,bathroom_toilet
2017-04-13 14:50:01+00:00,-48.8,-82.0,-94.0,-120.0,-120.0,-84.0,-82.66666666666667,-78.0,-120.0,-81.33333333333333,-90.0,bathroom_toilet
2017-04-13 14:50:02+00:00,-36.75,-90.5,-92.0,-98.0,-89.66666666666667,-94.0,-87.5,-88.66666666666667,-89.0,-74.5,-95.0,bathroom_toilet
2017-04-13 14:50:03+00:00,-48.0,-95.0,-84.0,-120.0,-89.0,-120.0,-81.0,-75.25,-80.0,-75.5,-88.5,bathroom_toilet
2017-04-13 14:50:04+00:00,-60.333333333333336,-90.33333333333333,-89.0,-120.0,-98.0,-87.0,-82.5,-77.0,-120.0,-74.0,-120.0,bathroom_toilet
2017-04-13 14:50:05+00:00,-45.8,-89.75,-95.0,-96.0,-100.0,-120.0,-89.33333333333333,-74.0,-84.25,-70.2,-86.0,bathroom_toilet
2017-04-13 14:50:06+00:00,-45.4,-83.5,-86.0,-84.0,-98.0,-87.33333333333333,-87.2,-73.0,-84.0,-72.66666666666667,-120.0,bathroom_toilet
2017-04-13 14:50:07+00:00,-42.6,-84.33333333333333,-120.0,-97.0,-92.5,-99.0,-96.5,-80.25,-79.0,-76.66666666666667,-120.0,bathroom_toilet
2017-04-13 14:50:08+00:00,-39.0,-120.0,-80.0,-120.0,-120.0,-78.0,-81.0,-73.5,-91.0,-75.25,-120.0,bathroom_toilet
2017-04-13 14:50:09+00:00,-52.5,-120.0,-89.33333333333333,-120.0,-120.0,-120.0,-90.0,-77.5,-120.0,-76.75,-92.0,bathroom_toilet
2017-04-13 14:50:10+00:00,-48.75,-85.0,-93.33333333333333,-120.0,-120.0,-87.0,-86.5,-81.5,-82.0,-75.0,-90.0,bathroom_toilet
2017-04-13 14:50:11+00:00,-56.0,-85.0,-85.33333333333333,-120.0,-120.0,-120.0,-95.0,-78.66666666666667,-94.0,-86.25,-120.0,bathroom_toilet
2017-04-13 14:50:12+00:00,-40.5,-92.5,-88.66666666666667,-88.0,-88.0,-91.0,-94.0,-77.5,-84.0,-71.75,-98.5,bathroom_toilet
2017-04-13 14:50:13+00:00,-50.666666666666664,-79.0,-81.5,-92.5,-97.0,-91.0,-84.66666666666667,-77.75,-86.5,-67.6,-86.0,bathroom_toilet
2017-04-13 14:50:14+00:00,-57.0,-81.4,-80.0,-85.0,-87.0,-93.0,-85.33333333333333,-77.5,-120.0,-68.0,-120.0,bathroom_toilet
2017-04-13 14:50:15+00:00,-56.0,-78.0,-86.33333333333333,-91.0,-88.0,-88.5,-83.0,-82.8,-84.0,-75.0,-120.0,bathroom_toilet
2017-04-13 14:50:16+00:00,-54.333333333333336,-82.0,-80.0,-120.0,-85.0,-120.0,-88.5,-83.5,-74.0,-75.8,-120.0,bathroom_toilet
2017-04-13 14:50:17+00:00,-59.333333333333336,-86.66666666666667,-83.25,-99.0,-92.66666666666667,-84.5,-120.0,-76.0,-120.0,-72.8,-120.0,bathroom_toilet
2017-04-13 14:50:18+00:00,-64.33333333333333,-82.4,-81.8,-87.0,-120.0,-80.0,-82.0,-73.0,-80.66666666666667,-72.0,-120.0,bathroom_toilet
2017-04-13 14:50:19+00:00,-51.75,-84.33333333333333,-80.33333333333333,-88.66666666666667,-120.0,-94.0,-77.0,-73.66666666666667,-83.66666666666667,-73.2,-86.0,bathroom_toilet
2017-04-13 14:50:20+00:00,-43.0,-91.66666666666667,-91.0,-85.0,-90.0,-120.0,-88.25,-75.8,-95.0,-71.75,-120.0,bathroom_toilet
2017-04-13 14:50:21+00:00,-36.333333333333336,-87.0,-82.0,-86.0,-89.5,-84.0,-93.0,-68.6,-81.0,-86.66666666666667,-97.0,bathroom_toilet
2017-04-13 14:50:22+00:00,-49.0,-91.0,-82.5,-89.0,-84.0,-120.0,-78.0,-75.0,-81.0,-69.0,-120.0,bathroom_toilet
2017-04-13 14:50:23+00:00,-49.2,-88.33333333333333,-86.5,-120.0,-94.0,-96.0,-87.2,-69.4,-120.0,-83.75,-120.0,bathroom_toilet
2017-04-13 14:50:24+00:00,-50.666666666666664,-120.0,-86.66666666666667,-86.0,-120.0,-87.0,-86.2,-68.5,-96.0,-79.25,-120.0,bathroom_toilet
2017-04-13 14:50:25+00:00,-50.4,-79.33333333333333,-86.6,-120.0,-120.0,-87.5,-83.0,-72.25,-120.0,-79.25,-120.0,bathroom_toilet
2017-04-13 14:50:26+00:00,-52.0,-92.0,-91.66666666666667,-120.0,-120.0,-120.0,-88.4,-74.0,-85.5,-84.25,-120.0,bathroom_toilet
2017-04-13 14:50:27+00:00,-52.0,-86.4,-89.0,-120.0,-120.0,-86.0,-92.25,-74.0,-120.0,-75.25,-91.0,bathroom_toilet
2017-04-13 14:50:28+00:00,-54.8,-86.0,-87.0,-83.0,-87.0,-93.0,-84.5,-80.75,-85.25,-75.5,-83.0,bathroom_toilet
2017-04-13 14:50:29+00:00,-53.75,-88.0,-89.5,-120.0,-120.0,-120.0,-83.25,-77.0,-89.0,-80.0,-120.0,bathroom_toilet
2017-04-13 14:50:30+00:00,-51.0,-86.0,-88.0,-120.0,-120.0,-120.0,-87.66666666666667,-75.8,-89.0,-81.2,-94.0,bathroom_toilet
2017-04-13 14:50:31+00:00,-50.75,-93.5,-88.0,-120.0,-120.0,-120.0,-92.33333333333333,-83.0,-77.0,-74.66666666666667,-93.0,bathroom_toilet
2017-04-13 14:50:32+00:00,-44.5,-92.33333333333333,-80.0,-120.0,-86.0,-120.0,-88.66666666666667,-78.0,-94.0,-75.4,-120.0,bathroom_toilet
2017-04-13 14:50:33+00:00,-42.0,-120.0,-88.75,-86.0,-98.5,-86.0,-88.6,-77.75,-75.5,-72.5,-120.0,bathroom_toilet
2017-04-13 14:50:34+00:00,-43.0,-88.0,-89.6,-120.0,-81.0,-93.0,-89.25,-74.0,-94.0,-80.75,-120.0,bathroom_toilet
2017-04-13 14:50:35+00:00,-51.2,-87.0,-89.5,-120.0,-93.5,-120.0,-85.66666666666667,-70.6,-79.0,-76.5,-87.0,bathroom_toilet
2017-04-13 14:50:36+00:00,-45.0,-93.5,-94.33333333333333,-120.0,-120.0,-120.0,-87.0,-70.4,-78.0,-71.0,-90.0,bathroom_toilet
2017-04-13 14:50:37+00:00,-41.0,-94.5,-78.5,-98.0,-120.0,-97.0,-82.75,-69.0,-83.0,-76.0,-85.5,bathroom_toilet
2017-04-13 14:50:38+00:00,-45.5,-86.33333333333333,-88.5,-86.0,-120.0,-89.0,-85.33333333333333,-74.5,-83.33333333333333,-75.2,-86.5,bathroom_toilet
2017-04-13 14:50:39+00:00,-46.8,-120.0,-93.5,-86.0,-98.0,-120.0,-90.5,-75.66666666666667,-81.0,-79.0,-120.0,bathroom_toilet
2017-04-13 14:50:40+00:00,-45.333333333333336,-120.0,-84.5,-120.0,-88.0,-83.75,-77.33333333333333,-78.0,-96.0,-80.33333333333333,-120.0,bathroom_toilet
2017-04-13 14:50:41+00:00,-44.0,-87.0,-78.5,-120.0,-120.0,-86.33333333333333,-81.33333333333333,-72.0,-88.0,-80.66666666666667,-120.0,bathroom_toilet
2017-04-13 14:50:42+00:00,-52.0,-84.66666666666667,-83.0,-97.0,-120.0,-82.5,-85.25,-69.2,-81.25,-78.8,-120.0,bathroom_toilet
2017-04-13 14:50:50+00:00,-55.5,-78.0,-86.75,-87.66666666666667,-120.0,-93.66666666666667,-120.0,-69.66666666666667,-91.66666666666667,-77.5,-120.0,bathroom_toilet
2017-04-13 14:50:51+00:00,-41.25,-120.0,-83.0,-120.0,-91.33333333333333,-87.0,-88.33333333333333,-71.33333333333333,-80.0,-75.25,-87.0,bathroom_toilet
2017-04-13 14:50:52+00:00,-38.5,-120.0,-84.0,-120.0,-120.0,-87.0,-85.5,-67.5,-86.33333333333333,-83.6,-93.5,bathroom_toilet
2017-04-13 14:50:53+00:00,-38.666666666666664,-120.0,-89.5,-120.0,-85.0,-120.0,-89.8,-68.2,-81.66666666666667,-85.5,-94.0,bathroom_toilet
2017-04-13 14:51:09+00:00,-58.0,-79.66666666666667,-76.0,-82.0,-92.25,-83.0,-83.0,-76.8,-67.0,-76.33333333333333,-87.0,bathroom_toilet
2017-04-13 14:51:10+00:00,-63.0,-80.0,-73.25,-79.66666666666667,-87.33333333333333,-85.0,-84.0,-80.25,-85.5,-68.4,-91.33333333333333,bathroom_toilet
2017-04-13 14:51:11+00:00,-61.25,-77.5,-77.66666666666667,-89.0,-84.2,-85.25,-82.25,-72.4,-78.0,-75.4,-88.0,bathroom_toilet
2017-04-13 14:51:12+00:00,-51.666666666666664,-82.5,-83.5,-83.75,-78.0,-78.0,-81.8,-73.6,-92.0,-69.8,-90.66666666666667,bathroom_toilet
2017-04-13 14:51:13+00:00,-55.6,-83.5,-84.6,-85.6,-95.5,-91.0,-84.5,-71.2,-84.33333333333333,-75.0,-85.0,bathroom_toilet
2017-04-13 14:51:14+00:00,-74.75,-81.66666666666667,-85.5,-86.75,-92.33333333333333,-86.66666666666667,-73.66666666666667,-80.0,-81.5,-74.0,-89.5,hallway_upper
2017-04-13 14:51:15+00:00,-66.0,-93.0,-77.66666666666667,-80.0,-95.66666666666667,-86.25,-65.25,-79.75,-86.0,-74.0,-77.0,hallway_upper
2017-04-13 14:51:16+00:00,-61.333333333333336,-87.0,-76.8,-82.0,-83.0,-120.0,-69.2,-79.5,-76.0,-73.4,-74.5,hallway_upper
2017-04-13 14:51:17+00:00,-78.75,-81.0,-74.33333333333333,-76.5,-85.66666666666667,-83.2,-71.25,-92.5,-74.33333333333333,-76.8,-74.75,bedroom_2
2017-04-13 14:51:18+00:00,-79.5,-96.0,-74.75,-79.33333333333333,-82.0,-80.66666666666667,-64.5,-91.66666666666667,-77.0,-74.33333333333333,-80.0,hallway_upper
2017-04-13 14:51:19+00:00,-80.66666666666667,-80.33333333333333,-63.5,-74.5,-81.8,-71.25,-69.25,-88.66666666666667,-66.5,-61.0,-84.5,hallway_upper
2017-04-13 14:51:20+00:00,-75.25,-82.0,-59.0,-71.0,-80.25,-84.0,-55.0,-83.5,-76.0,-53.2,-82.0,hallway_upper
2017-04-13 14:51:21+00:00,-78.8,-87.0,-62.333333333333336,-70.0,-85.5,-80.25,-64.75,-78.66666666666667,-85.0,-70.33333333333333,-83.8,hallway_upper
2017-04-13 14:51:22+00:00,-76.5,-91.66666666666667,-71.6,-65.0,-79.25,-77.66666666666667,-70.75,-101.0,-80.0,-58.333333333333336,-91.0,hallway_upper
2017-04-13 14:51:23+00:00,-75.66666666666667,-81.5,-67.66666666666667,-77.75,-89.0,-76.5,-74.2,-88.5,-76.66666666666667,-59.6,-86.75,hallway_upper
2017-04-13 14:51:24+00:00,-79.33333333333333,-81.75,-77.66666666666667,-79.5,-90.5,-85.66666666666667,-67.6,-84.5,-68.33333333333333,-63.666666666666664,-85.66666666666667,hallway_upper
2017-04-13 14:51:25+00:00,-63.0,-85.75,-71.0,-76.0,-88.0,-81.0,-80.66666666666667,-81.5,-75.33333333333333,-63.25,-80.0,hallway_upper
2017-04-13 14:51:26+00:00,-58.5,-79.0,-89.0,-82.5,-84.0,-85.66666666666667,-75.2,-84.6,-74.0,-68.2,-76.25,hallway_upper
2017-04-13 14:51:27+00:00,-77.5,-85.0,-81.6,-79.5,-86.0,-81.75,-60.6,-91.0,-82.0,-63.0,-85.4,hallway_upper
2017-04-13 14:51:28+00:00,-75.66666666666667,-87.5,-74.0,-80.0,-85.0,-81.75,-60.25,-81.0,-79.4,-66.4,-88.0,hallway_upper
2017-04-13 14:51:29+00:00,-76.5,-87.25,-65.25,-77.33333333333333,-81.33333333333333,-81.2,-63.5,-120.0,-80.0,-58.2,-82.6,hallway_upper
2017-04-13 14:51:30+00:00,-75.66666666666667,-80.8,-60.6,-59.6,-74.6,-71.0,-75.5,-94.5,-85.0,-77.0,-94.0,stairs
2017-04-13 14:51:31+00:00,-69.0,-79.0,-62.75,-72.66666666666667,-80.4,-71.0,-75.5,-87.0,-82.0,-66.5,-79.0,bedroom_1
2017-04-13 14:51:32+00:00,-67.33333333333333,-91.0,-55.75,-67.0,-72.0,-75.75,-70.5,-92.66666666666667,-80.0,-57.666666666666664,-83.8,bedroom_1
2017-04-13 14:51:33+00:00,-73.66666666666667,-92.0,-47.0,-63.0,-84.66666666666667,-73.66666666666667,-66.6,-84.0,-83.0,-62.666666666666664,-85.0,bedroom_1
2017-04-13 14:51:34+00:00,-87.75,-96.0,-57.5,-49.5,-76.25,-68.66666666666667,-79.5,-120.0,-82.0,-67.33333333333333,-90.0,bedroom_1
2017-04-13 14:51:38+00:00,-76.6,-86.33333333333333,-59.0,-59.0,-75.66666666666667,-68.5,-66.0,-120.0,-91.0,-65.0,-88.5,bedroom_1
2017-04-13 14:51:39+00:00,-72.75,-82.33333333333333,-76.0,-54.666666666666664,-76.4,-81.66666666666667,-72.33333333333333,-120.0,-82.66666666666667,-76.4,-83.33333333333333,bedroom_1
2017-04-13 14:51:41+00:00,-76.8,-80.0,-67.0,-74.25,-69.6,-68.4,-74.0,-85.0,-76.0,-76.33333333333333,-87.66666666666667,bedroom_1
2017-04-13 14:51:42+00:00,-72.75,-84.66666666666667,-58.0,-58.0,-71.33333333333333,-66.5,-71.2,-120.0,-81.5,-68.25,-90.0,bedroom_1
2017-04-13 14:51:43+00:00,-88.0,-81.0,-62.0,-56.5,-74.2,-76.25,-76.5,-99.0,-75.0,-71.2,-87.5,bedroom_1
2017-04-13 14:51:44+00:00,-81.75,-83.0,-62.2,-66.66666666666667,-120.0,-66.75,-79.6,-120.0,-82.5,-69.6,-91.0,bedroom_1
2017-04-13 14:51:45+00:00,-80.0,-81.25,-56.0,-61.25,-75.0,-62.5,-68.75,-92.5,-74.0,-64.5,-85.75,bedroom_1
2017-04-13 14:51:46+00:00,-78.25,-84.0,-58.6,-54.5,-79.2,-63.8,-69.6,-89.0,-82.0,-70.75,-79.0,bedroom_1
2017-04-13 14:51:47+00:00,-79.4,-84.25,-64.0,-58.6,-73.5,-59.5,-72.25,-120.0,-79.33333333333333,-67.75,-91.75,bedroom_1
2017-04-13 14:51:48+00:00,-83.0,-84.0,-50.2,-67.2,-77.4,-60.2,-64.75,-120.0,-80.5,-75.66666666666667,-88.0,bedroom_1
2017-04-13 14:51:49+00:00,-78.33333333333333,-81.0,-57.25,-56.6,-74.25,-63.75,-66.75,-120.0,-83.8,-62.5,-86.66666666666667,bedroom_1
2017-04-13 14:51:50+00:00,-73.8,-83.5,-55.666666666666664,-59.0,-71.0,-60.4,-70.0,-90.0,-83.75,-64.25,-94.0,bedroom_1
2017-04-13 14:51:51+00:00,-73.0,-88.2,-59.25,-63.0,-73.66666666666667,-63.4,-76.8,-93.33333333333333,-84.0,-63.2,-91.5,bedroom_1
2017-04-13 14:51:52+00:00,-73.66666666666667,-84.5,-57.75,-59.6,-64.75,-69.66666666666667,-68.0,-120.0,-79.33333333333333,-70.0,-85.5,bedroom_1
2017-04-13 14:51:53+00:00,-73.25,-85.33333333333333,-60.333333333333336,-69.0,-69.4,-59.5,-72.0,-103.0,-73.0,-66.25,-80.5,bedroom_1
2017-04-13 14:51:54+00:00,-72.66666666666667,-86.0,-54.0,-61.25,-78.25,-68.25,-72.66666666666667,-96.0,-68.5,-65.5,-83.0,bedroom_1
2017-04-13 14:51:55+00:00,-90.0,-86.4,-46.0,-66.2,-74.8,-74.0,-57.75,-120.0,-83.4,-65.0,-79.5,bedroom_1
2017-04-13 14:52:00+00:00,-84.0,-120.0,-56.5,-65.25,-72.0,-75.75,-68.75,-120.0,-120.0,-69.5,-88.5,bedroom_1
2017-04-13 14:52:01+00:00,-88.0,-82.8,-54.5,-73.0,-75.25,-74.5,-68.0,-120.0,-77.2,-66.4,-81.0,bedroom_1
2017-04-13 14:52:02+00:00,-80.66666666666667,-88.66666666666667,-53.5,-71.0,-76.0,-80.25,-72.75,-120.0,-83.0,-73.0,-81.0,bedroom_1
2017-04-13 14:52:03+00:00,-93.5,-85.66666666666667,-54.75,-72.6,-79.8,-85.33333333333333,-68.33333333333333,-120.0,-76.8,-68.0,-87.75,bedroom_1
2017-04-13 14:52:04+00:00,-85.0,-89.75,-52.25,-64.25,-79.66666666666667,-76.75,-68.0,-120.0,-78.66666666666667,-72.2,-85.75,bedroom_1
2017-04-13 14:52:05+00:00,-84.75,-87.25,-50.6,-69.0,-88.4,-76.4,-66.2,-120.0,-70.0,-73.6,-90.33333333333333,bedroom_1
2017-04-13 14:52:06+00:00,-90.0,-89.33333333333333,-53.75,-71.5,-81.25,-73.8,-70.0,-120.0,-91.0,-77.0,-82.0,bedroom_1
2017-04-13 14:52:07+00:00,-94.0,-90.0,-60.0,-62.0,-75.5,-73.66666666666667,-68.66666666666667,-120.0,-76.0,-73.5,-78.75,bedroom_1
2017-04-13 14:52:08+00:00,-82.66666666666667,-93.66666666666667,-47.75,-70.75,-84.5,-77.66666666666667,-64.8,-120.0,-79.0,-76.75,-87.5,bedroom_1
2017-04-13 14:52:09+00:00,-84.5,-83.5,-38.0,-72.0,-78.0,-83.25,-65.0,-89.0,-84.5,-66.0,-81.66666666666667,bedroom_1
2017-04-13 14:52:10+00:00,-83.0,-93.33333333333333,-41.75,-71.25,-79.33333333333333,-79.5,-67.5,-120.0,-77.0,-73.5,-83.75,bedroom_1
2017-04-13 14:52:11+00:00,-81.0,-84.0,-46.0,-79.0,-75.75,-84.2,-62.5,-90.66666666666667,-71.66666666666667,-69.5,-82.5,bedroom_1
2017-04-13 14:52:12+00:00,-91.0,-97.0,-52.75,-69.8,-76.4,-66.5,-60.25,-120.0,-74.5,-65.5,-85.75,bedroom_1
2017-04-13 14:52:13+00:00,-86.5,-87.0,-44.333333333333336,-63.0,-82.75,-76.0,-67.5,-120.0,-74.0,-71.5,-79.0,bedroom_1
2017-04-13 14:52:14+00:00,-86.25,-92.2,-42.5,-62.5,-73.5,-65.8,-61.2,-120.0,-76.2,-77.33333333333333,-88.2,bedroom_1
2017-04-13 14:52:15+00:00,-87.25,-81.5,-45.5,-70.4,-75.75,-67.75,-67.5,-120.0,-82.0,-66.33333333333333,-88.25,bedroom_1
2017-04-13 14:52:16+00:00,-88.66666666666667,-90.0,-41.0,-72.75,-77.75,-62.75,-61.4,-120.0,-68.66666666666667,-75.5,-83.66666666666667,bedroom_1
2017-04-13 14:52:17+00:00,-88.66666666666667,-90.5,-42.0,-68.5,-74.0,-72.66666666666667,-68.33333333333333,-120.0,-80.5,-71.6,-84.0,bedroom_1
2017-04-13 14:52:18+00:00,-91.5,-85.5,-46.5,-68.4,-75.75,-65.0,-61.0,-120.0,-79.33333333333333,-69.33333333333333,-87.2,bedroom_1
2017-04-13 14:52:19+00:00,-83.5,-88.66666666666667,-48.666666666666664,-64.5,-82.2,-67.0,-62.0,-120.0,-72.66666666666667,-70.25,-83.5,bedroom_1
2017-04-13 14:52:20+00:00,-85.0,-87.33333333333333,-46.8,-64.0,-74.2,-68.75,-58.5,-120.0,-72.0,-68.33333333333333,-78.5,bedroom_1
2017-04-13 14:52:21+00:00,-91.4,-87.33333333333333,-47.0,-66.25,-78.75,-68.25,-57.75,-120.0,-75.66666666666667,-76.0,-90.25,bedroom_1
2017-04-13 14:52:22+00:00,-87.8,-89.0,-41.0,-66.4,-80.33333333333333,-71.5,-68.0,-120.0,-69.0,-70.5,-81.75,bedroom_1
2017-04-13 14:52:23+00:00,-95.25,-76.0,-46.25,-71.33333333333333,-74.66666666666667,-60.5,-59.2,-120.0,-73.75,-69.5,-85.33333333333333,bedroom_1
2017-04-13 14:52:24+00:00,-84.0,-91.33333333333333,-41.25,-64.25,-82.66666666666667,-62.5,-58.2,-120.0,-72.75,-74.0,-83.5,bedroom_1
2017-04-13 14:52:25+00:00,-88.0,-84.33333333333333,-41.0,-68.66666666666667,-81.25,-67.0,-65.0,-120.0,-78.6,-80.0,-85.0,bedroom_1
2017-04-13 14:52:26+00:00,-85.66666666666667,-88.0,-45.2,-66.0,-81.25,-64.33333333333333,-56.0,-120.0,-69.66666666666667,-69.66666666666667,-81.33333333333333,bedroom_1
2017-04-13 14:52:27+00:00,-94.0,-86.66666666666667,-47.4,-66.33333333333333,-76.5,-60.4,-56.4,-120.0,-71.75,-70.0,-88.0,bedroom_1
2017-04-13 14:52:28+00:00,-87.0,-86.0,-44.2,-66.0,-79.4,-70.0,-67.8,-120.0,-71.25,-68.6,-85.8,bedroom_1
2017-04-13 14:52:29+00:00,-93.25,-80.5,-38.0,-66.5,-81.2,-72.5,-62.75,-120.0,-68.0,-60.333333333333336,-85.0,bedroom_1
2017-04-13 14:52:30+00:00,-87.0,-89.25,-43.666666666666664,-68.2,-81.33333333333333,-60.0,-60.75,-120.0,-71.75,-67.8,-85.0,bedroom_1
2017-04-13 14:52:31+00:00,-84.0,-85.66666666666667,-43.0,-67.2,-77.75,-70.0,-60.0,-120.0,-71.0,-74.25,-85.75,bedroom_1
2017-04-13 14:52:32+00:00,-84.0,-80.0,-45.25,-66.0,-78.75,-65.66666666666667,-64.33333333333333,-120.0,-71.0,-73.4,-77.0,bedroom_1
2017-04-13 14:52:33+00:00,-120.0,-83.5,-36.333333333333336,-62.666666666666664,-80.5,-62.333333333333336,-61.666666666666664,-120.0,-80.66666666666667,-70.66666666666667,-80.5,bedroom_1
2017-04-13 14:52:34+00:00,-84.0,-89.5,-48.5,-63.6,-85.0,-66.5,-57.333333333333336,-120.0,-74.0,-72.0,-90.25,bedroom_1
2017-04-13 14:52:35+00:00,-83.8,-89.0,-46.333333333333336,-63.333333333333336,-80.0,-65.0,-59.666666666666664,-120.0,-74.33333333333333,-73.33333333333333,-85.5,bedroom_1
2017-04-13 14:52:36+00:00,-87.66666666666667,-83.5,-43.0,-70.66666666666667,-80.33333333333333,-75.33333333333333,-63.5,-120.0,-70.0,-65.25,-83.33333333333333,bedroom_1
2017-04-13 14:52:37+00:00,-88.0,-120.0,-45.75,-61.2,-88.5,-60.5,-61.2,-120.0,-73.0,-68.5,-85.0,bedroom_1
2017-04-13 14:52:38+00:00,-90.25,-86.8,-43.333333333333336,-66.75,-82.66666666666667,-59.666666666666664,-56.0,-120.0,-78.0,-64.0,-86.2,bedroom_1
2017-04-13 14:52:39+00:00,-86.4,-91.33333333333333,-43.6,-66.6,-79.25,-57.0,-59.0,-120.0,-81.0,-71.0,-82.33333333333333,bedroom_1
2017-04-13 14:52:40+00:00,-89.75,-94.33333333333333,-44.2,-65.25,-76.6,-70.0,-57.0,-120.0,-66.5,-61.0,-90.0,bedroom_1
2017-04-13 14:52:41+00:00,-88.4,-120.0,-37.8,-65.75,-80.2,-63.8,-66.0,-120.0,-77.5,-72.33333333333333,-88.2,bedroom_1
2017-04-13 14:52:42+00:00,-94.25,-86.0,-47.75,-64.0,-78.5,-62.8,-57.2,-120.0,-83.0,-74.0,-86.0,bedroom_1
2017-04-13 14:52:43+00:00,-86.0,-96.0,-41.0,-66.25,-79.6,-66.5,-64.25,-120.0,-75.25,-78.0,-84.0,bedroom_1
2017-04-13 14:52:44+00:00,-97.5,-83.0,-49.75,-67.0,-82.25,-63.0,-63.2,-120.0,-71.25,-75.5,-82.5,bedroom_1
2017-04-13 14:52:45+00:00,-89.0,-93.0,-51.8,-73.25,-80.5,-68.0,-65.4,-120.0,-74.0,-75.25,-84.2,bedroom_1
2017-04-13 14:52:46+00:00,-78.5,-80.5,-52.0,-72.33333333333333,-79.0,-67.75,-65.6,-120.0,-120.0,-63.333333333333336,-87.25,bedroom_1
2017-04-13 14:52:47+00:00,-92.5,-80.5,-57.2,-70.25,-81.0,-78.66666666666667,-64.5,-120.0,-75.0,-72.4,-83.66666666666667,bedroom_1
2017-04-13 14:52:48+00:00,-75.0,-84.33333333333333,-50.5,-74.0,-82.66666666666667,-82.75,-64.25,-120.0,-81.0,-71.0,-84.0,bedroom_1
2017-04-13 14:52:49+00:00,-84.0,-89.25,-44.25,-74.0,-85.8,-72.0,-64.0,-120.0,-81.5,-69.66666666666667,-79.25,bedroom_1
2017-04-13 14:52:50+00:00,-81.0,-86.8,-56.0,-76.0,-79.5,-80.0,-66.0,-120.0,-74.0,-69.2,-88.5,bedroom_1
2017-04-13 14:52:51+00:00,-79.66666666666667,-85.5,-49.333333333333336,-75.75,-83.66666666666667,-83.0,-66.4,-120.0,-81.5,-71.0,-84.4,bedroom_1
2017-04-13 14:52:52+00:00,-78.75,-89.0,-47.2,-69.0,-79.0,-78.0,-58.0,-120.0,-81.5,-76.25,-85.0,bedroom_1
2017-04-13 14:52:53+00:00,-86.0,-87.5,-50.4,-74.0,-87.25,-84.25,-71.75,-120.0,-72.0,-73.4,-81.75,bedroom_1
2017-04-13 14:52:54+00:00,-91.0,-95.0,-47.0,-73.2,-86.33333333333333,-79.0,-68.0,-120.0,-73.0,-72.0,-81.0,bedroom_1
2017-04-13 14:52:57+00:00,-80.0,-88.33333333333333,-43.5,-68.25,-78.25,-81.0,-70.75,-99.0,-68.66666666666667,-65.75,-94.0,bedroom_1
2017-04-13 14:52:58+00:00,-81.5,-120.0,-53.25,-77.0,-85.5,-81.2,-60.6,-90.0,-84.66666666666667,-55.5,-88.66666666666667,bedroom_1
2017-04-13 14:52:59+00:00,-83.4,-88.75,-56.25,-67.2,-93.5,-76.0,-59.0,-90.0,-70.75,-58.0,-93.25,bedroom_1
2017-04-13 14:53:00+00:00,-82.5,-85.0,-49.5,-73.8,-86.0,-80.5,-60.75,-120.0,-81.5,-56.75,-82.4,bedroom_1
2017-04-13 14:53:01+00:00,-86.33333333333333,-82.0,-53.25,-71.4,-81.2,-70.6,-55.8,-120.0,-120.0,-55.666666666666664,-80.25,bedroom_1
2017-04-13 14:53:02+00:00,-81.75,-83.0,-44.5,-69.0,-83.0,-76.6,-56.333333333333336,-94.0,-74.0,-56.5,-88.0,bedroom_1
2017-04-13 14:53:03+00:00,-84.0,-86.66666666666667,-52.25,-66.0,-82.4,-77.0,-63.0,-93.0,-77.33333333333333,-63.666666666666664,-88.5,bedroom_1
2017-04-13 14:53:05+00:00,-85.0,-82.0,-46.25,-77.5,-76.0,-83.0,-65.8,-100.0,-80.5,-60.5,-83.5,bedroom_1
2017-04-13 14:53:06+00:00,-87.0,-95.0,-48.75,-77.75,-80.66666666666667,-84.75,-62.0,-120.0,-66.5,-67.5,-76.33333333333333,bedroom_1
2017-04-13 14:53:07+00:00,-77.0,-92.25,-48.6,-74.6,-82.66666666666667,-78.66666666666667,-65.8,-89.0,-74.33333333333333,-66.0,-89.0,bedroom_1
2017-04-13 14:53:08+00:00,-87.0,-86.75,-59.25,-68.0,-73.66666666666667,-76.66666666666667,-72.0,-120.0,-73.0,-67.33333333333333,-78.5,bedroom_1
2017-04-13 14:53:09+00:00,-84.0,-80.5,-74.4,-68.33333333333333,-74.5,-83.66666666666667,-84.0,-120.0,-120.0,-79.5,-90.0,bedroom_1
2017-04-13 14:53:10+00:00,-88.0,-84.0,-61.0,-62.25,-69.0,-65.0,-76.0,-120.0,-81.0,-71.6,-84.0,bedroom_1
2017-04-13 14:53:11+00:00,-82.25,-82.25,-70.6,-52.0,-79.5,-75.66666666666667,-73.0,-120.0,-87.33333333333333,-78.5,-90.0,bedroom_1
2017-04-13 14:53:12+00:00,-82.66666666666667,-82.33333333333333,-77.0,-58.333333333333336,-79.0,-75.25,-78.5,-120.0,-76.5,-75.25,-87.25,bedroom_1
2017-04-13 14:53:13+00:00,-79.2,-84.8,-71.0,-72.0,-80.25,-68.0,-81.5,-95.0,-120.0,-69.75,-92.5,bedroom_1
2017-04-13 14:53:14+00:00,-70.0,-81.25,-71.0,-62.5,-77.33333333333333,-86.66666666666667,-76.75,-95.0,-88.0,-62.6,-88.5,bedroom_1
2017-04-13 14:53:15+00:00,-74.66666666666667,-80.66666666666667,-67.66666666666667,-67.25,-82.0,-74.0,-76.0,-120.0,-75.5,-72.0,-89.66666666666667,bedroom_1
2017-04-13 14:53:16+00:00,-62.666666666666664,-85.75,-68.0,-65.4,-79.0,-79.75,-74.75,-88.5,-83.25,-69.4,-86.33333333333333,bedroom_1
2017-04-13 14:53:17+00:00,-66.33333333333333,-86.75,-54.8,-70.0,-75.0,-77.75,-77.5,-88.33333333333333,-75.0,-61.8,-89.5,bedroom_1
2017-04-13 14:53:18+00:00,-60.5,-91.25,-61.4,-82.5,-85.33333333333333,-72.5,-77.0,-87.5,-80.66666666666667,-63.6,-87.0,hallway_upper
2017-04-13 14:53:19+00:00,-73.0,-88.5,-79.75,-75.8,-81.4,-78.0,-79.66666666666667,-79.0,-71.75,-58.5,-85.25,hallway_upper
2017-04-13 14:53:20+00:00,-73.66666666666667,-85.33333333333333,-75.0,-77.0,-83.66666666666667,-78.5,-79.75,-82.0,-71.33333333333333,-65.6,-78.0,hallway_upper
2017-04-13 14:53:21+00:00,-61.5,-76.8,-79.5,-81.75,-85.0,-84.4,-80.0,-85.6,-71.33333333333333,-56.333333333333336,-77.0,hallway_upper
2017-04-13 14:53:22+00:00,-64.4,-87.5,-89.66666666666667,-89.33333333333333,-120.0,-82.66666666666667,-83.66666666666667,-75.5,-75.33333333333333,-73.5,-67.0,hallway_upper
2017-04-13 14:53:23+00:00,-72.5,-86.0,-76.6,-88.5,-83.33333333333333,-82.0,-62.4,-85.0,-73.25,-74.5,-67.2,bedroom_2
2017-04-13 14:53:24+00:00,-80.5,-93.0,-81.33333333333333,-89.5,-83.5,-83.75,-66.0,-90.0,-73.75,-80.0,-67.0,bedroom_2
2017-04-13 14:53:25+00:00,-95.0,-85.4,-69.0,-90.0,-120.0,-80.66666666666667,-66.5,-83.0,-75.2,-84.0,-70.75,bedroom_2
2017-04-13 14:53:26+00:00,-86.0,-82.0,-66.8,-74.0,-86.66666666666667,-71.5,-46.75,-91.0,-59.666666666666664,-65.4,-81.4,bedroom_2
2017-04-13 14:53:27+00:00,-84.6,-89.33333333333333,-60.8,-67.0,-82.5,-79.66666666666667,-54.2,-91.66666666666667,-61.4,-70.25,-73.2,bedroom_2
2017-04-13 14:53:28+00:00,-73.33333333333333,-87.0,-68.25,-74.5,-83.5,-78.0,-45.333333333333336,-89.5,-62.5,-57.25,-75.75,bedroom_2
2017-04-13 14:53:29+00:00,-78.66666666666667,-85.0,-64.25,-80.2,-75.66666666666667,-79.25,-51.6,-83.25,-63.5,-66.25,-77.25,bedroom_2
2017-04-13 14:53:30+00:00,-85.0,-87.0,-74.75,-79.25,-79.0,-83.66666666666667,-60.4,-88.33333333333333,-70.8,-67.4,-76.75,bedroom_2
2017-04-13 14:53:31+00:00,-70.5,-88.0,-60.0,-76.5,-84.0,-80.25,-65.4,-88.6,-68.8,-66.5,-74.75,bedroom_2
2017-04-13 14:53:32+00:00,-77.5,-85.0,-74.5,-95.5,-88.33333333333333,-81.0,-72.0,-85.66666666666667,-72.4,-73.2,-79.75,hallway_upper
2017-04-13 14:53:33+00:00,-67.25,-70.66666666666667,-71.8,-84.0,-85.66666666666667,-80.4,-74.4,-86.4,-69.0,-58.666666666666664,-83.2,hallway_upper
2017-04-13 14:53:34+00:00,-72.4,-85.6,-74.66666666666667,-81.25,-75.0,-82.33333333333333,-70.33333333333333,-93.33333333333333,-58.0,-67.0,-75.5,hallway_upper
2017-04-13 14:53:35+00:00,-65.33333333333333,-89.5,-79.2,-95.0,-90.33333333333333,-84.25,-66.6,-81.25,-79.0,-67.66666666666667,-80.25,stairs
2017-04-13 14:53:36+00:00,-58.75,-83.75,-71.0,-84.33333333333333,-83.33333333333333,-84.6,-73.8,-82.66666666666667,-77.0,-69.33333333333333,-82.33333333333333,stairs
2017-04-13 14:53:37+00:00,-66.5,-90.0,-83.0,-81.75,-84.33333333333333,-88.0,-70.8,-88.2,-88.33333333333333,-70.0,-84.75,stairs
2017-04-13 14:53:38+00:00,-59.0,-86.75,-75.25,-85.0,-83.33333333333333,-80.75,-68.5,-80.75,-81.33333333333333,-62.5,-79.4,stairs
2017-04-13 14:53:39+00:00,-56.8,-91.2,-83.0,-87.0,-82.5,-87.0,-77.0,-77.5,-73.6,-64.25,-78.8,stairs
2017-04-13 14:53:40+00:00,-61.2,-81.0,-75.25,-81.66666666666667,-86.66666666666667,-87.66666666666667,-77.33333333333333,-89.0,-82.0,-65.75,-77.0,stairs
2017-04-13 14:53:41+00:00,-80.0,-79.0,-78.75,-72.0,-72.0,-74.6,-73.0,-86.0,-55.0,-60.5,-72.8,stairs
2017-04-13 14:53:42+00:00,-86.33333333333333,-77.5,-80.25,-76.0,-71.33333333333333,-85.5,-79.33333333333333,-82.5,-61.5,-71.75,-70.66666666666667,stairs
2017-04-13 14:53:43+00:00,-78.75,-85.0,-77.0,-72.0,-73.6,-75.0,-72.8,-80.0,-62.8,-71.0,-70.75,stairs
2017-04-13 14:53:44+00:00,-78.2,-76.75,-79.4,-70.0,-73.4,-76.0,-71.25,-83.25,-64.66666666666667,-65.75,-73.0,stairs
2017-04-13 14:53:45+00:00,-76.0,-74.2,-76.8,-73.66666666666667,-73.75,-88.0,-76.0,-84.0,-64.5,-70.0,-67.75,stairs
2017-04-13 14:53:46+00:00,-78.0,-76.0,-75.0,-76.0,-72.5,-82.5,-76.75,-82.0,-56.0,-67.5,-70.75,hallway_lower
2017-04-13 14:53:47+00:00,-83.75,-69.4,-76.0,-77.0,-68.2,-75.0,-79.25,-86.0,-68.66666666666667,-83.0,-70.66666666666667,hallway_lower
2017-04-13 14:53:48+00:00,-70.66666666666667,-78.4,-77.0,-70.25,-77.66666666666667,-74.33333333333333,-68.6,-76.0,-63.2,-62.6,-75.66666666666667,living_area_A
2017-04-13 14:53:49+00:00,-83.75,-81.0,-83.66666666666667,-82.0,-77.4,-84.2,-80.4,-73.8,-60.666666666666664,-84.8,-66.25,living_area_A
2017-04-13 14:53:50+00:00,-78.5,-83.0,-75.0,-82.0,-73.5,-76.33333333333333,-70.0,-73.66666666666667,-65.0,-83.8,-64.4,living_area_A
2017-04-13 14:53:51+00:00,-69.66666666666667,-95.5,-76.0,-88.0,-78.2,-84.75,-80.2,-73.5,-63.333333333333336,-84.0,-68.0,living_area_A
2017-04-13 14:53:52+00:00,-72.5,-85.0,-78.0,-81.0,-79.0,-75.0,-81.0,-69.0,-94.0,-81.33333333333333,-72.25,living_area_A
2017-04-13 14:53:53+00:00,-70.66666666666667,-120.0,-88.5,-83.33333333333333,-72.25,-85.0,-88.5,-77.33333333333333,-56.0,-90.33333333333333,-78.5,kitchen
2017-04-13 14:53:54+00:00,-70.75,-120.0,-120.0,-91.66666666666667,-81.33333333333333,-77.75,-88.0,-63.75,-74.0,-84.5,-85.0,kitchen
2017-04-13 14:53:55+00:00,-79.33333333333333,-120.0,-86.0,-92.66666666666667,-92.33333333333333,-87.0,-88.0,-67.2,-72.0,-87.25,-93.0,kitchen
2017-04-13 14:53:56+00:00,-86.4,-120.0,-120.0,-120.0,-94.0,-85.0,-91.0,-68.25,-78.0,-120.0,-87.25,kitchen
2017-04-13 14:54:00+00:00,-120.0,-120.0,-87.5,-120.0,-120.0,-81.33333333333333,-82.5,-75.0,-70.0,-85.0,-85.0,outside
2017-04-13 14:54:02+00:00,-76.0,-120.0,-91.5,-90.0,-87.66666666666667,-84.66666666666667,-93.0,-75.5,-84.66666666666667,-92.0,-82.0,outside
2017-04-13 14:54:03+00:00,-78.0,-85.0,-85.0,-86.5,-86.0,-88.25,-85.0,-74.0,-81.66666666666667,-98.0,-89.33333333333333,outside
2017-04-13 14:54:04+00:00,-87.5,-120.0,-79.0,-88.0,-80.25,-85.0,-83.33333333333333,-70.0,-76.0,-87.0,-79.33333333333333,outside
2017-04-13 14:54:05+00:00,-86.0,-120.0,-96.5,-90.0,-84.33333333333333,-91.0,-89.66666666666667,-68.0,-75.66666666666667,-89.0,-82.66666666666667,outside
2017-04-13 14:54:06+00:00,-82.5,-120.0,-100.0,-88.5,-81.0,-87.0,-85.33333333333333,-81.5,-82.5,-120.0,-88.33333333333333,outside
2017-04-13 14:54:09+00:00,-78.0,-97.0,-85.33333333333333,-88.0,-89.0,-93.0,-75.0,-62.2,-68.0,-84.5,-85.5,outside
2017-04-13 14:54:10+00:00,-87.0,-87.0,-120.0,-120.0,-92.5,-86.0,-88.25,-66.75,-74.0,-93.5,-83.0,outside
2017-04-13 14:54:11+00:00,-99.0,-120.0,-91.5,-89.0,-120.0,-86.75,-88.2,-68.2,-78.66666666666667,-87.0,-85.75,outside
2017-04-13 14:54:13+00:00,-84.66666666666667,-120.0,-91.5,-120.0,-90.0,-84.0,-75.75,-64.6,-75.5,-94.0,-82.0,kitchen
2017-04-13 14:54:14+00:00,-78.0,-89.0,-120.0,-87.0,-80.5,-82.0,-120.0,-54.0,-83.0,-120.0,-85.4,kitchen
2017-04-13 14:54:15+00:00,-80.66666666666667,-120.0,-120.0,-120.0,-83.5,-87.5,-87.5,-71.66666666666667,-77.0,-120.0,-90.0,kitchen
2017-04-13 14:54:16+00:00,-81.0,-120.0,-120.0,-120.0,-86.0,-86.0,-83.0,-76.6,-83.5,-120.0,-94.5,kitchen
2017-04-13 14:54:17+00:00,-84.66666666666667,-120.0,-120.0,-84.0,-82.33333333333333,-87.5,-120.0,-69.0,-92.0,-89.0,-100.0,kitchen
2017-04-13 14:54:18+00:00,-69.66666666666667,-82.0,-89.0,-87.0,-81.6,-74.0,-78.0,-55.0,-67.33333333333333,-82.5,-75.0,kitchen
2017-04-13 14:54:19+00:00,-71.2,-120.0,-88.0,-90.66666666666667,-72.66666666666667,-83.0,-85.66666666666667,-63.666666666666664,-77.25,-83.2,-84.6,kitchen
2017-04-13 14:54:20+00:00,-78.0,-89.0,-120.0,-120.0,-86.25,-93.0,-120.0,-67.0,-80.25,-88.0,-90.33333333333333,kitchen
2017-04-13 14:54:21+00:00,-82.0,-120.0,-120.0,-85.5,-86.66666666666667,-120.0,-98.0,-67.33333333333333,-77.5,-96.5,-91.5,kitchen
2017-04-13 14:54:22+00:00,-74.33333333333333,-120.0,-87.5,-87.0,-74.75,-76.0,-81.5,-50.75,-69.66666666666667,-86.0,-77.33333333333333,kitchen
2017-04-13 14:54:23+00:00,-72.8,-90.4,-76.5,-80.5,-81.25,-79.25,-84.0,-47.0,-72.25,-80.75,-72.0,kitchen
2017-04-13 14:54:24+00:00,-68.75,-85.33333333333333,-90.5,-87.66666666666667,-85.25,-84.2,-91.0,-49.0,-70.66666666666667,-85.0,-78.0,kitchen
2017-04-13 14:54:25+00:00,-75.25,-84.0,-88.0,-120.0,-87.33333333333333,-90.25,-96.33333333333333,-55.4,-80.5,-89.0,-78.6,kitchen
2017-04-13 14:54:26+00:00,-72.0,-93.0,-120.0,-82.0,-89.2,-84.33333333333333,-86.5,-52.4,-79.0,-85.0,-78.0,kitchen
2017-04-13 14:54:27+00:00,-64.33333333333333,-99.0,-91.0,-86.0,-82.33333333333333,-81.75,-93.0,-46.6,-71.0,-102.0,-73.0,kitchen
2017-04-13 14:54:28+00:00,-68.0,-120.0,-87.0,-86.0,-94.33333333333333,-84.0,-87.5,-48.75,-71.0,-90.33333333333333,-67.4,kitchen
2017-04-13 14:54:29+00:00,-68.66666666666667,-83.0,-90.0,-120.0,-92.0,-80.5,-87.5,-45.2,-68.25,-96.5,-78.2,kitchen
2017-04-13 14:54:30+00:00,-63.5,-84.0,-92.0,-120.0,-75.0,-81.2,-89.0,-40.5,-82.0,-93.0,-73.8,kitchen
2017-04-13 14:54:31+00:00,-70.0,-85.0,-82.0,-88.0,-79.66666666666667,-83.2,-86.25,-46.4,-77.33333333333333,-88.66666666666667,-78.66666666666667,kitchen
2017-04-13 14:54:32+00:00,-63.8,-88.0,-120.0,-92.0,-81.25,-86.25,-81.0,-53.2,-83.5,-84.33333333333333,-80.2,kitchen
2017-04-13 14:54:33+00:00,-60.0,-120.0,-100.0,-86.0,-80.75,-91.0,-84.0,-61.25,-76.33333333333333,-89.0,-78.25,kitchen
2017-04-13 14:54:35+00:00,-90.5,-86.0,-120.0,-120.0,-88.66666666666667,-120.0,-120.0,-57.0,-79.0,-120.0,-86.33333333333333,kitchen
2017-04-13 14:54:39+00:00,-120.0,-99.5,-88.0,-90.5,-86.0,-87.0,-84.0,-66.0,-85.0,-94.0,-78.33333333333333,kitchen
2017-04-13 14:54:40+00:00,-79.33333333333333,-101.0,-120.0,-88.33333333333333,-85.66666666666667,-93.0,-91.0,-70.25,-81.0,-87.0,-120.0,kitchen
2017-04-13 14:54:41+00:00,-81.66666666666667,-120.0,-94.0,-120.0,-82.75,-91.0,-120.0,-58.75,-83.0,-89.5,-93.0,kitchen
2017-04-13 14:54:42+00:00,-68.0,-89.25,-92.0,-79.5,-77.66666666666667,-79.66666666666667,-79.0,-53.0,-65.5,-78.0,-76.0,kitchen
2017-04-13 14:54:43+00:00,-69.5,-92.0,-86.0,-79.0,-79.5,-83.0,-82.5,-64.0,-79.0,-85.0,-81.25,kitchen
2017-04-13 14:54:44+00:00,-77.75,-89.0,-120.0,-120.0,-81.25,-86.0,-120.0,-68.33333333333333,-86.0,-87.0,-88.2,kitchen
2017-04-13 14:54:45+00:00,-83.25,-120.0,-120.0,-120.0,-83.33333333333333,-120.0,-120.0,-71.0,-84.33333333333333,-94.5,-87.0,kitchen
2017-04-13 14:54:46+00:00,-68.33333333333333,-86.0,-85.0,-91.33333333333333,-89.75,-85.0,-101.0,-65.33333333333333,-72.66666666666667,-85.5,-91.0,kitchen
2017-04-13 14:54:47+00:00,-68.2,-120.0,-90.0,-97.0,-78.75,-88.33333333333333,-120.0,-60.25,-77.33333333333333,-92.0,-84.6,kitchen
2017-04-13 14:54:48+00:00,-71.5,-93.33333333333333,-80.0,-85.66666666666667,-77.5,-77.4,-92.0,-52.2,-72.0,-87.33333333333333,-69.0,kitchen
2017-04-13 14:54:49+00:00,-71.5,-90.0,-83.5,-87.0,-83.5,-73.25,-83.5,-53.5,-67.75,-84.5,-81.5,kitchen
2017-04-13 14:54:50+00:00,-79.0,-83.0,-77.0,-81.33333333333333,-76.8,-71.33333333333333,-84.0,-54.25,-81.5,-80.0,-77.0,living_area_A
2017-04-13 14:54:51+00:00,-73.5,-79.0,-83.25,-75.2,-72.66666666666667,-77.75,-71.4,-77.2,-56.0,-82.25,-62.4,living_area_A
2017-04-13 14:54:52+00:00,-79.75,-88.0,-79.5,-82.5,-78.25,-76.0,-75.0,-77.5,-66.8,-83.4,-62.6,living_area_A
2017-04-13 14:54:53+00:00,-88.0,-83.0,-71.4,-79.2,-68.5,-69.25,-69.8,-82.5,-69.0,-74.25,-62.2,living_area_A
2017-04-13 14:54:54+00:00,-120.0,-86.33333333333333,-66.75,-71.2,-74.8,-73.6,-67.4,-82.0,-50.25,-69.5,-71.25,living_area_A
2017-04-13 14:54:55+00:00,-92.0,-83.66666666666667,-65.5,-56.2,-61.4,-60.5,-68.66666666666667,-87.5,-56.25,-79.25,-76.0,living_area_A
2017-04-13 14:54:56+00:00,-88.0,-67.66666666666667,-67.33333333333333,-51.0,-58.75,-65.33333333333333,-70.75,-92.33333333333333,-75.66666666666667,-85.0,-79.0,living_area_B
2017-04-13 14:54:57+00:00,-120.0,-78.0,-70.0,-64.33333333333333,-62.8,-60.4,-81.2,-87.5,-76.0,-85.5,-79.8,living_area_B
2017-04-13 14:54:58+00:00,-84.0,-76.0,-71.4,-59.666666666666664,-56.75,-60.6,-79.4,-92.5,-62.0,-89.5,-82.5,living_area_B
2017-04-13 14:54:59+00:00,-96.0,-79.0,-79.33333333333333,-62.0,-58.75,-63.0,-78.0,-84.5,-61.25,-93.0,-85.0,living_area_B
2017-04-13 14:55:00+00:00,-83.0,-79.66666666666667,-65.75,-60.2,-47.75,-62.25,-80.33333333333333,-87.25,-67.25,-80.66666666666667,-83.4,living_area_B
2017-04-13 14:55:01+00:00,-87.25,-86.25,-77.25,-64.2,-55.0,-63.5,-68.0,-83.5,-67.5,-81.0,-77.25,living_area_B
2017-04-13 14:55:02+00:00,-88.0,-79.0,-55.5,-64.5,-72.0,-64.0,-65.6,-78.2,-55.25,-76.0,-65.8,living_area_B
2017-04-13 14:55:03+00:00,-83.6,-73.4,-60.0,-67.2,-60.4,-71.75,-75.4,-72.33333333333333,-61.2,-71.8,-64.75,living_area_B
2017-04-13 14:55:04+00:00,-87.0,-73.0,-64.4,-75.75,-65.6,-66.5,-67.0,-77.66666666666667,-67.5,-72.0,-60.25,living_area_B
2017-04-13 14:55:05+00:00,-79.4,-69.5,-60.75,-78.0,-72.0,-66.75,-68.5,-83.75,-65.75,-75.6,-65.25,living_area_B
2017-04-13 14:55:06+00:00,-80.25,-73.8,-56.333333333333336,-79.33333333333333,-77.5,-63.0,-65.75,-76.75,-52.5,-70.5,-65.25,living_area_B
2017-04-13 14:55:07+00:00,-90.0,-71.66666666666667,-67.8,-79.5,-70.0,-66.2,-69.5,-78.25,-73.0,-73.66666666666667,-64.0,living_area_B
2017-04-13 14:55:08+00:00,-89.66666666666667,-64.75,-74.0,-77.0,-59.0,-55.0,-90.5,-78.0,-69.0,-79.33333333333333,-90.5,living_area_B
2017-04-13 14:55:09+00:00,-84.5,-65.0,-74.66666666666667,-78.0,-77.0,-51.0,-81.5,-78.66666666666667,-65.0,-68.8,-75.0,living_area_A
2017-04-13 14:55:10+00:00,-79.4,-80.2,-86.0,-85.0,-69.75,-78.25,-80.75,-77.5,-60.0,-72.25,-64.0,living_area_A
2017-04-13 14:55:11+00:00,-76.33333333333333,-91.66666666666667,-80.5,-80.4,-71.75,-80.6,-71.75,-77.0,-60.0,-83.75,-63.0,living_area_A
2017-04-13 14:55:12+00:00,-90.0,-79.0,-77.75,-74.25,-79.0,-69.25,-68.5,-78.0,-62.75,-73.33333333333333,-59.5,living_area_A
2017-04-13 14:55:13+00:00,-79.5,-80.33333333333333,-82.0,-91.0,-79.25,-79.0,-63.666666666666664,-79.2,-55.5,-89.0,-59.333333333333336,living_area_A
2017-04-13 14:55:14+00:00,-92.33333333333333,-82.25,-93.0,-85.0,-85.66666666666667,-74.25,-75.0,-82.33333333333333,-51.75,-89.33333333333333,-57.5,living_area_A
2017-04-13 14:55:15+00:00,-94.0,-78.75,-84.5,-71.25,-79.75,-73.5,-67.5,-75.75,-50.6,-93.5,-54.5,living_area_A
2017-04-13 14:55:16+00:00,-85.0,-88.5,-87.0,-71.0,-78.5,-77.5,-66.0,-85.5,-58.75,-86.66666666666667,-56.0,living_area_A
2017-04-13 14:55:17+00:00,-84.0,-85.5,-88.0,-75.6,-78.66666666666667,-81.0,-66.75,-83.25,-52.4,-95.0,-58.0,living_area_A
2017-04-13 14:55:18+00:00,-84.0,-83.0,-82.33333333333333,-76.0,-74.0,-76.5,-69.25,-77.2,-50.0,-91.66666666666667,-59.5,living_area_A
2017-04-13 14:55:19+00:00,-93.5,-78.5,-96.0,-76.25,-80.5,-76.25,-67.66666666666667,-79.25,-47.6,-91.25,-57.0,living_area_A
2017-04-13 14:55:20+00:00,-84.6,-81.5,-85.2,-74.75,-79.0,-74.66666666666667,-64.0,-82.0,-42.0,-91.25,-49.25,living_area_A
2017-04-13 14:55:21+00:00,-89.0,-86.0,-86.25,-70.33333333333333,-79.0,-80.75,-69.75,-79.0,-56.75,-91.0,-55.6,living_area_A
2017-04-13 14:55:22+00:00,-86.2,-84.4,-80.4,-77.0,-82.5,-82.25,-66.0,-77.8,-53.5,-96.0,-55.6,living_area_A
2017-04-13 14:55:23+00:00,-92.0,-82.33333333333333,-82.75,-73.5,-76.0,-77.75,-67.5,-82.0,-66.66666666666667,-88.0,-53.0,living_area_A
2017-04-13 14:55:24+00:00,-90.0,-81.66666666666667,-84.75,-83.0,-96.0,-80.2,-68.75,-75.25,-54.5,-101.0,-53.75,living_area_A
2017-04-13 14:55:25+00:00,-83.66666666666667,-83.0,-82.0,-79.75,-76.66666666666667,-80.66666666666667,-64.5,-81.2,-43.0,-120.0,-58.75,living_area_A
2017-04-13 14:55:26+00:00,-85.75,-83.0,-79.0,-78.25,-120.0,-80.0,-64.0,-75.75,-54.666666666666664,-120.0,-52.4,living_area_A
2017-04-13 14:55:27+00:00,-83.0,-85.0,-87.0,-74.25,-79.0,-76.25,-72.75,-82.75,-58.0,-120.0,-54.75,living_area_A
2017-04-13 14:55:28+00:00,-84.5,-87.25,-86.0,-71.33333333333333,-73.0,-75.5,-69.66666666666667,-79.25,-63.0,-89.0,-62.0,living_area_A
2017-04-13 14:55:29+00:00,-86.25,-83.5,-85.25,-77.25,-81.75,-75.0,-65.4,-72.66666666666667,-62.0,-120.0,-54.25,living_area_A
2017-04-13 14:55:30+00:00,-83.33333333333333,-82.25,-72.0,-70.66666666666667,-77.0,-82.75,-65.0,-75.0,-54.333333333333336,-87.0,-57.5,living_area_A
2017-04-13 14:55:31+00:00,-89.0,-87.5,-81.0,-80.5,-75.33333333333333,-79.0,-67.0,-82.25,-48.75,-84.5,-51.333333333333336,living_area_A
2017-04-13 14:55:32+00:00,-88.5,-78.0,-78.33333333333333,-80.2,-76.25,-83.0,-76.0,-74.8,-54.666666666666664,-120.0,-55.5,living_area_A
2017-04-13 14:55:33+00:00,-88.0,-80.5,-78.0,-75.0,-79.66666666666667,-78.0,-86.0,-77.75,-53.75,-82.66666666666667,-48.5,living_area_A
2017-04-13 14:55:34+00:00,-82.0,-76.5,-75.75,-83.75,-74.5,-84.0,-70.75,-71.0,-57.0,-80.25,-52.8,living_area_A
2017-04-13 14:55:35+00:00,-87.0,-80.0,-78.5,-86.0,-75.0,-79.0,-76.0,-72.66666666666667,-72.66666666666667,-76.0,-51.0,living_area_A
2017-04-13 14:55:36+00:00,-83.5,-88.25,-78.25,-83.33333333333333,-72.0,-75.25,-78.33333333333333,-75.6,-63.6,-82.4,-57.0,living_area_A
2017-04-13 14:55:37+00:00,-90.0,-89.6,-88.75,-78.2,-80.25,-73.5,-71.8,-75.5,-55.5,-81.0,-55.0,living_area_A
